dataset,model,test_size,n_classes,true_brier,true_l1,true_l2,KDE-ECE_brier_draw0,KDE-ECE_brier_draw0_unclipped,KDE-ECE_brier_draw1,KDE-ECE_brier_draw1_unclipped,KDE-ECE_brier_draw2,KDE-ECE_brier_draw2_unclipped,KDE-ECE_brier,KDE-ECE_brier_unclipped,KDE-ECE_l1_draw0,KDE-ECE_l1_draw0_unclipped,KDE-ECE_l1_draw1,KDE-ECE_l1_draw1_unclipped,KDE-ECE_l1_draw2,KDE-ECE_l1_draw2_unclipped,KDE-ECE_l1,KDE-ECE_l1_unclipped,KDE-ECE_l2_draw0,KDE-ECE_l2_draw0_unclipped,KDE-ECE_l2_draw1,KDE-ECE_l2_draw1_unclipped,KDE-ECE_l2_draw2,KDE-ECE_l2_draw2_unclipped,KDE-ECE_l2,KDE-ECE_l2_unclipped,KDE-ECE_time
Diabetes130US,CatBoost,10177,3,0.0016086395196506246,0.05733175133226558,0.03656954341112219,0.003508293825841737,0.003508293825841737,0.003266347721884946,0.003266347721884946,0.003908036599325456,0.003908036599325456,0.0035608927156840463,0.0035608927156840463,0.07052187089390309,0.07052187089390309,0.0687195519396984,0.0687195519396984,0.07420220941279738,0.07420220941279738,0.0711478774154663,0.0711478774154663,0.04504947730075457,0.04504947730075457,0.0442532142981012,0.0442532142981012,0.04742612112798771,0.04742612112798771,0.04557627090894783,0.04557627090894783,0.3283781526661187
Diabetes130US,ExtraTrees,10177,3,0.003548031191907819,0.08519960534726378,0.05444837368851004,0.006170550319778114,0.006170550319778114,0.005860294021067286,0.005860294021067286,0.006032447564489555,0.006032447564489555,0.006021097301778318,0.006021097301778318,0.09964299137570129,0.09964299137570129,0.09760299443047629,0.09760299443047629,0.0963852765405513,0.0963852765405513,0.09787708744890962,0.09787708744890962,0.06384414985986209,0.06384414985986209,0.06275608855604091,0.06275608855604091,0.061917537972282166,0.061917537972282166,0.06283925879606173,0.06283925879606173,0.323007722334296
Diabetes130US,LightGBM,10177,3,0.0016027445670819015,0.055730741722379774,0.03604141421709866,0.00389979168630863,0.00389979168630863,0.003539076579940901,0.003539076579940901,0.003826981336958448,0.003826981336958448,0.003755283201069326,0.003755283201069326,0.06982337065729113,0.06982337065729113,0.07002314828958804,0.07002314828958804,0.07129309287015052,0.07129309287015052,0.07037987060567656,0.07037987060567656,0.04483538864674586,0.04483538864674586,0.04505412822404457,0.04505412822404457,0.04581814594883718,0.04581814594883718,0.04523588760654254,0.04523588760654254,0.3638344583329551
Diabetes130US,LinearModel,10177,3,0.002149691995999166,0.052393972870647884,0.03394398822824026,0.004357366830671561,0.004357366830671561,0.004728260636304739,0.004728260636304739,0.0041985524613042365,0.0041985524613042365,0.004428059976093512,0.004428059976093512,0.06986363980668789,0.06986363980668789,0.07393534812652702,0.07393534812652702,0.06640211933495858,0.06640211933495858,0.07006703575605783,0.07006703575605783,0.04525614386656507,0.04525614386656507,0.047414600679967604,0.047414600679967604,0.04295918632314133,0.04295918632314133,0.045209976956558005,0.045209976956558005,0.3446852776663339
Diabetes130US,NeuralNetFastAI,10177,3,0.0016481854562203908,0.05695356242020088,0.03636952127109828,0.003973990971219331,0.003973990971219331,0.005013633830053747,0.005013633830053747,0.0051752729689830655,0.0051752729689830655,0.0047209659234187145,0.0047209659234187145,0.07127537057196508,0.07127537057196508,0.0783711305290102,0.0783711305290102,0.07676424784713703,0.07676424784713703,0.07547024964937077,0.07547024964937077,0.04586995618287762,0.04586995618287762,0.050454959493477156,0.050454959493477156,0.049207762493538254,0.049207762493538254,0.04851089272329767,0.04851089272329767,0.34710711099978653
Diabetes130US,NeuralNetTorch,10177,3,0.0011759317898800547,0.050708863385009975,0.03194255125827821,0.003192035598914719,0.003192035598914719,0.003083078724959687,0.003083078724959687,0.004622461815110798,0.004622461815110798,0.003632525379661735,0.003632525379661735,0.06940925562939562,0.06940925562939562,0.0694224215258701,0.0694224215258701,0.07510743014784017,0.07510743014784017,0.07131303576770197,0.07131303576770197,0.04466653941240376,0.04466653941240376,0.0442997079259607,0.0442997079259607,0.0481739506533055,0.0481739506533055,0.04571339933055665,0.04571339933055665,0.3453717499990792
Diabetes130US,RandomForest,10177,3,0.002665146142226344,0.07671693249991687,0.04834042504195794,0.0055576963547153664,0.0055576963547153664,0.004387253401172908,0.004387253401172908,0.005579055498037414,0.005579055498037414,0.0051746684179752285,0.0051746684179752285,0.09451330291312407,0.09451330291312407,0.08447883888932282,0.08447883888932282,0.09565616940709251,0.09565616940709251,0.09154943706984646,0.09154943706984646,0.059774001388706845,0.059774001388706845,0.053697284855794426,0.053697284855794426,0.06142427872777703,0.06142427872777703,0.058298521657426106,0.058298521657426106,0.3411046806662246
Diabetes130US,XGBoost,10177,3,0.001967571817568942,0.06423117164511656,0.041152343651050104,0.004978670377881854,0.004978670377881854,0.004030070379208378,0.004030070379208378,0.004742468284766072,0.004742468284766072,0.0045837363472854345,0.0045837363472854345,0.08353646204868405,0.08353646204868405,0.07848603490220295,0.07848603490220295,0.08189032310914056,0.08189032310914056,0.08130427335334252,0.08130427335334252,0.05343725393069708,0.05343725393069708,0.05028441952961973,0.05028441952961973,0.05220335949584072,0.05220335949584072,0.05197501098538584,0.05197501098538584,0.3322588750003585
GesturePhaseSegmentationProcessed,CatBoost,988,5,0.0071668965344737845,0.10136794115145573,0.060671430553177176,0.14407860510901357,0.14407860510901357,0.14049070846106224,0.14049070846106224,0.14820570159757004,0.14820570159757004,0.14425833838921528,0.14425833838921528,0.4602046287954355,0.4602046287954355,0.45689161052152033,0.45689161052152033,0.46440924104310133,0.46440924104310133,0.4605018267866858,0.4605018267866858,0.2803220389828888,0.2803220389828888,0.27756557493299433,0.27756557493299433,0.28153501333713193,0.28153501333713193,0.2798075424176717,0.2798075424176717,0.04196306966696284
GesturePhaseSegmentationProcessed,ExtraTrees,988,5,0.06162996186083821,0.38642976097806614,0.22302738728114585,0.08643697026575266,0.08643697026575266,0.08819676244450639,0.08819676244450639,0.08643307210347367,0.08643307210347367,0.08702226827124425,0.08702226827124425,0.46093160901399804,0.46093160901399804,0.46409126965493624,0.46409126965493624,0.45944203162275676,0.45944203162275676,0.4614883034305637,0.4614883034305637,0.26415471154436015,0.26415471154436015,0.2655860739538603,0.2655860739538603,0.2642685080809006,0.2642685080809006,0.26466976452637364,0.26466976452637364,0.040144263999536633
GesturePhaseSegmentationProcessed,LightGBM,988,5,0.014010699391688738,0.1417867914176726,0.08536326801701195,0.13622369519371966,0.13622369519371966,0.14364188986259221,0.14364188986259221,0.1450833642116966,0.1450833642116966,0.14164964975600283,0.14164964975600283,0.44939542643736485,0.44939542643736485,0.4595861426030628,0.4595861426030628,0.46265968154175274,0.46265968154175274,0.45721375019406013,0.45721375019406013,0.26913163041523885,0.26913163041523885,0.27780790641253006,0.27780790641253006,0.2786893127747071,0.2786893127747071,0.2752096165341587,0.2752096165341587,0.03977568066693493
GesturePhaseSegmentationProcessed,LinearModel,988,5,0.036262875774159244,0.26025479376216326,0.14945089609966328,0.08025759118018491,0.08025759118018491,0.08432455638839716,0.08432455638839716,0.08224907745204779,0.08224907745204779,0.08227707500687663,0.08227707500687663,0.4140086911084701,0.4140086911084701,0.41592520905864244,0.41592520905864244,0.41340810078333967,0.41340810078333967,0.4144473336501508,0.4144473336501508,0.23406261061278746,0.23406261061278746,0.23516480807924578,0.23516480807924578,0.23326782938454016,0.23326782938454016,0.23416508269219113,0.23416508269219113,0.04080418066587299
GesturePhaseSegmentationProcessed,NeuralNetFastAI,988,5,0.006906013966221273,0.11322902470226533,0.06562246978647254,0.09299892825223545,0.09299892825223545,0.0919798953125064,0.0919798953125064,0.09638341671522137,0.09638341671522137,0.0937874134266544,0.0937874134266544,0.4236174745281893,0.4236174745281893,0.40574008192000566,0.40574008192000566,0.42298316644633605,0.42298316644633605,0.4174469076315104,0.4174469076315104,0.24586034053168454,0.24586034053168454,0.2357355284399343,0.2357355284399343,0.24494010889057108,0.24494010889057108,0.24217865928739665,0.24217865928739665,0.04984959733337746
GesturePhaseSegmentationProcessed,NeuralNetTorch,988,5,0.0018030478356820577,0.06313178062008257,0.03635655897692895,0.09082503597819398,0.09082503597819398,0.08857375751249513,0.08857375751249513,0.0821199212294604,0.0821199212294604,0.08717290490671649,0.08717290490671649,0.4154975031980695,0.4154975031980695,0.4137113912972296,0.4137113912972296,0.40124222451356506,0.40124222451356506,0.4101503730029547,0.4101503730029547,0.24132800526428683,0.24132800526428683,0.23958986220958728,0.23958986220958728,0.2325798980473611,0.2325798980473611,0.23783258850707842,0.23783258850707842,0.041846222332727244
GesturePhaseSegmentationProcessed,RandomForest,988,5,0.04442749298032476,0.3237571456269545,0.18541876920669065,0.0824440732686397,0.0824440732686397,0.07939484195635442,0.07939484195635442,0.08176251996519439,0.08176251996519439,0.0812004783967295,0.0812004783967295,0.44049115810579054,0.44049115810579054,0.4323590295284632,0.4323590295284632,0.43685598147785254,0.43685598147785254,0.43656872303736877,0.43656872303736877,0.25127913411463165,0.25127913411463165,0.2478703279138425,0.2478703279138425,0.2510539032430495,0.2510539032430495,0.2500677884238412,0.2500677884238412,0.0431588889999451
GesturePhaseSegmentationProcessed,XGBoost,988,5,0.015086708835272444,0.14883599315146373,0.09029044301814813,0.13618235105176937,0.13618235105176937,0.14408604283439844,0.14408604283439844,0.14029605310632962,0.14029605310632962,0.14018814899749912,0.14018814899749912,0.4477923683801594,0.4477923683801594,0.4609805543530637,0.4609805543530637,0.44150914204427133,0.44150914204427133,0.4500940215924982,0.4500940215924982,0.2701723721806023,0.2701723721806023,0.28042688491770107,0.28042688491770107,0.26629628279038614,0.26629628279038614,0.27229851329622984,0.27229851329622984,0.04546333333322158
Indian_pines,CatBoost,915,8,0.0049242090128783465,0.04483090896832079,0.030277541065110793,0.019930816640506013,0.019930816640506013,0.025078166395003477,0.025078166395003477,0.02635970467688182,0.02635970467688182,0.0237895625707971,0.0237895625707971,0.08850922305470348,0.08850922305470348,0.10001305060556745,0.10001305060556745,0.09692877325024761,0.09692877325024761,0.09515034897017284,0.09515034897017284,0.06121575814254459,0.06121575814254459,0.06926584611996743,0.06926584611996743,0.0672404586276507,0.0672404586276507,0.0659073542967209,0.0659073542967209,0.05043344433336946
Indian_pines,ExtraTrees,915,8,0.0228636249841085,0.1692029355968209,0.11711849299896687,0.05121881420418413,0.05121881420418413,0.048249738534706654,0.048249738534706654,0.03747607893051669,0.03747607893051669,0.04564821055646915,0.04564821055646915,0.23188239563201127,0.23188239563201127,0.21967947639935848,0.21967947639935848,0.19009313855660107,0.19009313855660107,0.2138850035293236,0.2138850035293236,0.16010534164516646,0.16010534164516646,0.15167584753794452,0.15167584753794452,0.1308880088091849,0.1308880088091849,0.14755639933076528,0.14755639933076528,0.039915014000143856
Indian_pines,LightGBM,915,8,0.0024434344198273083,0.028719104669641775,0.019403360594115876,0.015434453813152811,0.015434453813152811,0.024520499991961018,0.024520499991961018,0.01665090474581956,0.01665090474581956,0.018868619516977797,0.018868619516977797,0.07196249084644804,0.07196249084644804,0.08285365683082564,0.08285365683082564,0.0697619230790053,0.0697619230790053,0.07485935691875967,0.07485935691875967,0.05080998689131618,0.05080998689131618,0.05834675519422238,0.05834675519422238,0.04922821539411198,0.04922821539411198,0.05279498582655018,0.05279498582655018,0.03943686099955812
Indian_pines,LinearModel,915,8,0.005636388128951369,0.03233415423215235,0.021422567452381667,0.020103750560984984,0.020103750560984984,0.021581070188843563,0.021581070188843563,0.03001550476741009,0.03001550476741009,0.023900108505746212,0.023900108505746212,0.08576812801573257,0.08576812801573257,0.08590228849924499,0.08590228849924499,0.09665638129679555,0.09665638129679555,0.0894422659372577,0.0894422659372577,0.0601095816842076,0.0601095816842076,0.05968526344791953,0.05968526344791953,0.0673869636491276,0.0673869636491276,0.06239393626041825,0.06239393626041825,0.03835865266713275
Indian_pines,NeuralNetFastAI,915,8,0.0020159553803426773,0.016621540769085192,0.011178810718330563,0.01954219781021953,0.01954219781021953,0.02203886927180017,0.02203886927180017,0.025873569428737017,0.025873569428737017,0.022484878836918906,0.022484878836918906,0.07135120887380646,0.07135120887380646,0.07877955811247618,0.07877955811247618,0.07867713861417196,0.07867713861417196,0.0762693018668182,0.0762693018668182,0.049539482512428706,0.049539482512428706,0.054825320360243526,0.054825320360243526,0.05472342069801416,0.05472342069801416,0.053029407856895465,0.053029407856895465,0.036956805666704895
Indian_pines,NeuralNetTorch,915,8,0.0006908872503069405,0.014824366441958978,0.010027484402378712,0.014844420568644252,0.014844420568644252,0.016052438221849142,0.016052438221849142,0.015175291237124317,0.015175291237124317,0.015357383342539235,0.015357383342539235,0.063524510832537,0.063524510832537,0.06403153847028678,0.06403153847028678,0.06125621400109108,0.06125621400109108,0.06293742110130494,0.06293742110130494,0.04445450663139898,0.04445450663139898,0.04499637516397553,0.04499637516397553,0.043015363233958034,0.043015363233958034,0.044155415009777516,0.044155415009777516,0.03829990266725266
Indian_pines,RandomForest,915,8,0.020138384325996777,0.15703055875663371,0.10881000794122941,0.04956530516201251,0.04956530516201251,0.0507064821662171,0.0507064821662171,0.04058883001271347,0.04058883001271347,0.04695353911364769,0.04695353911364769,0.21894867176693428,0.21894867176693428,0.2193715858808346,0.2193715858808346,0.1839538779466195,0.1839538779466195,0.20742471186479614,0.20742471186479614,0.15104623168844392,0.15104623168844392,0.15153100340487516,0.15153100340487516,0.12636542703591808,0.12636542703591808,0.14298088737641237,0.14298088737641237,0.03874315266633251
Indian_pines,XGBoost,915,8,0.004582054492342882,0.045270129598377014,0.030935784689916663,0.018206033308514568,0.018206033308514568,0.02899551390756245,0.02899551390756245,0.017265121568722414,0.017265121568722414,0.02148888959493314,0.02148888959493314,0.07845309870294706,0.07845309870294706,0.09799493176655466,0.09799493176655466,0.07832498824439232,0.07832498824439232,0.08492433957129801,0.08492433957129801,0.05442315889322752,0.05442315889322752,0.06815676544446239,0.06815676544446239,0.054452652253269763,0.054452652253269763,0.059010858863653225,0.059010858863653225,0.03713704166633155
Traffic_violations,CatBoost,7034,3,0.00048591279209783293,0.02465501577948444,0.017392922982024463,0.0022856976926795758,0.0022856976926795758,0.007465435528236249,0.007465435528236249,0.0031021639955539997,0.0031021639955539997,0.004284432405489942,0.004284432405489942,0.04174546503948696,0.04174546503948696,0.07723238921593405,0.07723238921593405,0.05096560434532038,0.05096560434532038,0.05664781953358047,0.05664781953358047,0.02945310468319851,0.02945310468319851,0.054550956368195964,0.054550956368195964,0.03597786162778893,0.03597786162778893,0.03999397422639447,0.03999397422639447,0.24233524999969328
Traffic_violations,ExtraTrees,7034,3,0.0013607883365434332,0.04047196817797265,0.028445189804474223,0.0065155501115326826,0.0065155501115326826,0.007193075972601931,0.007193075972601931,0.005592803023393533,0.005592803023393533,0.006433809702509383,0.006433809702509383,0.06823592653468229,0.06823592653468229,0.07283191484354606,0.07283191484354606,0.057302623173542344,0.057302623173542344,0.06612348818392356,0.06612348818392356,0.04798166788114751,0.04798166788114751,0.05122403507374621,0.05122403507374621,0.040212382556843985,0.040212382556843985,0.04647269517057923,0.04647269517057923,0.2566948473334681
Traffic_violations,LightGBM,7034,3,0.0010193978068248166,0.036138988876151176,0.02531730562810956,0.006604224265343739,0.006604224265343739,0.0058319663810650615,0.0058319663810650615,0.004365243564867883,0.004365243564867883,0.005600478070425561,0.005600478070425561,0.06723314951188816,0.06723314951188816,0.06416410343647407,0.06416410343647407,0.05515914092324486,0.05515914092324486,0.062185464623869036,0.062185464623869036,0.04730064622579654,0.04730064622579654,0.044945830745562555,0.044945830745562555,0.038727182295141924,0.038727182295141924,0.043657886422167,0.043657886422167,0.21685344433353748
Traffic_violations,LinearModel,7034,3,0.00171924151251214,0.03555607506895476,0.024279215407125836,0.00680301918265427,0.00680301918265427,0.005326528715147874,0.005326528715147874,0.006010676630433048,0.006010676630433048,0.00604674150941173,0.00604674150941173,0.06931695174648626,0.06931695174648626,0.062277478852577665,0.062277478852577665,0.06388644365030494,0.06388644365030494,0.06516029141645628,0.06516029141645628,0.04794462772282852,0.04794462772282852,0.04296733610126369,0.04296733610126369,0.04414871037014371,0.04414871037014371,0.04502022473141198,0.04502022473141198,0.21342415266675138
Traffic_violations,NeuralNetFastAI,7034,3,0.0007873078875786522,0.027239715217720558,0.01903225005183275,0.0025548420668428753,0.0025548420668428753,0.0018360993132398424,0.0018360993132398424,0.001983596353391499,0.001983596353391499,0.0021248459111580724,0.0021248459111580724,0.04533106408482615,0.04533106408482615,0.03909556441090269,0.03909556441090269,0.03959279017587058,0.03959279017587058,0.04133980622386648,0.04133980622386648,0.03183316111151779,0.03183316111151779,0.027441154695339684,0.027441154695339684,0.027792271417790074,0.027792271417790074,0.029022195741549184,0.029022195741549184,0.2179792360002466
Traffic_violations,NeuralNetTorch,7034,3,0.0014551262194951256,0.04330329635892014,0.030279246680878422,0.019152398904046172,0.019152398904046172,0.01818726826056291,0.01818726826056291,0.02555710966926925,0.02555710966926925,0.020965592277959442,0.020965592277959442,0.1026415883865376,0.1026415883865376,0.10568403105755766,0.10568403105755766,0.1177176817944534,0.1177176817944534,0.10868110041284956,0.10868110041284956,0.07046177738442297,0.07046177738442297,0.07271406092848093,0.07271406092848093,0.08088757966077324,0.08088757966077324,0.07468780599122571,0.07468780599122571,0.214369527665743
Traffic_violations,RandomForest,7034,3,0.0018002708426171265,0.047586669590003176,0.033512978129443184,0.014059341854531757,0.014059341854531757,0.008860359230097797,0.008860359230097797,0.009147862117906993,0.009147862117906993,0.01068918773417885,0.01068918773417885,0.09252837874110707,0.09252837874110707,0.0801638304934105,0.0801638304934105,0.07591092178776811,0.07591092178776811,0.08286771034076189,0.08286771034076189,0.06523930270905698,0.06523930270905698,0.056399984015183154,0.056399984015183154,0.053489877763333735,0.053489877763333735,0.05837638816252463,0.05837638816252463,0.2086389860002479
Traffic_violations,XGBoost,7034,3,0.0004592308860081075,0.02440214500595531,0.016983586306610128,0.002708799827939167,0.002708799827939167,0.004781999330908407,0.004781999330908407,0.004628371696955506,0.004628371696955506,0.004039723618601027,0.004039723618601027,0.04950209686035551,0.04950209686035551,0.05979314952259305,0.05979314952259305,0.05918560845588532,0.05918560845588532,0.05616028494627796,0.05616028494627796,0.034716957808591124,0.034716957808591124,0.04199004230639458,0.04199004230639458,0.04156015129607065,0.04156015129607065,0.03942238380368546,0.03942238380368546,0.2096942083335307
artificial-characters,CatBoost,1022,10,0.008576866745938369,0.09014940381504767,0.05703745974256834,0.06891646934253327,0.06891646934253327,0.05887469119013093,0.05887469119013093,0.06370887033673421,0.06370887033673421,0.06383334362313281,0.06383334362313281,0.2010501403736108,0.2010501403736108,0.18975179231023742,0.18975179231023742,0.1902703979580256,0.1902703979580256,0.1936907768806246,0.1936907768806246,0.13268784805175562,0.13268784805175562,0.12463503454026788,0.12463503454026788,0.12489113197443122,0.12489113197443122,0.1274046715221516,0.1274046715221516,0.05069456933294229
artificial-characters,ExtraTrees,1022,10,0.042348911993169355,0.2526445941669373,0.1610002531254145,0.09463551258447615,0.09463551258447615,0.0775258025436934,0.0775258025436934,0.09125066028048257,0.09125066028048257,0.08780399180288405,0.08780399180288405,0.34150781806237085,0.34150781806237085,0.3213428623554178,0.3213428623554178,0.33798352042888896,0.33798352042888896,0.3336114002822259,0.3336114002822259,0.2218830925038201,0.2218830925038201,0.2084043495052647,0.2084043495052647,0.2196488165492066,0.2196488165492066,0.21664541951943048,0.21664541951943048,0.05269659733312437
artificial-characters,LightGBM,1022,10,0.00794627976236701,0.06837172011934788,0.04346876478101381,0.06327774549391496,0.06327774549391496,0.045692092645873386,0.045692092645873386,0.06059061163496067,0.06059061163496067,0.05652014992491634,0.05652014992491634,0.17260847052959663,0.17260847052959663,0.14484405648969423,0.14484405648969423,0.1629093985903615,0.1629093985903615,0.1601206418698841,0.1601206418698841,0.11497654447530264,0.11497654447530264,0.09577969223240819,0.09577969223240819,0.107589328608704,0.107589328608704,0.10611518843880495,0.10611518843880495,0.05226480566731576
artificial-characters,LinearModel,1022,10,0.4122181119631924,1.137252286753229,0.5907205664368463,0.5276454462949803,0.5276454462949803,0.521237986240446,0.521237986240446,0.5263325124013496,0.5263325124013496,0.525071981645592,0.525071981645592,1.2775607356855527,1.2775607356855527,1.2689018023257665,1.2689018023257665,1.2798253663422836,1.2798253663422836,1.2754293014512008,1.2754293014512008,0.689344443062817,0.689344443062817,0.6838272036178756,0.6838272036178756,0.6892260648564074,0.6892260648564074,0.6874659038457,0.6874659038457,0.05455793033373387
artificial-characters,NeuralNetFastAI,1022,10,0.004103091922015901,0.0711852478622672,0.044451971453939754,0.17403990399994776,0.17403990399994776,0.17888084529185666,0.17888084529185666,0.17058380375821405,0.17058380375821405,0.17450151768333946,0.17450151768333946,0.4473379650739815,0.4473379650739815,0.4501939334193101,0.4501939334193101,0.42879790762506187,0.42879790762506187,0.4421099353727845,0.4421099353727845,0.2809047208223992,0.2809047208223992,0.28215894631064514,0.28215894631064514,0.26744724664705055,0.26744724664705055,0.27683697126003165,0.27683697126003165,0.05345848633320808
artificial-characters,NeuralNetTorch,1022,10,0.005123686153767621,0.07923117662745924,0.0483003772312462,0.165738972218094,0.165738972218094,0.18100211915307846,0.18100211915307846,0.1818997957085974,0.1818997957085974,0.17621362902658996,0.17621362902658996,0.43560158463077736,0.43560158463077736,0.45732898179340925,0.45732898179340925,0.44813185387547466,0.44813185387547466,0.44702080676655376,0.44702080676655376,0.27113836923714685,0.27113836923714685,0.2856450438789202,0.2856450438789202,0.2796973730622635,0.2796973730622635,0.2788269287261102,0.2788269287261102,0.056748166666996745
artificial-characters,RandomForest,1022,10,0.043009199595340275,0.248355979177513,0.15988631128690328,0.08875289660720843,0.08875289660720843,0.08513430379647279,0.08513430379647279,0.0843532793203718,0.0843532793203718,0.08608015990801766,0.08608015990801766,0.3201395172838025,0.3201395172838025,0.32089419303343253,0.32089419303343253,0.3202088094469748,0.3202088094469748,0.3204141732547366,0.3204141732547366,0.20814734755600647,0.20814734755600647,0.20905385657133696,0.20905385657133696,0.20874481270531026,0.20874481270531026,0.2086486722775512,0.2086486722775512,0.05440969466629516
artificial-characters,XGBoost,1022,10,0.010560751888096277,0.07709857949591896,0.04908057121956061,0.060131444908445596,0.060131444908445596,0.06526517287611276,0.06526517287611276,0.06402430287960074,0.06402430287960074,0.06314030688805304,0.06314030688805304,0.1720887399114389,0.1720887399114389,0.179573382594052,0.179573382594052,0.17985200926591074,0.17985200926591074,0.17717137725713386,0.17717137725713386,0.11359797085004199,0.11359797085004199,0.11917942286220384,0.11917942286220384,0.11899056592543387,0.11899056592543387,0.11725598654589324,0.11725598654589324,0.05392838866706976
connect-4,CatBoost,6756,3,0.004427499665650684,0.06570158453845441,0.042823903051512735,0.03209753047150324,0.03209753047150324,0.03175648160659191,0.03175648160659191,0.029835729755653663,0.029835729755653663,0.031229913944582938,0.031229913944582938,0.15260791573361307,0.15260791573361307,0.1532226380273191,0.1532226380273191,0.1465793688471789,0.1465793688471789,0.15080330753603702,0.15080330753603702,0.09932477518730451,0.09932477518730451,0.09988747120629866,0.09988747120629866,0.09535484175748248,0.09535484175748248,0.09818902938369523,0.09818902938369523,0.22372723633331285
connect-4,ExtraTrees,6756,3,0.0166603770583421,0.1729757911490274,0.11208573497292576,0.021093890140195873,0.021093890140195873,0.022050482165547794,0.022050482165547794,0.020687058457057046,0.020687058457057046,0.021277143587600234,0.021277143587600234,0.18633947228666492,0.18633947228666492,0.19176145770011588,0.19176145770011588,0.18295289191471564,0.18295289191471564,0.18701794063383215,0.18701794063383215,0.1199680567191955,0.1199680567191955,0.12418176429489101,0.12418176429489101,0.11889552022463364,0.11889552022463364,0.12101511374624004,0.12101511374624004,0.21849013899918646
connect-4,LightGBM,6756,3,0.004029432043026862,0.06185400753839046,0.04016068561421418,0.03281459904425004,0.03281459904425004,0.03029498473374359,0.03029498473374359,0.03166185576447277,0.03166185576447277,0.031590479847488806,0.031590479847488806,0.15654516245276243,0.15654516245276243,0.14986777190587988,0.14986777190587988,0.15112442507070803,0.15112442507070803,0.1525124531431168,0.1525124531431168,0.10201131020601942,0.10201131020601942,0.09774775896849063,0.09774775896849063,0.09856604732988875,0.09856604732988875,0.09944170550146625,0.09944170550146625,0.21049577799931285
connect-4,LinearModel,6756,3,0.0021389235917375405,0.06424349517259093,0.041033344683017545,0.005461204491802861,0.005461204491802861,0.009156675779102345,0.009156675779102345,0.006057788242114232,0.006057788242114232,0.006891889504339812,0.006891889504339812,0.08834587726808162,0.08834587726808162,0.11298650971244036,0.11298650971244036,0.09758503615660845,0.09758503615660845,0.09963914104571014,0.09963914104571014,0.056641533228449725,0.056641533228449725,0.07297259333843965,0.07297259333843965,0.06281960266021394,0.06281960266021394,0.06414457640903444,0.06414457640903444,0.20292504166718572
connect-4,NeuralNetFastAI,6756,3,0.002113800894790454,0.0472011043983557,0.03058543758800198,0.028515158419993747,0.028515158419993747,0.030107693431897637,0.030107693431897637,0.02552817043930499,0.02552817043930499,0.028050340763732123,0.028050340763732123,0.14602878114070594,0.14602878114070594,0.14887492429381327,0.14887492429381327,0.1373700289055822,0.1373700289055822,0.1440912447800338,0.1440912447800338,0.0948652866636595,0.0948652866636595,0.09711724770162701,0.09711724770162701,0.08945477340306102,0.08945477340306102,0.0938124359227825,0.0938124359227825,0.20741743066658577
connect-4,NeuralNetTorch,6756,3,0.0007716482532119061,0.02609551317041516,0.016704406655984397,0.027572141893596202,0.027572141893596202,0.027159070075599447,0.027159070075599447,0.02692199582951504,0.02692199582951504,0.027217735932903563,0.027217735932903563,0.13743345024620174,0.13743345024620174,0.13773581302656815,0.13773581302656815,0.1385523431333187,0.1385523431333187,0.13790720213536287,0.13790720213536287,0.08938032812196849,0.08938032812196849,0.0893424171809412,0.0893424171809412,0.0899224720159624,0.0899224720159624,0.08954840577295736,0.08954840577295736,0.21311061133261924
connect-4,RandomForest,6756,3,0.013029208573619291,0.15945840389129867,0.10222971748259368,0.01818988404478154,0.01818988404478154,0.01836263106561084,0.01836263106561084,0.0182123530200244,0.0182123530200244,0.01825495604347226,0.01825495604347226,0.17548710755786545,0.17548710755786545,0.18227166449717402,0.18227166449717402,0.17511280285969594,0.17511280285969594,0.1776238583049118,0.1776238583049118,0.11213895724379304,0.11213895724379304,0.11646931603758073,0.11646931603758073,0.11265970700290336,0.11265970700290336,0.11375599342809238,0.11375599342809238,0.2130901943334417
connect-4,XGBoost,6756,3,0.003336878171734325,0.05611743358482482,0.03659478456066552,0.031187537026973904,0.031187537026973904,0.030899279878325907,0.030899279878325907,0.028303662445666528,0.028303662445666528,0.030130159783655446,0.030130159783655446,0.151306369028302,0.151306369028302,0.15026900736554616,0.15026900736554616,0.14305442037518673,0.14305442037518673,0.14820993225634496,0.14820993225634496,0.09865108896224437,0.09865108896224437,0.09828269197222203,0.09828269197222203,0.09316053942967768,0.09316053942967768,0.09669810678804802,0.09669810678804802,0.21246784700027396
dilbert,CatBoost,1000,5,0.006768934069546685,0.05720470998332982,0.037864503291102636,0.016759535821689816,0.016759535821689816,0.02130808562738803,0.02130808562738803,0.018095458391592233,0.018095458391592233,0.018721026613556693,0.018721026613556693,0.07620144798242175,0.07620144798242175,0.08032623867575821,0.08032623867575821,0.07793317566426737,0.07793317566426737,0.07815362077414911,0.07815362077414911,0.05085519988956687,0.05085519988956687,0.053723130069308,0.053723130069308,0.05205989561341957,0.05205989561341957,0.05221274185743147,0.05221274185743147,0.04209373600072771
dilbert,ExtraTrees,1000,5,0.09519398378636033,0.43435934865632486,0.26130586933333994,0.10744703153715346,0.10744703153715346,0.10519498028900184,0.10519498028900184,0.10927690863933015,0.10927690863933015,0.10730630682182847,0.10730630682182847,0.45143248085580834,0.45143248085580834,0.4481861985482577,0.4481861985482577,0.45375030020298474,0.45375030020298474,0.4511229932023502,0.4511229932023502,0.2720912879272372,0.2720912879272372,0.270255156229214,0.270255156229214,0.27367412266775315,0.27367412266775315,0.2720068556080681,0.2720068556080681,0.04340036099893041
dilbert,LightGBM,1000,5,0.0015946964107772868,0.008826413437633185,0.0061703287815728135,0.005894040956082336,0.005894040956082336,0.00808890605713056,0.00808890605713056,0.00315349494632222,0.00315349494632222,0.005712147319845039,0.005712147319845039,0.014432132772172828,0.014432132772172828,0.016412065508753834,0.016412065508753834,0.011414906345543478,0.011414906345543478,0.014086368208823379,0.014086368208823379,0.010097090804213118,0.010097090804213118,0.01150029925961422,0.01150029925961422,0.007966717907385507,0.007966717907385507,0.009854702657070948,0.009854702657070948,0.04920347233322294
dilbert,LinearModel,1000,5,0.005360481013518462,0.054880148030766254,0.03690731556565659,0.05231476762266284,0.05231476762266284,0.061898963521156446,0.061898963521156446,0.056282533941132536,0.056282533941132536,0.05683208836165061,0.05683208836165061,0.12385571115930728,0.12385571115930728,0.13129066749092724,0.13129066749092724,0.1261604584472043,0.1261604584472043,0.12710227903247961,0.12710227903247961,0.08583727281838055,0.08583727281838055,0.09041577602607942,0.09041577602607942,0.08728723727925376,0.08728723727925376,0.08784676204123791,0.08784676204123791,0.04201316666755398
dilbert,NeuralNetFastAI,1000,5,0.0016958361242939964,0.015796541948625047,0.010726789312228608,0.013135858550217152,0.013135858550217152,0.017030187911953744,0.017030187911953744,0.01561161039284012,0.01561161039284012,0.015259218951670338,0.015259218951670338,0.033300404663230476,0.033300404663230476,0.037110034477745725,0.037110034477745725,0.033893108920165546,0.033893108920165546,0.034767849353713916,0.034767849353713916,0.023359010877028973,0.023359010877028973,0.026019258142628596,0.026019258142628596,0.023777761784615756,0.023777761784615756,0.024385343601424442,0.024385343601424442,0.04290261099959025
dilbert,NeuralNetTorch,1000,5,0.0008857990045916397,0.011333310200863344,0.0076297080427736004,0.01384083209744522,0.01384083209744522,0.009844330043133941,0.009844330043133941,0.021361797342193675,0.021361797342193675,0.015015653160924278,0.015015653160924278,0.036779205729076274,0.036779205729076274,0.0338154680516504,0.0338154680516504,0.04864012507905097,0.04864012507905097,0.03974493295325921,0.03974493295325921,0.025600085669705067,0.025600085669705067,0.023499618662252777,0.023499618662252777,0.033959664566177016,0.033959664566177016,0.027686456299378288,0.027686456299378288,0.04209262500080513
dilbert,RandomForest,1000,5,0.08775761837856237,0.4143578605870016,0.24826780347392377,0.1049256281003679,0.1049256281003679,0.10092344666057707,0.10092344666057707,0.1028915068517712,0.1028915068517712,0.10291352720423873,0.10291352720423873,0.44131626087596476,0.44131626087596476,0.43196366044505374,0.43196366044505374,0.4377509419513138,0.4377509419513138,0.43701028775744416,0.43701028775744416,0.2658072690827551,0.2658072690827551,0.2593629090181931,0.2593629090181931,0.26349848102063933,0.26349848102063933,0.26288955304052913,0.26288955304052913,0.04209976399943116
dilbert,XGBoost,1000,5,0.00403308495185275,0.025276598399295722,0.017093355434976275,0.011499399041750086,0.011499399041750086,0.01471516154046665,0.01471516154046665,0.013572691573451671,0.013572691573451671,0.013262417385222804,0.013262417385222804,0.03834314428015898,0.03834314428015898,0.04214898957590032,0.04214898957590032,0.04174589551620153,0.04174589551620153,0.04074600979075361,0.04074600979075361,0.026061952475933344,0.026061952475933344,0.028708451745136525,0.028708451745136525,0.02842784900422342,0.02842784900422342,0.02773275107509776,0.02773275107509776,0.042133958332366696
eye_movements,CatBoost,1094,3,0.0037163991318039605,0.07546711089333198,0.04833673877617085,0.03344775836452067,0.03344775836452067,0.040071210508728666,0.040071210508728666,0.03640950789482512,0.03640950789482512,0.036642825589358156,0.036642825589358156,0.21664575244894588,0.21664575244894588,0.22456935890631863,0.22456935890631863,0.22445256836292912,0.22445256836292912,0.22188922657273122,0.22188922657273122,0.14014649173467722,0.14014649173467722,0.1448842341274408,0.1448842341274408,0.14542292264295967,0.14542292264295967,0.14348454950169257,0.14348454950169257,0.047525235999880046
eye_movements,ExtraTrees,1094,3,0.055897378930405625,0.34227167586414925,0.21421970184909883,0.049204716324539724,0.049204716324539724,0.051288875547699564,0.051288875547699564,0.059231379420457086,0.059231379420457086,0.053241657097565454,0.053241657097565454,0.30912018307088307,0.30912018307088307,0.3116910512807033,0.3116910512807033,0.3449649892216607,0.3449649892216607,0.321925407857749,0.321925407857749,0.19445302061275457,0.19445302061275457,0.19557580153802026,0.19557580153802026,0.21683715428586997,0.21683715428586997,0.20228865881221494,0.20228865881221494,0.04749562500001048
eye_movements,LightGBM,1094,3,0.005841663077177695,0.07581074108397917,0.049324813109072746,0.07333276449267857,0.07333276449267857,0.06299383509693653,0.06299383509693653,0.06149408109677695,0.06149408109677695,0.06594022689546401,0.06594022689546401,0.26817520348893836,0.26817520348893836,0.25157378295841964,0.25157378295841964,0.24505665819124606,0.24505665819124606,0.2549352148795347,0.2549352148795347,0.17529699512565897,0.17529699512565897,0.16499712353487248,0.16499712353487248,0.15957352946626777,0.15957352946626777,0.16662254937559973,0.16662254937559973,0.047405124999689484
eye_movements,LinearModel,1094,3,0.0011261930073775592,0.0448315109088387,0.028669159680653103,0.019391263317078758,0.019391263317078758,0.014091910840965435,0.014091910840965435,0.019887215684219604,0.019887215684219604,0.017790129947421265,0.017790129947421265,0.17578690508360348,0.17578690508360348,0.15283570264776786,0.15283570264776786,0.17656613627667295,0.17656613627667295,0.1683962480026814,0.1683962480026814,0.11359974062485557,0.11359974062485557,0.09801603061982968,0.09801603061982968,0.11447996742965953,0.11447996742965953,0.10869857955811492,0.10869857955811492,0.04765258333403229
eye_movements,NeuralNetFastAI,1094,3,0.0011465707948066098,0.04379902342003525,0.02846853574971935,0.018241556888889388,0.018241556888889388,0.020023177854909868,0.020023177854909868,0.017819816005636764,0.017819816005636764,0.018694850249812007,0.018694850249812007,0.15940026388617273,0.15940026388617273,0.16366111266760003,0.16366111266760003,0.14909049820230724,0.14909049820230724,0.15738395825202667,0.15738395825202667,0.10294386945791804,0.10294386945791804,0.10676782349886481,0.10676782349886481,0.09591856048985638,0.09591856048985638,0.10187675114887974,0.10187675114887974,0.04774099999970834
eye_movements,NeuralNetTorch,1094,3,0.0009938878526800905,0.040744909712089925,0.026307135922959978,0.038484869428409736,0.038484869428409736,0.033769166475408834,0.033769166475408834,0.037414662108765484,0.037414662108765484,0.036556232670861354,0.036556232670861354,0.229386997589303,0.229386997589303,0.20965376173882308,0.20965376173882308,0.23702691961574887,0.23702691961574887,0.22535589298129166,0.22535589298129166,0.14804280281332863,0.14804280281332863,0.13578846786675025,0.13578846786675025,0.15307926945324507,0.15307926945324507,0.14563684671110796,0.14563684671110796,0.04809972233245693
eye_movements,RandomForest,1094,3,0.035587344924221095,0.27143115952180286,0.1704372527156682,0.029804199474244064,0.029804199474244064,0.033088606687951834,0.033088606687951834,0.03830617873499788,0.03830617873499788,0.033732994965731254,0.033732994965731254,0.2336986996103781,0.2336986996103781,0.25851074959843867,0.25851074959843867,0.2772216867283318,0.2772216867283318,0.25647704531238286,0.25647704531238286,0.15110738628404172,0.15110738628404172,0.16312094293775378,0.16312094293775378,0.1751742738175829,0.1751742738175829,0.16313420101312615,0.16313420101312615,0.049961333334067604
eye_movements,XGBoost,1094,3,0.0035569310619324498,0.06804768215616144,0.044865591409719234,0.03974337883499614,0.03974337883499614,0.041818851504620835,0.041818851504620835,0.04206783818628549,0.04206783818628549,0.04121002284196749,0.04121002284196749,0.21934768954470166,0.21934768954470166,0.22756036596240475,0.22756036596240475,0.2190320582678351,0.2190320582678351,0.22198003792498053,0.22198003792498053,0.14243795979954002,0.14243795979954002,0.14871457233242089,0.14871457233242089,0.14279839348398765,0.14279839348398765,0.14465030853864952,0.14465030853864952,0.04867241666700769
har,CatBoost,1030,6,0.00037319444735221547,0.006451468442696633,0.004458880951382337,0.0026954917896223037,0.0026954917896223037,0.0033318967891757642,0.0033318967891757642,0.004674234550578901,0.004674234550578901,0.003567207709792323,0.003567207709792323,0.013244193978947145,0.013244193978947145,0.01388060637255334,0.01388060637255334,0.015222931041021778,0.015222931041021778,0.014115910464174089,0.014115910464174089,0.009249947850483614,0.009249947850483614,0.009699958443197874,0.009699958443197874,0.010649124599016326,0.010649124599016326,0.009866343630899272,0.009866343630899272,0.0460199166664097
har,ExtraTrees,1030,6,0.015735917290517005,0.11739919890353204,0.07797656828130108,0.029149568631904033,0.029149568631904033,0.027765549715436027,0.027765549715436027,0.02903311993284807,0.02903311993284807,0.02864941276006271,0.02864941276006271,0.13964310149461692,0.13964310149461692,0.13816246656818457,0.13816246656818457,0.13942310189272034,0.13942310189272034,0.13907622331850727,0.13907622331850727,0.09320307564990535,0.09320307564990535,0.09222734128308066,0.09222734128308066,0.09305320995716541,0.09305320995716541,0.09282787563005047,0.09282787563005047,0.044891861332871486
har,LightGBM,1030,6,0.00019556857347271855,0.002254383812832186,0.0015807799502644227,0.007981667744698237,0.007981667744698237,0.004756516090215501,0.004756516090215501,0.003954703714748608,0.003954703714748608,0.005564295849887449,0.005564295849887449,0.014144744475476983,0.014144744475476983,0.009574902953439572,0.009574902953439572,0.009148780943092743,0.009148780943092743,0.010956142790669766,0.010956142790669766,0.009996832818078788,0.009996832818078788,0.006765471131101082,0.006765471131101082,0.006464156199898151,0.006464156199898151,0.0077421533830260075,0.0077421533830260075,0.045611444333189866
har,LinearModel,1030,6,0.0006046009667587552,0.008452800110451268,0.0058032318134575754,0.006699068713975241,0.006699068713975241,0.009621875073886845,0.009621875073886845,0.00982705546685073,0.00982705546685073,0.008715999751570938,0.008715999751570938,0.028404173054661218,0.028404173054661218,0.03349584322207897,0.03349584322207897,0.030847733720270085,0.030847733720270085,0.03091591666567009,0.03091591666567009,0.019935462086448256,0.019935462086448256,0.023529738628732286,0.023529738628732286,0.021664420040844387,0.021664420040844387,0.021709873585341644,0.021709873585341644,0.04552200000034645
har,NeuralNetFastAI,1030,6,0.0003859163907120546,0.006321720879705512,0.004401765273041188,0.010482675037446626,0.010482675037446626,0.006630513951994151,0.006630513951994151,0.006474221766006468,0.006474221766006468,0.007862470251815749,0.007862470251815749,0.022682079521537148,0.022682079521537148,0.018274851228481978,0.018274851228481978,0.018334941445922813,0.018334941445922813,0.019763957398647312,0.019763957398647312,0.015973015107937878,0.015973015107937878,0.012856648459768713,0.012856648459768713,0.012899170291860489,0.012899170291860489,0.013909611286522358,0.013909611286522358,0.0449016530001245
har,NeuralNetTorch,1030,6,0.0008073825759216715,0.005864917398892599,0.003994639166006553,0.006464827477072268,0.006464827477072268,0.009098588443970644,0.009098588443970644,0.006776663628303952,0.006776663628303952,0.0074466931831156215,0.0074466931831156215,0.019790634498884324,0.019790634498884324,0.02107247445819883,0.02107247445819883,0.019285100424767186,0.019285100424767186,0.020049403127283448,0.020049403127283448,0.013842248559377487,0.013842248559377487,0.014748706540348239,0.014748706540348239,0.013484954893680168,0.013484954893680168,0.014025303331135297,0.014025303331135297,0.04456676400028906
har,RandomForest,1030,6,0.011370120150426079,0.09355980633329027,0.06232128888330894,0.030166792897957703,0.030166792897957703,0.02316392074388076,0.02316392074388076,0.025621036004169203,0.025621036004169203,0.026317249882002555,0.026317249882002555,0.12872757117931558,0.12872757117931558,0.11704808776264328,0.11704808776264328,0.12330391875968282,0.12330391875968282,0.12302652590054723,0.12302652590054723,0.0867322015175025,0.0867322015175025,0.07847188785369748,0.07847188785369748,0.08285471748749199,0.08285471748749199,0.08268626895289731,0.08268626895289731,0.045311444332279883
har,XGBoost,1030,6,0.0009549393943845829,0.00684254242923025,0.004690445261291344,0.008055987290297736,0.008055987290297736,0.005983746497947951,0.005983746497947951,0.005470141352887838,0.005470141352887838,0.006503291713711175,0.006503291713711175,0.018574019470373616,0.018574019470373616,0.01669969328641341,0.01669969328641341,0.016196861039687177,0.016196861039687177,0.017156857932158067,0.017156857932158067,0.012960036074849296,0.012960036074849296,0.011643987632034494,0.011643987632034494,0.011288764044912655,0.011288764044912655,0.011964262583932149,0.011964262583932149,0.0450883056667711
jungle_chess_2pcs_raw_endgame_complete,CatBoost,4482,3,0.014053593135053522,0.09274645296755835,0.06318432413293248,0.05715098378967408,0.05715098378967408,0.05528505225624105,0.05528505225624105,0.060705918168845095,0.060705918168845095,0.057713984738253406,0.057713984738253406,0.16578328868933542,0.16578328868933542,0.16992245977266504,0.16992245977266504,0.1742875193344217,0.1742875193344217,0.16999775593214073,0.16999775593214073,0.11255196992828562,0.11255196992828562,0.11554124797731181,0.11554124797731181,0.1186396198258662,0.1186396198258662,0.11557761257715454,0.11557761257715454,0.14084205533314767
jungle_chess_2pcs_raw_endgame_complete,ExtraTrees,4482,3,0.02477702401391262,0.13856622358869608,0.09359703946457414,0.05077815126177023,0.05077815126177023,0.05035414074007752,0.05035414074007752,0.05182498859178342,0.05182498859178342,0.05098576019787706,0.05098576019787706,0.19757211191709376,0.19757211191709376,0.19789599309323044,0.19789599309323044,0.20198142454593543,0.20198142454593543,0.19914984318541987,0.19914984318541987,0.1324698504521419,0.1324698504521419,0.13272571132892247,0.13272571132892247,0.13550401426155492,0.13550401426155492,0.13356652534753977,0.13356652534753977,0.14141337500041118
jungle_chess_2pcs_raw_endgame_complete,LightGBM,4482,3,0.016859088776100244,0.09285671953337173,0.0635104550308488,0.05977553646855111,0.05977553646855111,0.05473169119459277,0.05473169119459277,0.058888085381952095,0.058888085381952095,0.05779843768169866,0.05779843768169866,0.16112471418631522,0.16112471418631522,0.15521996675881938,0.15521996675881938,0.16368723593500736,0.16368723593500736,0.1600106389600473,0.1600106389600473,0.10982722754218854,0.10982722754218854,0.10569997604909974,0.10569997604909974,0.11167445933543321,0.11167445933543321,0.10906722097557382,0.10906722097557382,0.14251624999936516
jungle_chess_2pcs_raw_endgame_complete,LinearModel,4482,3,0.11610840456994556,0.42814959801618524,0.27470267340852383,0.15348097407010927,0.15348097407010927,0.1578237869804573,0.1578237869804573,0.15652566334779908,0.15652566334779908,0.15594347479945522,0.15594347479945522,0.4978109148512052,0.4978109148512052,0.5038064333756518,0.5038064333756518,0.5021790442039104,0.5021790442039104,0.5012654641435891,0.5012654641435891,0.32073907737140694,0.32073907737140694,0.3241680357612793,0.3241680357612793,0.3234477516254493,0.3234477516254493,0.3227849549193785,0.3227849549193785,0.13865598600023077
jungle_chess_2pcs_raw_endgame_complete,NeuralNetFastAI,4482,3,0.00935107167297175,0.0721255790669106,0.04907181622293344,0.027411132188812658,0.027411132188812658,0.026795514564622088,0.026795514564622088,0.028122711014034768,0.028122711014034768,0.02744311925582317,0.02744311925582317,0.10929240898244692,0.10929240898244692,0.1089370067302876,0.1089370067302876,0.1148503569488019,0.1148503569488019,0.11102659088717881,0.11102659088717881,0.07488068316712461,0.07488068316712461,0.07459728644061968,0.07459728644061968,0.07870382031959826,0.07870382031959826,0.07606059664244752,0.07606059664244752,0.14048000000063135
jungle_chess_2pcs_raw_endgame_complete,NeuralNetTorch,4482,3,0.002369854162133053,0.02839485734710651,0.019691403749758984,0.015290329649327767,0.015290329649327767,0.01679133787953904,0.01679133787953904,0.013198726344086729,0.013198726344086729,0.015093464624317843,0.015093464624317843,0.05832389502582093,0.05832389502582093,0.06030855082472124,0.06030855082472124,0.05492355095854687,0.05492355095854687,0.05785199893636301,0.05785199893636301,0.04073422263838706,0.04073422263838706,0.0421130911258822,0.0421130911258822,0.038334276679806455,0.038334276679806455,0.04039386348135857,0.04039386348135857,0.14516645833282382
jungle_chess_2pcs_raw_endgame_complete,RandomForest,4482,3,0.033928298006243196,0.1505593480139543,0.10211244562663135,0.08162666339414039,0.08162666339414039,0.08598228634145413,0.08598228634145413,0.08169557824559197,0.08169557824559197,0.08310150932706217,0.08310150932706217,0.23379512181731404,0.23379512181731404,0.2435503349532312,0.2435503349532312,0.23922697001972748,0.23922697001972748,0.23885747559675755,0.23885747559675755,0.15694909245546976,0.15694909245546976,0.16357664063316574,0.16357664063316574,0.16073998977345488,0.16073998977345488,0.1604219076206968,0.1604219076206968,0.15976819466717038
jungle_chess_2pcs_raw_endgame_complete,XGBoost,4482,3,0.011852408751123665,0.0765725738494498,0.05235663752289446,0.054590477466905485,0.054590477466905485,0.05440043376284262,0.05440043376284262,0.05843741520026087,0.05843741520026087,0.05580944214333633,0.05580944214333633,0.14966670610896352,0.14966670610896352,0.14649799441394507,0.14649799441394507,0.15581931850751593,0.15581931850751593,0.15066133967680817,0.15066133967680817,0.10212949034525894,0.10212949034525894,0.09993688458601241,0.09993688458601241,0.1064723022462343,0.1064723022462343,0.1028462257258352,0.1028462257258352,0.13865722233337388
kr-vs-k,CatBoost,2806,18,0.017727234665061327,0.12664787202856947,0.07759071657830326,0.10258382749151553,0.10258382749151553,0.09496706793521516,0.09496706793521516,0.09410347063702132,0.09410347063702132,0.09721812202125067,0.09721812202125067,0.27108623862472514,0.27108623862472514,0.2642724939568557,0.2642724939568557,0.2627825782875076,0.2627825782875076,0.26604710362302947,0.26604710362302947,0.17580680992648098,0.17580680992648098,0.17083924965034214,0.17083924965034214,0.17022398916901085,0.17022398916901085,0.17229001624861132,0.17229001624861132,0.1311590556676189
kr-vs-k,ExtraTrees,2806,18,0.06593518683976486,0.3643259643572245,0.21830506672921993,0.20001600513750273,0.20001600513750273,0.20282328643707367,0.20282328643707367,0.2038100998189266,0.2038100998189266,0.20221646379783434,0.20221646379783434,0.5768057789416937,0.5768057789416937,0.5806761527937135,0.5806761527937135,0.5819517317706108,0.5819517317706108,0.5798112211686727,0.5798112211686727,0.3543677544240543,0.3543677544240543,0.3576214151539204,0.3576214151539204,0.35793935555221407,0.35793935555221407,0.35664284171006294,0.35664284171006294,0.13139477799995802
kr-vs-k,LightGBM,2806,18,0.01440574355817309,0.11532960489681163,0.07138344647104054,0.08991511481866529,0.08991511481866529,0.09757103721124066,0.09757103721124066,0.09720531243457767,0.09720531243457767,0.09489715482149454,0.09489715482149454,0.2515962963232208,0.2515962963232208,0.2609194806305327,0.2609194806305327,0.2598972237326939,0.2598972237326939,0.2574710002288158,0.2574710002288158,0.16477123077705969,0.16477123077705969,0.1713740294043394,0.1713740294043394,0.17057668726524186,0.17057668726524186,0.168907315815547,0.168907315815547,0.12456011099978544
kr-vs-k,LinearModel,2806,18,0.23880313640288536,0.9491692221783756,0.4667404548334447,0.6607600449797887,0.6607600449797887,0.6590215718149733,0.6590215718149733,0.6520060723421762,0.6520060723421762,0.657262563045646,0.657262563045646,1.4566162893372365,1.4566162893372365,1.4537293774920628,1.4537293774920628,1.4464344438512167,1.4464344438512167,1.4522600368935052,1.4522600368935052,0.7902987598560717,0.7902987598560717,0.789831439141413,0.789831439141413,0.7854704842760092,0.7854704842760092,0.7885335610911647,0.7885335610911647,0.12602231933366662
kr-vs-k,NeuralNetFastAI,2806,18,0.013404493903373947,0.1407707950280061,0.08572838795128905,0.14257475923830112,0.14257475923830112,0.1417531813624493,0.1417531813624493,0.15004586851787788,0.15004586851787788,0.14479126970620942,0.14479126970620942,0.3947144989431276,0.3947144989431276,0.39439913462560966,0.39439913462560966,0.40187863325484224,0.40187863325484224,0.3969974222745265,0.3969974222745265,0.2526511334328474,0.2526511334328474,0.25229280446118757,0.25229280446118757,0.25758272312431013,0.25758272312431013,0.2541755536727817,0.2541755536727817,0.1262985416663772
kr-vs-k,NeuralNetTorch,2806,18,0.006359229346340811,0.07742093778052392,0.048924817231977634,0.11203939738416144,0.11203939738416144,0.10492522132474758,0.10492522132474758,0.10630162627993446,0.10630162627993446,0.10775541499628116,0.10775541499628116,0.289404448934753,0.289404448934753,0.28119163946051196,0.28119163946051196,0.28412029251429577,0.28412029251429577,0.2849054603031869,0.2849054603031869,0.19126073929777654,0.19126073929777654,0.1857807625604677,0.1857807625604677,0.18785043551834804,0.18785043551834804,0.18829731245886408,0.18829731245886408,0.12336765266688114
kr-vs-k,RandomForest,2806,18,0.02169736621852782,0.17857466341067385,0.10711758231613076,0.13315480681087694,0.13315480681087694,0.1276880119306126,0.1276880119306126,0.1323016108138355,0.1323016108138355,0.13104814318510835,0.13104814318510835,0.3751359907661585,0.3751359907661585,0.36931451696516254,0.36931451696516254,0.3729430519190174,0.3729430519190174,0.37246451988344614,0.37246451988344614,0.2381415985031181,0.2381415985031181,0.23424203446080238,0.23424203446080238,0.2369173624623297,0.2369173624623297,0.2364336651420834,0.2364336651420834,0.12830881933283914
kr-vs-k,XGBoost,2806,18,0.014674091398866001,0.1066449462884519,0.06508625065742753,0.08923827347389178,0.08923827347389178,0.08033563954489799,0.08033563954489799,0.08757445466424774,0.08757445466424774,0.0857161225610125,0.0857161225610125,0.23636575184674677,0.23636575184674677,0.2269477598009213,0.2269477598009213,0.2327762704599689,0.2327762704599689,0.23202992736921235,0.23202992736921235,0.15370127078091017,0.15370127078091017,0.14727218050707935,0.14727218050707935,0.15101537690023514,0.15101537690023514,0.15066294272940822,0.15066294272940822,0.13012951400014572
letter,CatBoost,2000,26,0.004255993064831611,0.030009713116450367,0.018116286048094232,0.01881246602875769,0.01881246602875769,0.020090505806403848,0.020090505806403848,0.018981994174679755,0.018981994174679755,0.019294988669947097,0.019294988669947097,0.05603627937462368,0.05603627937462368,0.05751017579938898,0.05751017579938898,0.058974312064152705,0.058974312064152705,0.05750692241272179,0.05750692241272179,0.03553894223450187,0.03553894223450187,0.036795160626940514,0.036795160626940514,0.037761648766065706,0.037761648766065706,0.03669858387583603,0.03669858387583603,0.10825893033324974
letter,ExtraTrees,2000,26,0.04569687883237064,0.252579925875248,0.134223285350043,0.09171956884139286,0.09171956884139286,0.09135789993544689,0.09135789993544689,0.09168532315569859,0.09168532315569859,0.0915875973108461,0.0915875973108461,0.32521902379140655,0.32521902379140655,0.3239438629953036,0.3239438629953036,0.32470641379275816,0.32470641379275816,0.3246231001931561,0.3246231001931561,0.17998999013720393,0.17998999013720393,0.17910959627534814,0.17910959627534814,0.17960103562032972,0.17960103562032972,0.1795668740109606,0.1795668740109606,0.11327387499962545
letter,LightGBM,2000,26,0.004864167170994022,0.03088577657915298,0.01836893509874046,0.019726747304428364,0.019726747304428364,0.0242129217451674,0.0242129217451674,0.021596220102462746,0.021596220102462746,0.0218452963840195,0.0218452963840195,0.052798528963494414,0.052798528963494414,0.057151371406394966,0.057151371406394966,0.05630731333572423,0.05630731333572423,0.05541907123520454,0.05541907123520454,0.03371109285923616,0.03371109285923616,0.03663121730995053,0.03663121730995053,0.036172400982505536,0.036172400982505536,0.035504903717230744,0.035504903717230744,0.10916245833262413
letter,LinearModel,2000,26,0.2451456296516359,0.6127896410528776,0.3573688235815555,0.23420848613233144,0.23420848613233144,0.23630786305359333,0.23630786305359333,0.23269564801660514,0.23269564801660514,0.23440399906750997,0.23440399906750997,0.5954418040635822,0.5954418040635822,0.5993807888836371,0.5993807888836371,0.5958032117749431,0.5958032117749431,0.5968752682407207,0.5968752682407207,0.3501345203657928,0.3501345203657928,0.35253558885657604,0.35253558885657604,0.35033483342736954,0.35033483342736954,0.35100164754991275,0.35100164754991275,0.11044281966678682
letter,NeuralNetFastAI,2000,26,0.004284066129532922,0.021328517797897243,0.013437596428232097,0.013615959410047715,0.013615959410047715,0.012849976788024332,0.012849976788024332,0.010789376301093135,0.010789376301093135,0.012418437499721727,0.012418437499721727,0.03488257320410452,0.03488257320410452,0.03367982908755425,0.03367982908755425,0.033403744504099074,0.033403744504099074,0.033988715598585954,0.033988715598585954,0.023240221974582538,0.023240221974582538,0.02241568171461985,0.02241568171461985,0.022234042295674983,0.022234042295674983,0.022629981994959122,0.022629981994959122,0.11447451366620953
letter,NeuralNetTorch,2000,26,0.0034953380019756676,0.02367170557723264,0.01501904269494205,0.016293203390206193,0.016293203390206193,0.0141587855404954,0.0141587855404954,0.013272119866590371,0.013272119866590371,0.014574702932430655,0.014574702932430655,0.04530285060612282,0.04530285060612282,0.043321069504380846,0.043321069504380846,0.04287348280116164,0.04287348280116164,0.04383246763722176,0.04383246763722176,0.03005861029932828,0.03005861029932828,0.02860091848689999,0.02860091848689999,0.028335972818503037,0.028335972818503037,0.028998500534910432,0.028998500534910432,0.11319322233369651
letter,RandomForest,2000,26,0.026978864787004578,0.18370833400608522,0.09686202909193208,0.09055678223063146,0.09055678223063146,0.09203975854182389,0.09203975854182389,0.09244566682856517,0.09244566682856517,0.09168073586700683,0.09168073586700683,0.29094256235899746,0.29094256235899746,0.29189028127039446,0.29189028127039446,0.2920088484824213,0.2920088484824213,0.2916138973706044,0.2916138973706044,0.16490293308756537,0.16490293308756537,0.16527639226887147,0.16527639226887147,0.16538218123952447,0.16538218123952447,0.16518716886532045,0.16518716886532045,0.10931252800097961
letter,XGBoost,2000,26,0.006121085134006654,0.03784884802008972,0.02257626849232951,0.02560200801753985,0.02560200801753985,0.025492874067458527,0.025492874067458527,0.027986397723182576,0.027986397723182576,0.026360426602726986,0.026360426602726986,0.06900175713215373,0.06900175713215373,0.06894957865248336,0.06894957865248336,0.07265070143454304,0.07265070143454304,0.07020067907306005,0.07020067907306005,0.04369602338391861,0.04369602338391861,0.04373681075590503,0.04373681075590503,0.046286632715792024,0.046286632715792024,0.04457315561853856,0.04457315561853856,0.13077591666782004
microaggregation2,CatBoost,2000,5,0.004425955362764038,0.08578353211622221,0.050220108882334545,0.09947317656268666,0.09947317656268666,0.10117397941955761,0.10117397941955761,0.0964285709411212,0.0964285709411212,0.09902524230778849,0.09902524230778849,0.4126582460085452,0.4126582460085452,0.4131355056545889,0.4131355056545889,0.409185944949912,0.409185944949912,0.4116598988710154,0.4116598988710154,0.23981968085160094,0.23981968085160094,0.24136394817379495,0.24136394817379495,0.2377395297149188,0.2377395297149188,0.2396410529134382,0.2396410529134382,0.1086493056670103
microaggregation2,ExtraTrees,2000,5,0.010000650302604941,0.12777668303769396,0.07484334518319721,0.08744885516433162,0.08744885516433162,0.09072239811071586,0.09072239811071586,0.0908061989916704,0.0908061989916704,0.08965915075557263,0.08965915075557263,0.4142819809801545,0.4142819809801545,0.41845584621597104,0.41845584621597104,0.4098848137644375,0.4098848137644375,0.4142075469868543,0.4142075469868543,0.23821156218385614,0.23821156218385614,0.23972725609204967,0.23972725609204967,0.23486967255396476,0.23486967255396476,0.23760283027662352,0.23760283027662352,0.12000283333327388
microaggregation2,LightGBM,2000,5,0.003319752467302851,0.07705375825406736,0.0450185433993776,0.08668214248968534,0.08668214248968534,0.08975558855264812,0.08975558855264812,0.08511398990484571,0.08511398990484571,0.08718390698239305,0.08718390698239305,0.381142655067298,0.381142655067298,0.3894810761103136,0.3894810761103136,0.38185769144027404,0.38185769144027404,0.3841604742059619,0.3841604742059619,0.22093211886892777,0.22093211886892777,0.2259915845839148,0.2259915845839148,0.2209445896692421,0.2209445896692421,0.22262276437402825,0.22262276437402825,0.11349727766719298
microaggregation2,LinearModel,2000,5,0.011341261062655306,0.14099309564804108,0.08335649605058382,0.07498112151323766,0.07498112151323766,0.08012065793106311,0.08012065793106311,0.07251038433536658,0.07251038433536658,0.07587072125988911,0.07587072125988911,0.38687295859927817,0.38687295859927817,0.39216303690063875,0.39216303690063875,0.3742041712616059,0.3742041712616059,0.3844133889205075,0.3844133889205075,0.22216611867195463,0.22216611867195463,0.22630166202825547,0.22630166202825547,0.21517772371138746,0.21517772371138746,0.2212151681371992,0.2212151681371992,0.11673943066610566
microaggregation2,NeuralNetFastAI,2000,5,0.003121442640177399,0.08193230338565359,0.04764301956249478,0.07733522530761329,0.07733522530761329,0.08365389525912179,0.08365389525912179,0.08031975042910122,0.08031975042910122,0.08043629033194544,0.08043629033194544,0.33905831083972204,0.33905831083972204,0.3610866803618644,0.3610866803618644,0.3523448234621595,0.3523448234621595,0.3508299382212487,0.3508299382212487,0.1959409567359724,0.1959409567359724,0.2100274869324092,0.2100274869324092,0.2043371634308956,0.2043371634308956,0.20343520236642573,0.20343520236642573,0.11242797233353485
microaggregation2,NeuralNetTorch,2000,5,0.0016520063104879963,0.05739776427959413,0.03362307334066176,0.08079012013086365,0.08079012013086365,0.08330116659626265,0.08330116659626265,0.08572435929101038,0.08572435929101038,0.08327188200604556,0.08327188200604556,0.35293678677471324,0.35293678677471324,0.35570743115126136,0.35570743115126136,0.36116705043232233,0.36116705043232233,0.35660375611943235,0.35660375611943235,0.20332978158482945,0.20332978158482945,0.20558924480154145,0.20558924480154145,0.21001972422926987,0.21001972422926987,0.20631291687188025,0.20631291687188025,0.11152952766618303
microaggregation2,RandomForest,2000,5,0.0058309911781329335,0.1038339177731687,0.05971669806879386,0.07214554717864623,0.07214554717864623,0.08000600480427311,0.08000600480427311,0.07918371454094054,0.07918371454094054,0.0771117555079533,0.0771117555079533,0.36824503855070223,0.36824503855070223,0.3878594347432926,0.3878594347432926,0.383927476036826,0.383927476036826,0.3800106497769402,0.3800106497769402,0.20986517921075323,0.20986517921075323,0.222184784370005,0.222184784370005,0.220146999083806,0.220146999083806,0.21739898755485473,0.21739898755485473,0.11508755533335109
microaggregation2,XGBoost,2000,5,0.0038146678912859464,0.0800837735512523,0.04695139756457209,0.08585888756258996,0.08585888756258996,0.08677858069478722,0.08677858069478722,0.08492754982801393,0.08492754982801393,0.0858550060284637,0.0858550060284637,0.38269308154621123,0.38269308154621123,0.3818500822776941,0.3818500822776941,0.38416806809523835,0.38416806809523835,0.3829037439730479,0.3829037439730479,0.22180911593975614,0.22180911593975614,0.2218070263813853,0.2218070263813853,0.22225840118903384,0.22225840118903384,0.22195818117005842,0.22195818117005842,0.1070939719999539
okcupid-stem,CatBoost,5079,3,0.0006773200133498716,0.03547505773984919,0.02267946124658855,0.006851666775147078,0.006851666775147078,0.0064609091271466326,0.0064609091271466326,0.006683975166389209,0.006683975166389209,0.006665517022894306,0.006665517022894306,0.0863696101976359,0.0863696101976359,0.07757575635806717,0.07757575635806717,0.08270640259871459,0.08270640259871459,0.08221725638480588,0.08221725638480588,0.05674895454197727,0.05674895454197727,0.050137860584903764,0.050137860584903764,0.0539974659872777,0.0539974659872777,0.053628093704719576,0.053628093704719576,0.16521597199971438
okcupid-stem,ExtraTrees,5079,3,0.0022979966425398482,0.06543713169999368,0.04181035076587999,0.006136960234900574,0.006136960234900574,0.0065935879438276885,0.0065935879438276885,0.0115724603162336,0.0115724603162336,0.008101002831653955,0.008101002831653955,0.0875938702432217,0.0875938702432217,0.09405041916836272,0.09405041916836272,0.11503610698337004,0.11503610698337004,0.09889346546498483,0.09889346546498483,0.05608080923503506,0.05608080923503506,0.060757014296684154,0.060757014296684154,0.07515896015972187,0.07515896015972187,0.06399892789714702,0.06399892789714702,0.15573869433258855
okcupid-stem,LightGBM,5079,3,0.0006449197534057724,0.03569265388903637,0.022585002648695538,0.006619694791627076,0.006619694791627076,0.0075295707659802456,0.0075295707659802456,0.006948972584137846,0.006948972584137846,0.0070327460472483895,0.0070327460472483895,0.08228321638206611,0.08228321638206611,0.07641331563620649,0.07641331563620649,0.08396073038106645,0.08396073038106645,0.08088575413311301,0.08088575413311301,0.052919911635177085,0.052919911635177085,0.049470706817195315,0.049470706817195315,0.054130289122216874,0.054130289122216874,0.05217363585819643,0.05217363585819643,0.1504637776670279
okcupid-stem,LinearModel,5079,3,0.001358977139256274,0.04035455534302769,0.02618270766430311,0.008982761924230793,0.008982761924230793,0.009755828539707015,0.009755828539707015,0.00794537908512466,0.00794537908512466,0.008894656516354156,0.008894656516354156,0.08386454666664866,0.08386454666664866,0.0892176274580719,0.0892176274580719,0.08231972488048211,0.08231972488048211,0.08513396633506755,0.08513396633506755,0.054934118737855545,0.054934118737855545,0.058332244873813534,0.058332244873813534,0.05363428814551525,0.05363428814551525,0.05563355058572811,0.05563355058572811,0.160325722333558
okcupid-stem,NeuralNetFastAI,5079,3,0.001179730633992059,0.04591331654999272,0.029523740693720043,0.007687594685564462,0.007687594685564462,0.008126708434057835,0.008126708434057835,0.008864177923557636,0.008864177923557636,0.008226160347726644,0.008226160347726644,0.08284636389740475,0.08284636389740475,0.08234206616951754,0.08234206616951754,0.08887106023333337,0.08887106023333337,0.08468649676675188,0.08468649676675188,0.05356290887503721,0.05356290887503721,0.0529652354615392,0.0529652354615392,0.05761213556319373,0.05761213556319373,0.05471342663325671,0.05471342663325671,0.17310648599959677
okcupid-stem,NeuralNetTorch,5079,3,0.0020729826977929004,0.05774367545739686,0.03707143061087514,0.011270285168532894,0.011270285168532894,0.010426251508637676,0.010426251508637676,0.011152241806084867,0.011152241806084867,0.010949592827751813,0.010949592827751813,0.10990160058560706,0.10990160058560706,0.10134881337626857,0.10134881337626857,0.10866615939426222,0.10866615939426222,0.10663885778537929,0.10663885778537929,0.07162928648137094,0.07162928648137094,0.0654660597297088,0.0654660597297088,0.07037308551079577,0.07037308551079577,0.06915614390729184,0.06915614390729184,0.15194188899962077
okcupid-stem,RandomForest,5079,3,0.0020301497117508694,0.061505937764924634,0.03945848306873523,0.0053593046731377336,0.0053593046731377336,0.01095965131740594,0.01095965131740594,0.0070257755812891814,0.0070257755812891814,0.007781577190610951,0.007781577190610951,0.08368407705665418,0.08368407705665418,0.10999954690171046,0.10999954690171046,0.10132643895435682,0.10132643895435682,0.09833668763757382,0.09833668763757382,0.05402168259967791,0.05402168259967791,0.07123427375657941,0.07123427375657941,0.06588804626196557,0.06588804626196557,0.06371466753940763,0.06371466753940763,0.15268845833391728
okcupid-stem,XGBoost,5079,3,0.0014007333529837168,0.0488280841886681,0.03136542399400592,0.00750640645579892,0.00750640645579892,0.008189445284836866,0.008189445284836866,0.00918262724646713,0.00918262724646713,0.008292826329034305,0.008292826329034305,0.08915431242530661,0.08915431242530661,0.08609059949504295,0.08609059949504295,0.09871250819169496,0.09871250819169496,0.09131914003734819,0.09131914003734819,0.05784374981367233,0.05784374981367233,0.05571316871784992,0.05571316871784992,0.06421105375886967,0.06421105375886967,0.059255990763463974,0.059255990763463974,0.1475963333323307
pendigits,CatBoost,1100,10,0.0021217200569293845,0.00843620447921628,0.005489822254747607,0.0037280125138038256,0.0037280125138038256,0.0037613333480558263,0.0037613333480558263,0.0034937114046019804,0.0034937114046019804,0.003661019088820544,0.003661019088820544,0.012463940706435205,0.012463940706435205,0.012956524210514915,0.012956524210514915,0.011508375661575362,0.011508375661575362,0.012309613526175161,0.012309613526175161,0.008333639083829314,0.008333639083829314,0.008687409529980133,0.008687409529980133,0.007659840079656474,0.007659840079656474,0.008226962897821972,0.008226962897821972,0.051848972333876496
pendigits,ExtraTrees,1100,10,0.011400755688328953,0.08582264977754735,0.05268470172058738,0.017387743708505116,0.017387743708505116,0.01759297997394315,0.01759297997394315,0.015839633019488337,0.015839633019488337,0.016940118900645534,0.016940118900645534,0.09676286792727991,0.09676286792727991,0.09618235544872487,0.09618235544872487,0.09456559041325281,0.09456559041325281,0.09583693792975252,0.09583693792975252,0.060061212485763245,0.060061212485763245,0.05976305776215004,0.05976305776215004,0.05860040502185595,0.05860040502185595,0.059474891756589744,0.059474891756589744,0.05082287500044913
pendigits,LightGBM,1100,10,0.0012981148343873994,0.007797327829163665,0.005032290909330896,0.0024211278877234827,0.0024211278877234827,0.005604476198652672,0.005604476198652672,0.00405448379570149,0.00405448379570149,0.004026695960692548,0.004026695960692548,0.01019810456777041,0.01019810456777041,0.014280725103456302,0.014280725103456302,0.011755593730962627,0.011755593730962627,0.012078141134063114,0.012078141134063114,0.006835936233576016,0.006835936233576016,0.00973106790177895,0.00973106790177895,0.0078084852338251905,0.0078084852338251905,0.008125163123060053,0.008125163123060053,0.05234947233354129
pendigits,LinearModel,1100,10,0.033344671098264576,0.10581121269928132,0.06990742182890308,0.04037842366823715,0.04037842366823715,0.0414518851370944,0.0414518851370944,0.03841620764457579,0.03841620764457579,0.04008217214996911,0.04008217214996911,0.11967385258341841,0.11967385258341841,0.12104576675716254,0.12104576675716254,0.11652569151130869,0.11652569151130869,0.11908177028396322,0.11908177028396322,0.07976590269082093,0.07976590269082093,0.0806726361511211,0.0806726361511211,0.07767638755825616,0.07767638755825616,0.07937164213339941,0.07937164213339941,0.05913730566680897
pendigits,NeuralNetFastAI,1100,10,0.0005824192086093986,0.004819607202697482,0.0030233000243000273,0.0013310390392281706,0.0013310390392281706,0.002097897269341072,0.002097897269341072,0.0013310309748555797,0.0013310309748555797,0.0015866557611416074,0.0015866557611416074,0.007693565649265143,0.007693565649265143,0.008460427304760527,0.008460427304760527,0.007692975443898493,0.007692975443898493,0.00794898946597472,0.00794898946597472,0.005009802389914098,0.005009802389914098,0.005540121719899172,0.005540121719899172,0.005009394810330253,0.005009394810330253,0.005186439640047841,0.005186439640047841,0.05501716666670594
pendigits,NeuralNetTorch,1100,10,0.0009422258784420211,0.0061325000013990405,0.0038578228456889797,0.003315461615893167,0.003315461615893167,0.0016150240453651494,0.0016150240453651494,0.0028737177539135297,0.0028737177539135297,0.002601401138390615,0.002601401138390615,0.0102952543727413,0.0102952543727413,0.00859480849118899,0.00859480849118899,0.009853490020384673,0.009853490020384673,0.009581184294771653,0.009581184294771653,0.006947886933673189,0.006947886933673189,0.005784449305346316,0.005784449305346316,0.006541427063731784,0.006541427063731784,0.006424587767583763,0.006424587767583763,0.05539931966632139
pendigits,RandomForest,1100,10,0.010761446285082068,0.07444501663534343,0.04540471551469003,0.022180396630388566,0.022180396630388566,0.02414691917641599,0.02414691917641599,0.021656485140398342,0.021656485140398342,0.022661266982400965,0.022661266982400965,0.09480074839801543,0.09480074839801543,0.09528572862560612,0.09528572862560612,0.0927953941963667,0.0927953941963667,0.09429395707332942,0.09429395707332942,0.05905496266945575,0.05905496266945575,0.05961856038489454,0.05961856038489454,0.057876304912248176,0.057876304912248176,0.05884994265553282,0.05884994265553282,0.05407062499944004
pendigits,XGBoost,1100,10,0.0025062337204737146,0.011829058665083984,0.007640731205749373,0.007186052701386077,0.007186052701386077,0.005078938034824073,0.005078938034824073,0.010385521248804926,0.010385521248804926,0.0075501706616716915,0.0075501706616716915,0.01838130957361373,0.01838130957361373,0.01627428985542126,0.01627428985542126,0.02158289370188532,0.02158289370188532,0.018746164376973438,0.018746164376973438,0.012258607096400125,0.012258607096400125,0.010772034296518586,0.010772034296518586,0.014463290025569196,0.014463290025569196,0.012497977139495969,0.012497977139495969,0.055551583334211806
robert,CatBoost,1000,10,0.017624948294056503,0.2383850026162454,0.12209890408003464,0.2701518761986315,0.2701518761986315,0.27839474026368416,0.27839474026368416,0.2707101856716282,0.2707101856716282,0.2730856007113146,0.2730856007113146,0.8863902796800988,0.8863902796800988,0.8987649689353533,0.8987649689353533,0.884616077329685,0.884616077329685,0.8899237753150456,0.8899237753150456,0.47327208524922926,0.47327208524922926,0.4803948572460641,0.4803948572460641,0.47437362105713005,0.47437362105713005,0.47601352118414114,0.47601352118414114,0.04778965266693073
robert,ExtraTrees,1000,10,0.0680658098179553,0.4998728279425654,0.237385178014579,0.24729894250640996,0.24729894250640996,0.2402749112782322,0.2402749112782322,0.24792346011922883,0.24792346011922883,0.24516577130129033,0.24516577130129033,0.9706887226505275,0.9706887226505275,0.959092481934281,0.959092481934281,0.9717559103193563,0.9717559103193563,0.9671790383013882,0.9671790383013882,0.46901025341700825,0.46901025341700825,0.46247970650010073,0.46247970650010073,0.46931318248873527,0.46931318248873527,0.4669343808019481,0.4669343808019481,0.04795988900029139
robert,LightGBM,1000,10,0.007535427270837726,0.1515053119553022,0.07433105159940193,0.2857332439988912,0.2857332439988912,0.2937559162617622,0.2937559162617622,0.2842945765315244,0.2842945765315244,0.2879279122640592,0.2879279122640592,0.8157650239860632,0.8157650239860632,0.8278008975827675,0.8278008975827675,0.8142865727924875,0.8142865727924875,0.819284164787106,0.819284164787106,0.4557717952149659,0.4557717952149659,0.4612557437837321,0.4612557437837321,0.4542979365386191,0.4542979365386191,0.45710849184577235,0.45710849184577235,0.04850386100103302
robert,LinearModel,1000,10,0.24785945106419613,0.9292555489488609,0.47333529627112203,0.6308985667334585,0.6308985667334585,0.6455771775149716,0.6455771775149716,0.6567137927583977,0.6567137927583977,0.6443965123356092,0.6443965123356092,1.2022898068997716,1.2022898068997716,1.2306758701164398,1.2306758701164398,1.2284259383129663,1.2284259383129663,1.2204638717763927,1.2204638717763927,0.7228117421075007,0.7228117421075007,0.7312265400434019,0.7312265400434019,0.7333362132170882,0.7333362132170882,0.7291248317893303,0.7291248317893303,0.047342666667342805
robert,NeuralNetFastAI,1000,10,0.004850223811458982,0.1293875899722339,0.06304291164382365,0.27463045696361127,0.27463045696361127,0.29969961745633716,0.29969961745633716,0.28703937509401556,0.28703937509401556,0.287123149837988,0.287123149837988,0.869711377555314,0.869711377555314,0.9033369877180758,0.9033369877180758,0.8936178691051534,0.8936178691051534,0.8888887447928479,0.8888887447928479,0.4674834158977966,0.4674834158977966,0.489219600510856,0.489219600510856,0.47951482894626074,0.47951482894626074,0.4787392817849711,0.4787392817849711,0.04794626399961999
robert,NeuralNetTorch,1000,10,0.01393316565559233,0.22094795238396908,0.10823914274763084,0.29821871580131404,0.29821871580131404,0.30455048457530814,0.30455048457530814,0.3074698153105138,0.3074698153105138,0.30341300522904535,0.30341300522904535,0.9627244561494185,0.9627244561494185,0.9731201972966921,0.9731201972966921,0.9776286271604684,0.9776286271604684,0.9711577602021929,0.9711577602021929,0.5016424558673926,0.5016424558673926,0.5066411882898948,0.5066411882898948,0.5095806449155568,0.5095806449155568,0.5059547630242814,0.5059547630242814,0.04827794433246405
robert,RandomForest,1000,10,0.06645873146276295,0.49250925973351917,0.23481679186598217,0.26930667610044723,0.26930667610044723,0.26704045418175887,0.26704045418175887,0.2728163270908544,0.2728163270908544,0.2697211524576868,0.2697211524576868,1.0038301470796829,1.0038301470796829,1.0033529787117512,1.0033529787117512,1.0061980081716988,1.0061980081716988,1.004460377987711,1.004460377987711,0.4910090323777726,0.4910090323777726,0.4877483977425982,0.4877483977425982,0.4932216282531531,0.4932216282531531,0.490659686124508,0.490659686124508,0.05520116666715088
robert,XGBoost,1000,10,0.02338617787886926,0.29370448226336154,0.14310535579655284,0.27191750417380617,0.27191750417380617,0.2724096086668071,0.2724096086668071,0.27159015458434216,0.27159015458434216,0.27197242247498515,0.27197242247498515,0.9197617512445299,0.9197617512445299,0.9184587180975702,0.9184587180975702,0.9167827175186336,0.9167827175186336,0.9183343956202444,0.9183343956202444,0.4807729432401564,0.4807729432401564,0.4794106241708108,0.4794106241708108,0.4790392279505282,0.4790392279505282,0.4797409317871651,0.4797409317871651,0.04721713900047083
volcanoes-b1,CatBoost,1018,5,0.00045513170869576657,0.019712063861693326,0.011268150848170698,0.018033628037655767,0.018033628037655767,0.0258219809946247,0.0258219809946247,0.02314979043469936,0.02314979043469936,0.02233513315565994,0.02233513315565994,0.07134829206422821,0.07134829206422821,0.0807039679162428,0.0807039679162428,0.07842319544266589,0.07842319544266589,0.07682515180771231,0.07682515180771231,0.04206365913073438,0.04206365913073438,0.04760864193465173,0.04760864193465173,0.04640306332766092,0.04640306332766092,0.045358454797682336,0.045358454797682336,0.0425804303328429
volcanoes-b1,ExtraTrees,1018,5,0.001626433791904622,0.032444946097926336,0.01963963246015379,0.018867258258724224,0.018867258258724224,0.03092401722496003,0.03092401722496003,0.026427378246679192,0.026427378246679192,0.02540621791012115,0.02540621791012115,0.08274433291878724,0.08274433291878724,0.09510897069610325,0.09510897069610325,0.09133794678486108,0.09133794678486108,0.08973041679991718,0.08973041679991718,0.05023629805053752,0.05023629805053752,0.05814187023044411,0.05814187023044411,0.05526758906063487,0.05526758906063487,0.05454858578053883,0.05454858578053883,0.044770750000073654
volcanoes-b1,LightGBM,1018,5,0.0008985909182515702,0.024625471925201824,0.014492761163882307,0.02378922914750295,0.02378922914750295,0.03235938082882682,0.03235938082882682,0.02975012815103498,0.02975012815103498,0.02863291270912158,0.02863291270912158,0.085350676014371,0.085350676014371,0.09524513788836343,0.09524513788836343,0.09191120631046766,0.09191120631046766,0.0908356734044007,0.0908356734044007,0.05143579574149617,0.05143579574149617,0.05771129071074919,0.05771129071074919,0.05517013997499246,0.05517013997499246,0.05477240880907927,0.05477240880907927,0.04516329166654032
volcanoes-b1,LinearModel,1018,5,0.0003019624297333631,0.017109805685544065,0.009895512143271102,0.019147840692861233,0.019147840692861233,0.02224762816980652,0.02224762816980652,0.025468428707287147,0.025468428707287147,0.02228796585665163,0.02228796585665163,0.07273869476215583,0.07273869476215583,0.07858179159293738,0.07858179159293738,0.08080627833119597,0.08080627833119597,0.07737558822876306,0.07737558822876306,0.04288906672892317,0.04288906672892317,0.04696142939525803,0.04696142939525803,0.04835117833438173,0.04835117833438173,0.046067224819520976,0.046067224819520976,0.04406115266707881
volcanoes-b1,NeuralNetFastAI,1018,5,0.0004367303630289617,0.01809172023421697,0.010486472612574045,0.02383501352490422,0.02383501352490422,0.029592076328811865,0.029592076328811865,0.026545061271046368,0.026545061271046368,0.026657383708254146,0.026657383708254146,0.08201904593306542,0.08201904593306542,0.09166420936579434,0.09166420936579434,0.08715303685796844,0.08715303685796844,0.08694543071894273,0.08694543071894273,0.04896849991327412,0.04896849991327412,0.05525363283608759,0.05525363283608759,0.052278684219092555,0.052278684219092555,0.05216693898948475,0.05216693898948475,0.04350197233240275
volcanoes-b1,NeuralNetTorch,1018,5,0.000490943918788432,0.01798999759887532,0.010596111021980166,0.023696379743040077,0.023696379743040077,0.03081686043570813,0.03081686043570813,0.027233157557058987,0.027233157557058987,0.027248799245269063,0.027248799245269063,0.07981555817527505,0.07981555817527505,0.08826208166167411,0.08826208166167411,0.08260380394591137,0.08260380394591137,0.08356048126095351,0.08356048126095351,0.04790821000312836,0.04790821000312836,0.053658252509122394,0.053658252509122394,0.049744245765644166,0.049744245765644166,0.050436902759298304,0.050436902759298304,0.044120833332272014
volcanoes-b1,RandomForest,1018,5,0.0012995979994181578,0.0285953144012137,0.016521986620091005,0.015773776876026685,0.015773776876026685,0.020994511011271755,0.020994511011271755,0.017663701559854764,0.017663701559854764,0.018143996482384402,0.018143996482384402,0.07701151989797553,0.07701151989797553,0.08779399009194962,0.08779399009194962,0.07908854127287088,0.07908854127287088,0.08129801708759868,0.08129801708759868,0.046158565650759445,0.046158565650759445,0.05354912450995923,0.05354912450995923,0.04749664100877498,0.04749664100877498,0.04906811038983122,0.04906811038983122,0.044355972332899306
volcanoes-b1,XGBoost,1018,5,0.000566913706494959,0.02235764534942703,0.012804585570577783,0.018778023276164527,0.018778023276164527,0.023460951140774833,0.023460951140774833,0.023370726833533348,0.023370726833533348,0.021869900416824236,0.021869900416824236,0.07428402534702241,0.07428402534702241,0.07969965008953325,0.07969965008953325,0.0778474362653616,0.0778474362653616,0.07727703723397243,0.07727703723397243,0.04366611718373752,0.04366611718373752,0.04727748020605036,0.04727748020605036,0.04639354864278467,0.04639354864278467,0.045779048677524185,0.045779048677524185,0.04259366666762313
volcanoes-b2,CatBoost,1067,5,0.0005657893116520998,0.020406299096959804,0.011691870488135608,0.021187163971689828,0.021187163971689828,0.016981456938007015,0.016981456938007015,0.024895168900901217,0.024895168900901217,0.021021263270199358,0.021021263270199358,0.07536722320546568,0.07536722320546568,0.06424355835962291,0.06424355835962291,0.08003361351672196,0.08003361351672196,0.07321479836060352,0.07321479836060352,0.044259661265452284,0.044259661265452284,0.03724561216188621,0.03724561216188621,0.04742391632413495,0.04742391632413495,0.04297639658382448,0.04297639658382448,0.046635277667519404
volcanoes-b2,ExtraTrees,1067,5,0.0027286349126300585,0.03645534381641459,0.021842911945115152,0.029286505249132337,0.029286505249132337,0.022512085607105506,0.022512085607105506,0.024941400570275163,0.024941400570275163,0.025579997142171,0.025579997142171,0.09931128819050607,0.09931128819050607,0.08676360897887608,0.08676360897887608,0.08990247040744347,0.08990247040744347,0.09199245585894188,0.09199245585894188,0.06019185958184054,0.06019185958184054,0.05201535041715651,0.05201535041715651,0.054095689656809165,0.054095689656809165,0.05543429988526874,0.05543429988526874,0.048167750000478314
volcanoes-b2,LightGBM,1067,5,0.0015177772409819858,0.027879087199134678,0.01652451082078418,0.028505469401609435,0.028505469401609435,0.027529591596445892,0.027529591596445892,0.02059682716186873,0.02059682716186873,0.025543962719974684,0.025543962719974684,0.0894759560315527,0.0894759560315527,0.08572668258996738,0.08572668258996738,0.08120238542047167,0.08120238542047167,0.08546834134733057,0.08546834134733057,0.053742930618810705,0.053742930618810705,0.05127869906704634,0.05127869906704634,0.048447892373466965,0.048447892373466965,0.051156507353108005,0.051156507353108005,0.04658745833391246
volcanoes-b2,LinearModel,1067,5,0.0005279930063592708,0.018225597434231154,0.010584307196040315,0.024380310215299728,0.024380310215299728,0.01818324247602413,0.01818324247602413,0.027256222743122848,0.027256222743122848,0.0232732584781489,0.0232732584781489,0.07858040588466414,0.07858040588466414,0.06747838921879831,0.06747838921879831,0.08445266237389705,0.08445266237389705,0.07683715249245317,0.07683715249245317,0.04702238213703756,0.04702238213703756,0.03973553385059621,0.03973553385059621,0.05033496258041233,0.05033496258041233,0.0456976261893487,0.0456976261893487,0.04636686100032724
volcanoes-b2,NeuralNetFastAI,1067,5,0.0002620464904624876,0.01276449755386589,0.007379603842862986,0.02631411859387234,0.02631411859387234,0.02213525321029109,0.02213525321029109,0.027948902324746713,0.027948902324746713,0.025466091376303384,0.025466091376303384,0.08898879891402267,0.08898879891402267,0.07896235070457375,0.07896235070457375,0.09096932575964581,0.09096932575964581,0.08630682512608075,0.08630682512608075,0.05369580370150492,0.05369580370150492,0.04760689103875021,0.04760689103875021,0.05504547857760864,0.05504547857760864,0.05211605777262126,0.05211605777262126,0.04695468066711328
volcanoes-b2,NeuralNetTorch,1067,5,0.0004184984402655963,0.022335214381593735,0.012760812791060403,0.023722680219059485,0.023722680219059485,0.019437475008861,0.019437475008861,0.02564282382388276,0.02564282382388276,0.02293432635060108,0.02293432635060108,0.09603079915872731,0.09603079915872731,0.0796836044105235,0.0796836044105235,0.09569204199272592,0.09569204199272592,0.09046881518732558,0.09046881518732558,0.0565822197923033,0.0565822197923033,0.04694657288567037,0.04694657288567037,0.056852304078312405,0.056852304078312405,0.053460365585428694,0.053460365585428694,0.04883195833341839
volcanoes-b2,RandomForest,1067,5,0.0020955785737269954,0.033422858867265516,0.019834951679019233,0.02538027776711743,0.02538027776711743,0.02256800696468874,0.02256800696468874,0.023643718982077722,0.023643718982077722,0.023864001237961296,0.023864001237961296,0.09200402492986795,0.09200402492986795,0.09077545033835197,0.09077545033835197,0.08911007335345353,0.08911007335345353,0.09062984954055782,0.09062984954055782,0.05594322876283725,0.05594322876283725,0.05453152983508183,0.05453152983508183,0.05369722686427653,0.05369722686427653,0.0547239951540652,0.0547239951540652,0.04692634733267672
volcanoes-b2,XGBoost,1067,5,0.001349724849746865,0.027897866496233874,0.015958939686801968,0.022558336129124244,0.022558336129124244,0.022827950851671483,0.022827950851671483,0.028438268775538778,0.028438268775538778,0.024608185252111503,0.024608185252111503,0.07712976023324707,0.07712976023324707,0.07567908715589258,0.07567908715589258,0.08682492687577921,0.08682492687577921,0.07987792475497295,0.07987792475497295,0.045255565612805276,0.045255565612805276,0.044232368173599906,0.044232368173599906,0.05139611219347071,0.05139611219347071,0.04696134865995863,0.04696134865995863,0.0470763056667541
volcanoes-b5,CatBoost,999,5,0.0006123048276108617,0.020109406879677303,0.011603034396410425,0.02317115854251424,0.02317115854251424,0.018348999161881104,0.018348999161881104,0.02371907283273705,0.02371907283273705,0.02174641017904413,0.02174641017904413,0.07651813741716958,0.07651813741716958,0.07154600323465732,0.07154600323465732,0.07555289177738708,0.07555289177738708,0.07453901080973799,0.07453901080973799,0.045259147923798704,0.045259147923798704,0.04240287657103016,0.04240287657103016,0.044600726619274576,0.044600726619274576,0.044087583704701144,0.044087583704701144,0.04364180533351222
volcanoes-b5,ExtraTrees,999,5,0.0025774957661788963,0.03865552344487053,0.023088190623654328,0.02405432516353878,0.02405432516353878,0.0210416916184802,0.0210416916184802,0.026228912199417486,0.026228912199417486,0.02377497632714549,0.02377497632714549,0.09817804484807731,0.09817804484807731,0.09320812369694043,0.09320812369694043,0.0973943122939892,0.0973943122939892,0.09626016027966898,0.09626016027966898,0.05943301323378752,0.05943301323378752,0.05630736871659034,0.05630736871659034,0.0595005799481104,0.0595005799481104,0.05841365396616275,0.05841365396616275,0.04347187500025029
volcanoes-b5,LightGBM,999,5,0.0009687694794763837,0.027521588372785795,0.01622497090663866,0.0233075364079779,0.0233075364079779,0.023695550986312562,0.023695550986312562,0.02540539214719495,0.02540539214719495,0.024136159847161803,0.024136159847161803,0.087551498408689,0.087551498408689,0.08748737420303988,0.08748737420303988,0.08642676629642981,0.08642676629642981,0.08715521296938623,0.08715521296938623,0.052616648038250995,0.052616648038250995,0.052645481276155245,0.052645481276155245,0.05214560478601788,0.05214560478601788,0.05246924470014137,0.05246924470014137,0.04239604166650679
volcanoes-b5,LinearModel,999,5,0.0006872098116750334,0.020867978877901847,0.012129785647234477,0.02902264216173864,0.02902264216173864,0.028680691124922504,0.028680691124922504,0.01933124710548122,0.01933124710548122,0.025678193464047455,0.025678193464047455,0.08969077495147093,0.08969077495147093,0.09198779846485627,0.09198779846485627,0.07640682743867247,0.07640682743867247,0.08602846695166655,0.08602846695166655,0.054059872339116764,0.054059872339116764,0.055417421996234104,0.055417421996234104,0.04520792065335216,0.04520792065335216,0.051561738329567675,0.051561738329567675,0.042565888667013496
volcanoes-b5,NeuralNetFastAI,999,5,0.0007909577494941509,0.02439619770710307,0.014310080758064477,0.023627889409019453,0.023627889409019453,0.026465961628276375,0.026465961628276375,0.02500140239193741,0.02500140239193741,0.025031751143077745,0.025031751143077745,0.09139161234728924,0.09139161234728924,0.09724671992810995,0.09724671992810995,0.08923386033790759,0.08923386033790759,0.09262406420443559,0.09262406420443559,0.05469175481545528,0.05469175481545528,0.05893817152455079,0.05893817152455079,0.05329179520643432,0.05329179520643432,0.05564057384881346,0.05564057384881346,0.04270581933330201
volcanoes-b5,NeuralNetTorch,999,5,0.00048093489419967007,0.024038308728390745,0.013974620462129154,0.025451100812694877,0.025451100812694877,0.025470044276889207,0.025470044276889207,0.021738853251107762,0.021738853251107762,0.02421999944689728,0.02421999944689728,0.10119973059703,0.10119973059703,0.10533524633181968,0.10533524633181968,0.09063698477337807,0.09063698477337807,0.09905732056740925,0.09905732056740925,0.06049810492661198,0.06049810492661198,0.062340797782519324,0.062340797782519324,0.05395709579109053,0.05395709579109053,0.058931999500073946,0.058931999500073946,0.04198894433284295
volcanoes-b5,RandomForest,999,5,0.0019302921202535932,0.0340037352573421,0.019458604537421702,0.020014362365497595,0.020014362365497595,0.019441645545008244,0.019441645545008244,0.01689729825934438,0.01689729825934438,0.018784435389950074,0.018784435389950074,0.08814714351727024,0.08814714351727024,0.08938556516559935,0.08938556516559935,0.07949028593192362,0.07949028593192362,0.08567433153826438,0.08567433153826438,0.05315275016027426,0.05315275016027426,0.0541133267535983,0.0541133267535983,0.047475375347801045,0.047475375347801045,0.051580484087224536,0.051580484087224536,0.04223429166692464
volcanoes-b5,XGBoost,999,5,0.0007743890425936602,0.025851417492325075,0.014631205277103343,0.026469861416195933,0.026469861416195933,0.027615348611459433,0.027615348611459433,0.027213966858870144,0.027213966858870144,0.027099725628841834,0.027099725628841834,0.08600917318528829,0.08600917318528829,0.09109215654423418,0.09109215654423418,0.08506511398888264,0.08506511398888264,0.08738881457280172,0.08738881457280172,0.051745760940014776,0.051745760940014776,0.054679643363133565,0.054679643363133565,0.050805802378201474,0.050805802378201474,0.052410402227116605,0.052410402227116605,0.04290491666567201
volcanoes-b6,CatBoost,1013,5,0.0007069256956990177,0.019504170795059634,0.011221497144560243,0.031102660344939824,0.031102660344939824,0.028755353029157417,0.028755353029157417,0.03201496866775867,0.03201496866775867,0.030624327347285304,0.030624327347285304,0.08418984332815532,0.08418984332815532,0.07812568432581463,0.07812568432581463,0.08682036458841795,0.08682036458841795,0.0830452974141293,0.0830452974141293,0.05042170309011004,0.05042170309011004,0.04657197043504057,0.04657197043504057,0.05274590388400906,0.05274590388400906,0.04991319246971989,0.04991319246971989,0.044798791666835314
volcanoes-b6,ExtraTrees,1013,5,0.0018947639006548255,0.034375314578192505,0.02048433570130177,0.024238153730372775,0.024238153730372775,0.020746093528911557,0.020746093528911557,0.0277675168912811,0.0277675168912811,0.02425058805018848,0.02425058805018848,0.09203723449581414,0.09203723449581414,0.09044767212556012,0.09044767212556012,0.09720314582321922,0.09720314582321922,0.0932293508148645,0.0932293508148645,0.05577718845045684,0.05577718845045684,0.05487413255049127,0.05487413255049127,0.05902975146659801,0.05902975146659801,0.056560357489182034,0.056560357489182034,0.04507616666645239
volcanoes-b6,LightGBM,1013,5,0.0011702734844151528,0.026357187206295495,0.015452562939601367,0.023898876437909694,0.023898876437909694,0.0281270153339032,0.0281270153339032,0.029857208172363363,0.029857208172363363,0.02729436664805875,0.02729436664805875,0.07989231348784918,0.07989231348784918,0.08653547984318662,0.08653547984318662,0.09126461838082618,0.09126461838082618,0.08589747057062065,0.08589747057062065,0.0480234091052028,0.0480234091052028,0.0525027271202638,0.0525027271202638,0.05554503910880709,0.05554503910880709,0.052023725111424564,0.052023725111424564,0.044892014000652125
volcanoes-b6,LinearModel,1013,5,0.0003547472129238345,0.017547776069100816,0.010194297857701913,0.020948064229208845,0.020948064229208845,0.02343916464642775,0.02343916464642775,0.025113517351836187,0.025113517351836187,0.023166915409157593,0.023166915409157593,0.07380450451818299,0.07380450451818299,0.0759065318876164,0.0759065318876164,0.08125253499813155,0.08125253499813155,0.07698785713464364,0.07698785713464364,0.04355958056077411,0.04355958056077411,0.04531975733308526,0.04531975733308526,0.048677257811683486,0.048677257811683486,0.04585219856851428,0.04585219856851428,0.044603208333379975
volcanoes-b6,NeuralNetFastAI,1013,5,0.00037031572557459045,0.015836364229095075,0.00920882029898925,0.01784367057351994,0.01784367057351994,0.025731677044527234,0.025731677044527234,0.023006777752995852,0.023006777752995852,0.022194041790347674,0.022194041790347674,0.07597549169055975,0.07597549169055975,0.08168660987833617,0.08168660987833617,0.08042714079156586,0.08042714079156586,0.0793630807868206,0.0793630807868206,0.04450030367665285,0.04450030367665285,0.049103131375909964,0.049103131375909964,0.04795352082515796,0.04795352082515796,0.04718565195924026,0.04718565195924026,0.04385011099899808
volcanoes-b6,NeuralNetTorch,1013,5,0.00048703081519714563,0.02619876223061088,0.014894723115956127,0.02670965537965115,0.02670965537965115,0.031825006063884116,0.031825006063884116,0.02601991733129832,0.02601991733129832,0.028184859591611194,0.028184859591611194,0.10655491951749417,0.10655491951749417,0.10056058604406641,0.10056058604406641,0.10348474534222629,0.10348474534222629,0.10353341696792895,0.10353341696792895,0.06357270607332162,0.06357270607332162,0.06076896425204904,0.06076896425204904,0.06250101829564862,0.06250101829564862,0.06228089620700642,0.06228089620700642,0.04432623600102185
volcanoes-b6,RandomForest,1013,5,0.001383808946485179,0.031694412691847085,0.018766121442519327,0.023032529838671698,0.023032529838671698,0.025202334279023905,0.025202334279023905,0.026806639319981288,0.026806639319981288,0.02501383447922563,0.02501383447922563,0.09005545083659736,0.09005545083659736,0.0939450927679899,0.0939450927679899,0.09239103351854455,0.09239103351854455,0.09213052570771059,0.09213052570771059,0.05449017694210377,0.05449017694210377,0.05705180413039853,0.05705180413039853,0.05582670337433866,0.05582670337433866,0.055789561482280314,0.055789561482280314,0.04395662500004013
volcanoes-b6,XGBoost,1013,5,0.0009507441471579504,0.02516714310221124,0.014375008060914601,0.022560572358286637,0.022560572358286637,0.026010957962681026,0.026010957962681026,0.026686258643804556,0.026686258643804556,0.025085929654924077,0.025085929654924077,0.07417606476260569,0.07417606476260569,0.07749485491010769,0.07749485491010769,0.08096980083083462,0.08096980083083462,0.077546906834516,0.077546906834516,0.04415518271023491,0.04415518271023491,0.04670824972819765,0.04670824972819765,0.04859731692901227,0.04859731692901227,0.04648691645581495,0.04648691645581495,0.05825676400005856
volkert,CatBoost,5831,10,0.00786869255130637,0.11370675150931676,0.06421180760410321,0.17394962014782753,0.17394962014782753,0.1763445861251376,0.1763445861251376,0.17616958747723904,0.17616958747723904,0.17548793125006804,0.17548793125006804,0.5231517582193345,0.5231517582193345,0.5247851432227392,0.5247851432227392,0.5284793683597769,0.5284793683597769,0.5254720899339502,0.5254720899339502,0.3073778898476691,0.3073778898476691,0.30831404472501367,0.30831404472501367,0.31018633327039546,0.31018633327039546,0.3086260892810261,0.3086260892810261,0.22247754166770997
volkert,ExtraTrees,5831,10,0.05372474487137684,0.375876255104135,0.20128288861963975,0.2081287237796743,0.2081287237796743,0.20242150077078008,0.20242150077078008,0.20427648667608994,0.20427648667608994,0.20494223707551482,0.20494223707551482,0.7154472367400301,0.7154472367400301,0.7040759962343774,0.7040759962343774,0.7095225476460351,0.7095225476460351,0.7096819268734809,0.7096819268734809,0.39222844795774775,0.39222844795774775,0.38505767804632357,0.38505767804632357,0.3880309069525541,0.3880309069525541,0.3884390109855418,0.3884390109855418,0.2432771943337381
volkert,LightGBM,5831,10,0.014659388676216164,0.14623174491276478,0.08363888574110404,0.19430854092434774,0.19430854092434774,0.19146588512869464,0.19146588512869464,0.1370313510650026,0.1370313510650026,0.17426859237268166,0.17426859237268166,0.5256906057350194,0.5256906057350194,0.5200536713011313,0.5200536713011313,0.4392026175105596,0.4392026175105596,0.49498229818223677,0.49498229818223677,0.3169412778482338,0.3169412778482338,0.31336949890812493,0.31336949890812493,0.2605253649277604,0.2605253649277604,0.29694538056137304,0.29694538056137304,0.23980816666638324
volkert,LinearModel,5831,10,0.03507931014555769,0.2746011329628368,0.14889917754229445,0.23204949250264933,0.23204949250264933,0.23225531680302827,0.23225531680302827,0.23292546128523112,0.23292546128523112,0.2324100901969696,0.2324100901969696,0.7058049484343037,0.7058049484343037,0.7032745314809302,0.7032745314809302,0.7058420561245587,0.7058420561245587,0.7049738453465976,0.7049738453465976,0.39523037399174443,0.39523037399174443,0.3939910448423695,0.3939910448423695,0.39512406867421807,0.39512406867421807,0.39478182916944404,0.39478182916944404,0.23833552799987956
volkert,NeuralNetFastAI,5831,10,0.0047297946708924786,0.0946615503279002,0.051902588674734886,0.17684706720435872,0.17684706720435872,0.17161064962339262,0.17161064962339262,0.17012212134791868,0.17012212134791868,0.17285994605855667,0.17285994605855667,0.49025198097658806,0.49025198097658806,0.48344284724572106,0.48344284724572106,0.4810505932445536,0.4810505932445536,0.48491514048895423,0.48491514048895423,0.2924922069225013,0.2924922069225013,0.288554632798929,0.288554632798929,0.28682875710985406,0.28682875710985406,0.28929186561042813,0.28929186561042813,0.24249499999981103
volkert,NeuralNetTorch,5831,10,0.0042187959189809755,0.08354234758628522,0.04636418943327202,0.1728902696289738,0.1728902696289738,0.17354061558587955,0.17354061558587955,0.18118889980229388,0.18118889980229388,0.1758732616723824,0.1758732616723824,0.5066859674344621,0.5066859674344621,0.50566557883646,0.50566557883646,0.519147862451016,0.519147862451016,0.5104998029073127,0.5104998029073127,0.29956702866634366,0.29956702866634366,0.29898528687755715,0.29898528687755715,0.3072586006557501,0.3072586006557501,0.3019369720665503,0.3019369720665503,0.24218623633350944
volkert,RandomForest,5831,10,0.04768371300717827,0.3453452348329215,0.1850196624249789,0.19037370759816377,0.19037370759816377,0.18893956208248452,0.18893956208248452,0.18642081094214402,0.18642081094214402,0.1885780268742641,0.1885780268742641,0.6723713329184828,0.6723713329184828,0.6678893304954772,0.6678893304954772,0.6639916640308867,0.6639916640308867,0.6680841091482822,0.6680841091482822,0.3669604621295507,0.3669604621295507,0.3645768882780831,0.3645768882780831,0.36190027575166256,0.36190027575166256,0.36447920871976547,0.36447920871976547,0.2465389723329281
volkert,XGBoost,5831,10,0.01592521201740465,0.14419241851537037,0.08394488565491044,0.2015069987050268,0.2015069987050268,0.19518537968311392,0.19518537968311392,0.142354740781535,0.142354740781535,0.17968237305655857,0.17968237305655857,0.5194246116095387,0.5194246116095387,0.5147850495179048,0.5147850495179048,0.4334094913690974,0.4334094913690974,0.48920638416551365,0.48920638416551365,0.31296790916598005,0.31296790916598005,0.3095540256250598,0.3095540256250598,0.2566764452570829,0.2566764452570829,0.29306612668270754,0.29306612668270754,0.2690091250005935
