dataset,model,test_size,true_brier,true_l1,true_l2,Beta-CV_brier_draw0,Beta-CV_brier_draw0_unclipped,Beta-CV_brier_draw1,Beta-CV_brier_draw1_unclipped,Beta-CV_brier_draw2,Beta-CV_brier_draw2_unclipped,Beta-CV_brier,Beta-CV_brier_unclipped,Beta-CV_l1_draw0,Beta-CV_l1_draw0_unclipped,Beta-CV_l1_draw1,Beta-CV_l1_draw1_unclipped,Beta-CV_l1_draw2,Beta-CV_l1_draw2_unclipped,Beta-CV_l1,Beta-CV_l1_unclipped,Beta-CV_l2_draw0,Beta-CV_l2_draw0_unclipped,Beta-CV_l2_draw1,Beta-CV_l2_draw1_unclipped,Beta-CV_l2_draw2,Beta-CV_l2_draw2_unclipped,Beta-CV_l2,Beta-CV_l2_unclipped,Beta-CV_time
2dplanes,CatBoost,4077,0.0010357467002906422,0.016759806470045092,0.016759806470045092,0.0002474329082806261,0.0002474329082806261,0.0003243242880271656,0.0003243242880271656,0.0,-0.00010675040216922138,0.00019058573210259725,0.00015500226471285678,0.010824604867469256,0.010824604867469256,0.012936123810111284,0.012936123810111284,0.005885194572345117,0.005885194572345117,0.009881974416641888,0.009881974416641888,0.010824604867469256,0.010824604867469256,0.012936123810111284,0.012936123810111284,0.005885194572345117,0.005885194572345117,0.009881974416641888,0.009881974416641888,0.008692819666369664
2dplanes,ExtraTrees,4077,0.00060943821379165,0.013471089267672749,0.013471089267672749,0.000323800493066819,0.000323800493066819,0.000573597526779854,0.000573597526779854,0.0,-0.00013120105749842877,0.0002991326732822243,0.00025539898744941477,0.010175910928800469,0.010175910928800469,0.01602483930838916,0.01602483930838916,0.003997267750502513,0.003997267750502513,0.010066005995897381,0.010066005995897381,0.010175910928800469,0.010175910928800469,0.01602483930838916,0.01602483930838916,0.003997267750502513,0.003997267750502513,0.010066005995897381,0.010066005995897381,0.0079846529988572
2dplanes,LightGBM,4077,0.0006452912859289947,0.014063984582822505,0.014063984582822505,7.536209393895011e-05,7.536209393895011e-05,0.00020230119557380498,0.00020230119557380498,0.0,-0.0001820779401938532,9.255442983758502e-05,3.186178310630062e-05,0.0062610262427662345,0.0062610262427662345,0.008467409960302928,0.008467409960302928,0.0010224160572775151,0.0010224160572775151,0.0052502840867822255,0.0052502840867822255,0.0062610262427662345,0.0062610262427662345,0.008467409960302928,0.008467409960302928,0.0010224160572775151,0.0010224160572775151,0.0052502840867822255,0.0052502840867822255,0.007839916665640581
2dplanes,LinearModel,4077,0.006020850286611491,0.05546835795935246,0.05546835795935246,6.871587376660011e-05,6.871587376660011e-05,0.0,-0.00017975351899519347,2.0999257832705253e-05,2.0999257832705253e-05,2.990504386643512e-05,-3.001279579862937e-05,0.008398538247521337,0.008398538247521337,0.006475869813852418,0.006475869813852418,0.009263655938819618,0.009263655938819618,0.00804602133339779,0.00804602133339779,0.008398538247521337,0.008398538247521337,0.006475869813852418,0.006475869813852418,0.009263655938819618,0.009263655938819618,0.00804602133339779,0.00804602133339779,0.008043055666348664
2dplanes,NeuralNetFastAI,4077,0.0003691270459463433,0.010036207619855754,0.010036207619855754,5.2264997704170975e-05,5.2264997704170975e-05,0.00022077874662193686,0.00022077874662193686,0.0,-0.00026891520685391285,9.101458144203595e-05,1.3761791573983345e-06,0.007008191335044745,0.007008191335044745,0.0045499256184442305,0.0045499256184442305,0.0,-0.0012650871642968734,0.0038527056511629917,0.003431009929730701,0.007008191335044745,0.007008191335044745,0.0045499256184442305,0.0045499256184442305,0.0,-0.0012650871642968734,0.0038527056511629917,0.003431009929730701,0.00790855566568401
2dplanes,NeuralNetTorch,4077,0.0003406932270880549,0.009938694772379074,0.009938694772379074,8.596295437602094e-05,8.596295437602094e-05,3.93365691138392e-05,3.93365691138392e-05,0.0,-0.00011346744899322916,4.1766507829953375e-05,3.944024832210323e-06,0.008260732611208781,0.008260732611208781,0.00660017808899712,0.00660017808899712,0.00848733694713879,0.00848733694713879,0.007782749215781565,0.007782749215781565,0.008260732611208781,0.008260732611208781,0.00660017808899712,0.00660017808899712,0.00848733694713879,0.00848733694713879,0.007782749215781565,0.007782749215781565,0.007667666667354449
2dplanes,RandomForest,4077,0.000662710189717478,0.012572317079092885,0.012572317079092885,5.56167873887321e-05,5.56167873887321e-05,0.00014875540898090078,0.00014875540898090078,0.0,-0.0001399928814472215,6.812406545654429e-05,2.1459771640803794e-05,0.005850251176824862,0.005850251176824862,0.008312691251194873,0.008312691251194873,0.002742711893603751,0.002742711893603751,0.005635218107207829,0.005635218107207829,0.005850251176824862,0.005850251176824862,0.008312691251194873,0.008312691251194873,0.002742711893603751,0.002742711893603751,0.005635218107207829,0.005635218107207829,0.007555499999095143
2dplanes,XGBoost,4077,0.0007391555875778144,0.013616694989012785,0.013616694989012785,9.230201760541727e-05,9.230201760541727e-05,0.00016002379196943244,0.00016002379196943244,0.0,-0.00024363679130740918,8.410860319161657e-05,2.896339422480183e-06,0.007740919380411067,0.007740919380411067,0.00916885519161669,0.00916885519161669,0.0,-0.0010271538351585361,0.0056365915240092525,0.00529420691228974,0.007740919380411067,0.007740919380411067,0.00916885519161669,0.00916885519161669,0.0,-0.0010271538351585361,0.0056365915240092525,0.00529420691228974,0.00783931966604238
APSFailure,CatBoost,7600,0.00023072929039153674,0.0018584471185175446,0.0018584471185175446,0.0002891292200364895,0.0002891292200364895,0.00010655191398948043,0.00010655191398948043,0.0004247068347875722,0.0004247068347875722,0.0002734626562711807,0.0002734626562711807,0.0015955427204354285,0.0015955427204354285,0.0020822909782705927,0.0020822909782705927,0.0029647900583964467,0.0029647900583964467,0.002214207919034156,0.002214207919034156,0.0015955427204354285,0.0015955427204354285,0.0020822909782705927,0.0020822909782705927,0.0029647900583964467,0.0029647900583964467,0.002214207919034156,0.002214207919034156,0.018951513999733532
APSFailure,ExtraTrees,7600,0.0006226824370906533,0.0051914377608753915,0.0051914377608753915,0.0009978835133542488,0.0009978835133542488,0.0005153294378895157,0.0005153294378895157,0.0007635777121988539,0.0007635777121988539,0.0007589302211475395,0.0007589302211475395,0.006017047724011431,0.006017047724011431,0.005197277345568613,0.005197277345568613,0.005882320672686834,0.005882320672686834,0.005698881914088959,0.005698881914088959,0.006017047724011431,0.006017047724011431,0.005197277345568613,0.005197277345568613,0.005882320672686834,0.005882320672686834,0.005698881914088959,0.005698881914088959,0.0170803886661209
APSFailure,LightGBM,7600,0.00045686417862927437,0.0026085678974425864,0.0026085678974425864,0.00012005874584473949,0.00012005874584473949,0.00025244866885943345,0.00025244866885943345,0.0006415219346900913,0.0006415219346900913,0.00033800978313142143,0.00033800978313142143,0.0021335649343231316,0.0021335649343231316,0.0019844433262797842,0.0019844433262797842,0.003321778907533802,0.003321778907533802,0.0024799290560455728,0.0024799290560455728,0.0021335649343231316,0.0021335649343231316,0.0019844433262797842,0.0019844433262797842,0.003321778907533802,0.003321778907533802,0.0024799290560455728,0.0024799290560455728,0.01601156966595833
APSFailure,LinearModel,7600,0.0003803322741956466,0.0034943082985187082,0.0034943082985187082,0.00027708234013663647,0.00027708234013663647,0.0005583645071342047,0.0005583645071342047,0.00035471993626885555,0.00035471993626885555,0.0003967222611798989,0.0003967222611798989,0.0032013019919448966,0.0032013019919448966,0.004691801091318538,0.004691801091318538,0.003018898420922366,0.003018898420922366,0.0036373338347286,0.0036373338347286,0.0032013019919448966,0.0032013019919448966,0.004691801091318538,0.004691801091318538,0.003018898420922366,0.003018898420922366,0.0036373338347286,0.0036373338347286,0.018768708333179045
APSFailure,NeuralNetFastAI,7600,0.0005370516703016731,0.002903728571302389,0.002903728571302389,0.0004267576909473525,0.0004267576909473525,0.0005590739851359209,0.0005590739851359209,0.00033087722022444955,0.00033087722022444955,0.0004389029654359076,0.0004389029654359076,0.0022534111405488337,0.0022534111405488337,0.0036210892865521697,0.0036210892865521697,0.0025149930760057703,0.0025149930760057703,0.0027964978343689244,0.0027964978343689244,0.0022534111405488337,0.0022534111405488337,0.0036210892865521697,0.0036210892865521697,0.0025149930760057703,0.0025149930760057703,0.0027964978343689244,0.0027964978343689244,0.01435779166664967
APSFailure,NeuralNetTorch,7600,0.0003528082933513664,0.0026576990019937415,0.0026576990019937415,0.00027281368115298146,0.00027281368115298146,0.0004295096532138813,0.0004295096532138813,0.00027813282054578805,0.00027813282054578805,0.00032681871830421693,0.00032681871830421693,0.002842269803179653,0.002842269803179653,0.004207872638029058,0.004207872638029058,0.0026547628744080947,0.0026547628744080947,0.003234968438538935,0.003234968438538935,0.002842269803179653,0.002842269803179653,0.004207872638029058,0.004207872638029058,0.0026547628744080947,0.0026547628744080947,0.003234968438538935,0.003234968438538935,0.015168486334005138
APSFailure,RandomForest,7600,0.0007705903281132056,0.0069554844467050935,0.0069554844467050935,0.0008568338111067509,0.0008568338111067509,0.0005131119912820541,0.0005131119912820541,0.0006792173827845316,0.0006792173827845316,0.0006830543950577788,0.0006830543950577788,0.005921052631395134,0.005921052631395134,0.005035087733688813,0.005035087733688813,0.00591491229862808,0.00591491229862808,0.005623684221237342,0.005623684221237342,0.005921052631395134,0.005921052631395134,0.005035087733688813,0.005035087733688813,0.00591491229862808,0.00591491229862808,0.005623684221237342,0.005623684221237342,0.014530027999474745
APSFailure,XGBoost,7600,0.0004522037960324727,0.00276524990062937,0.00276524990062937,0.0002717533285849862,0.0002717533285849862,0.00010915785311033011,0.00010915785311033011,0.00030538085162032423,0.00030538085162032423,0.00022876401110521354,0.00022876401110521354,0.002246643085686389,0.002246643085686389,0.0019702654632208962,0.0019702654632208962,0.0028595245010767127,0.0028595245010767127,0.0023588110166613326,0.0023588110166613326,0.002246643085686389,0.002246643085686389,0.0019702654632208962,0.0019702654632208962,0.0028595245010767127,0.0028595245010767127,0.0023588110166613326,0.0023588110166613326,0.01654386099956658
Amazon_employee_access,CatBoost,3277,6.587767880525423e-05,0.007047274838570309,0.007047274838570309,0.00016098735622505365,0.00016098735622505365,9.181582216499696e-06,9.181582216499696e-06,0.0,-9.885566008687507e-05,5.672297948051779e-05,2.3771092784892765e-05,0.011286993266325153,0.011286993266325153,0.008827105581733123,0.008827105581733123,0.008565915693342231,0.008565915693342231,0.009560004847133503,0.009560004847133503,0.011286993266325153,0.011286993266325153,0.008827105581733123,0.008827105581733123,0.008565915693342231,0.008565915693342231,0.009560004847133503,0.009560004847133503,0.0078606943328244
Amazon_employee_access,ExtraTrees,3277,0.0011848128098959204,0.021936008014946693,0.021936008014946693,0.0012935773518099204,0.0012935773518099204,0.0019105406928560623,0.0019105406928560623,0.0013263164358415505,0.0013263164358415505,0.0015101448268358443,0.0015101448268358443,0.023615938495090905,0.023615938495090905,0.028049266457484925,0.028049266457484925,0.022319190210964318,0.022319190210964318,0.024661465054513384,0.024661465054513384,0.023615938495090905,0.023615938495090905,0.028049266457484925,0.028049266457484925,0.022319190210964318,0.022319190210964318,0.024661465054513384,0.024661465054513384,0.008098861000083465
Amazon_employee_access,LightGBM,3277,0.00011584613744030146,0.006122729817486624,0.006122729817486624,0.00024324453603042606,0.00024324453603042606,0.0,-0.0001398042293569776,0.0,-9.237049522407125e-05,8.108151201014203e-05,3.6899371497924044e-06,0.005746376495791311,0.005746376495791311,0.003757084172183797,0.003757084172183797,0.007841781857157757,0.007841781857157757,0.0057817475083776215,0.0057817475083776215,0.005746376495791311,0.005746376495791311,0.003757084172183797,0.003757084172183797,0.007841781857157757,0.007841781857157757,0.0057817475083776215,0.0057817475083776215,0.008197180333809229
Amazon_employee_access,LinearModel,3277,0.000577567983805529,0.015529851627251633,0.015529851627251633,0.0013944337197100744,0.0013944337197100744,0.0006399119756815167,0.0006399119756815167,0.0007607206783042564,0.0007607206783042564,0.0009316887912319492,0.0009316887912319492,0.019907688411099904,0.019907688411099904,0.021316403247413747,0.021316403247413747,0.017068742643979253,0.017068742643979253,0.019430944767497637,0.019430944767497637,0.019907688411099904,0.019907688411099904,0.021316403247413747,0.021316403247413747,0.017068742643979253,0.017068742643979253,0.019430944767497637,0.019430944767497637,0.008118861333059613
Amazon_employee_access,NeuralNetFastAI,3277,0.0003750018116364677,0.009594039574861163,0.009594039574861163,7.90412330332686e-05,7.90412330332686e-05,0.0004486328051492594,0.0004486328051492594,0.0006977677275890555,0.0006977677275890555,0.00040848058859052784,0.00040848058859052784,0.006735101596844207,0.006735101596844207,0.011476941081602325,0.011476941081602325,0.008266785226109772,0.008266785226109772,0.008826275968185434,0.008826275968185434,0.006735101596844207,0.006735101596844207,0.011476941081602325,0.011476941081602325,0.008266785226109772,0.008266785226109772,0.008826275968185434,0.008826275968185434,0.00849422233295627
Amazon_employee_access,NeuralNetTorch,3277,0.001192830126488589,0.0172959970043751,0.0172959970043751,0.000773116655375255,0.000773116655375255,0.0002886152819938867,0.0002886152819938867,0.0006450050673237829,0.0006450050673237829,0.0005689123348976416,0.0005689123348976416,0.011072136818689656,0.011072136818689656,0.013569561476419347,0.013569561476419347,0.015807112693095447,0.015807112693095447,0.01348293699606815,0.01348293699606815,0.011072136818689656,0.011072136818689656,0.013569561476419347,0.013569561476419347,0.015807112693095447,0.015807112693095447,0.01348293699606815,0.01348293699606815,0.007748708333868611
Amazon_employee_access,RandomForest,3277,0.0010407990874690906,0.019401031244190358,0.019401031244190358,0.000981353859189417,0.000981353859189417,0.0013802273521888657,0.0013802273521888657,0.0006488564882476184,0.0006488564882476184,0.0010034792332086337,0.0010034792332086337,0.01973730297051518,0.01973730297051518,0.023588063028806734,0.023588063028806734,0.01873669966368694,0.01873669966368694,0.020687355221002953,0.020687355221002953,0.01973730297051518,0.01973730297051518,0.023588063028806734,0.023588063028806734,0.01873669966368694,0.01873669966368694,0.020687355221002953,0.020687355221002953,0.007978846999321831
Amazon_employee_access,XGBoost,3277,6.127144786686918e-05,0.006959118745905035,0.006959118745905035,0.0,-5.4073044438163234e-05,7.313205719469995e-05,7.313205719469995e-05,0.0,-0.00011060721880738605,2.4377352398233316e-05,-3.0516068683616446e-05,0.011161723414871946,0.011161723414871946,0.011817123036096108,0.011817123036096108,0.0057488795850729486,0.0057488795850729486,0.009575908678680333,0.009575908678680333,0.011161723414871946,0.011161723414871946,0.011817123036096108,0.011817123036096108,0.0057488795850729486,0.0057488795850729486,0.009575908678680333,0.009575908678680333,0.008015027999742111
Click_prediction_small,CatBoost,3995,0.00038633628898235186,0.01768859708588454,0.01768859708588454,0.0005617279435533576,0.0005617279435533576,0.00023343317756348557,0.00023343317756348557,5.6566418930732315e-05,5.6566418930732315e-05,0.00028390918001585844,0.00028390918001585844,0.025631381880063028,0.025631381880063028,0.017507754213226787,0.017507754213226787,0.013854470219724207,0.013854470219724207,0.018997868771004674,0.018997868771004674,0.025631381880063028,0.025631381880063028,0.017507754213226787,0.017507754213226787,0.013854470219724207,0.013854470219724207,0.018997868771004674,0.018997868771004674,0.010656513666617684
Click_prediction_small,ExtraTrees,3995,0.0008215564260373532,0.023610837407146718,0.023610837407146718,0.0008206010772633034,0.0008206010772633034,0.001029246239578427,0.001029246239578427,0.0005706945131908134,0.0005706945131908134,0.0008068472766775145,0.0008068472766775145,0.02567164072952232,0.02567164072952232,0.023317224567042702,0.023317224567042702,0.024399422289155544,0.024399422289155544,0.02446276252857352,0.02446276252857352,0.02567164072952232,0.02567164072952232,0.023317224567042702,0.023317224567042702,0.024399422289155544,0.024399422289155544,0.02446276252857352,0.02446276252857352,0.009718097332855299
Click_prediction_small,LightGBM,3995,0.0004458847215889114,0.01815457796381882,0.01815457796381882,0.0003565651727249114,0.0003565651727249114,0.0005607869155163401,0.0005607869155163401,7.153174003025072e-05,7.153174003025072e-05,0.0003296279427571674,0.0003296279427571674,0.021750914891633916,0.021750914891633916,0.018857544380238976,0.018857544380238976,0.010610958786147444,0.010610958786147444,0.017073139352673444,0.017073139352673444,0.021750914891633916,0.021750914891633916,0.018857544380238976,0.018857544380238976,0.010610958786147444,0.010610958786147444,0.017073139352673444,0.017073139352673444,0.009292041667019172
Click_prediction_small,LinearModel,3995,0.003433357252839177,0.038138102764381475,0.038138102764381475,0.0035233278344491453,0.0035233278344491453,0.002226104929934088,0.002226104929934088,0.0013892484148888083,0.0013892484148888083,0.0023795603930906804,0.0023795603930906804,0.039415073377174675,0.039415073377174675,0.02976852751375457,0.02976852751375457,0.03348142133666685,0.03348142133666685,0.03422167407586537,0.03422167407586537,0.039415073377174675,0.039415073377174675,0.02976852751375457,0.02976852751375457,0.03348142133666685,0.03348142133666685,0.03422167407586537,0.03422167407586537,0.009318860999580162
Click_prediction_small,NeuralNetFastAI,3995,0.0006152494557119272,0.02168230629401941,0.02168230629401941,0.001187869310061955,0.001187869310061955,0.00017765055902973278,0.00017765055902973278,0.0,-1.7620108606000574e-05,0.0004551732896972293,0.00044929992016189574,0.03243253289177566,0.03243253289177566,0.018399871917364558,0.018399871917364558,0.009650595867901443,0.009650595867901443,0.020161000225680552,0.020161000225680552,0.03243253289177566,0.03243253289177566,0.018399871917364558,0.018399871917364558,0.009650595867901443,0.009650595867901443,0.020161000225680552,0.020161000225680552,0.008666888999869116
Click_prediction_small,NeuralNetTorch,3995,0.000906484864703196,0.025087184047802014,0.025087184047802014,0.0008322768349324095,0.0008322768349324095,0.00036705531218627453,0.00036705531218627453,0.00019053754275286772,0.00019053754275286772,0.0004632898966238506,0.0004632898966238506,0.028601275450574497,0.028601275450574497,0.019997528823237114,0.019997528823237114,0.018341270951642764,0.018341270951642764,0.02231335840848479,0.02231335840848479,0.028601275450574497,0.028601275450574497,0.019997528823237114,0.019997528823237114,0.018341270951642764,0.018341270951642764,0.02231335840848479,0.02231335840848479,0.009665124999931626
Click_prediction_small,RandomForest,3995,0.0011413213978873715,0.02535429986824517,0.02535429986824517,0.0012631369990424774,0.0012631369990424774,0.0016242506719908207,0.0016242506719908207,0.0004791460703570214,0.0004791460703570214,0.001122177913796773,0.001122177913796773,0.0328766552046963,0.0328766552046963,0.02054978587251018,0.02054978587251018,0.021580386030811465,0.021580386030811465,0.02500227570267265,0.02500227570267265,0.0328766552046963,0.0328766552046963,0.02054978587251018,0.02054978587251018,0.021580386030811465,0.021580386030811465,0.02500227570267265,0.02500227570267265,0.009545736000291072
Click_prediction_small,XGBoost,3995,0.00047790328474461684,0.018971117007725632,0.018971117007725632,0.0002158487651770906,0.0002158487651770906,0.0002692901839139836,0.0002692901839139836,6.015538483921941e-05,6.015538483921941e-05,0.00018176477797676453,0.00018176477797676453,0.02027746699257953,0.02027746699257953,0.018353165026424274,0.018353165026424274,0.011395444305297757,0.011395444305297757,0.016675358774767186,0.016675358774767186,0.02027746699257953,0.02027746699257953,0.018353165026424274,0.018353165026424274,0.011395444305297757,0.011395444305297757,0.016675358774767186,0.016675358774767186,0.009126097333743624
PhishingWebsites,CatBoost,1106,0.00011501653449411958,0.003910267557744939,0.003910267557744939,0.0,-0.0014038560482450874,0.0,-0.0010062152433135173,0.00028018605148866536,0.00028018605148866536,9.339535049622179e-05,-0.0007099617466899798,0.0,-0.003536738291604494,0.0,-0.00722007041761052,0.005755875869246917,0.005755875869246917,0.0019186252897489724,-0.001666977613322699,0.0,-0.003536738291604494,0.0,-0.00722007041761052,0.005755875869246917,0.005755875869246917,0.0019186252897489724,-0.001666977613322699,0.005044916666520294
PhishingWebsites,ExtraTrees,1106,0.0066681586143801565,0.05625384704162044,0.05625384704162044,0.004814432110291789,0.004814432110291789,0.005473942044623403,0.005473942044623403,0.006748090720231422,0.006748090720231422,0.005678821625048871,0.005678821625048871,0.051352909877605796,0.051352909877605796,0.05544202520323001,0.05544202520323001,0.05545465389692274,0.05545465389692274,0.054083196325919514,0.054083196325919514,0.051352909877605796,0.051352909877605796,0.05544202520323001,0.05544202520323001,0.05545465389692274,0.05545465389692274,0.054083196325919514,0.054083196325919514,0.005682652667019283
PhishingWebsites,LightGBM,1106,9.452185636811948e-05,0.0038107923112926127,0.0038107923112926127,0.0,-0.0005139001887714331,0.0,-0.00045795872754329537,0.0007554151834909035,0.0007554151834909035,0.0002518050611636345,-7.214791094127498e-05,0.002262994893079739,0.002262994893079739,0.0,-0.00011012383636832826,0.009356922457607794,0.009356922457607794,0.003873305783562511,0.0038365978381064013,0.002262994893079739,0.002262994893079739,0.0,-0.00011012383636832826,0.009356922457607794,0.009356922457607794,0.003873305783562511,0.0038365978381064013,0.005080263666362346
PhishingWebsites,LinearModel,1106,0.00021872736660312296,0.00902476140604523,0.00902476140604523,0.0,-0.000564327593351903,0.0,-8.593933054220529e-05,0.0,-0.0006349921647029246,0.0,-0.00042841969619901096,0.0025657311825795395,0.0025657311825795395,0.010029313155547337,0.010029313155547337,0.0,-0.00212908635114323,0.004198348112708959,0.0034886526623278823,0.0025657311825795395,0.0025657311825795395,0.010029313155547337,0.010029313155547337,0.0,-0.00212908635114323,0.004198348112708959,0.0034886526623278823,0.004951513999306674
PhishingWebsites,NeuralNetFastAI,1106,4.744237505240245e-05,0.003141969719634052,0.003141969719634052,0.0,-0.0009090275321930909,0.0,-0.0009038245791016868,6.815249300552052e-06,6.815249300552052e-06,2.271749766850684e-06,-0.0006020122873314085,0.0,-0.00024801517727582296,0.0,-0.0068606758419327875,0.0067698044834047805,0.0067698044834047805,0.00225660149446826,-0.00011296217860127672,0.0,-0.00024801517727582296,0.0,-0.0068606758419327875,0.0067698044834047805,0.0067698044834047805,0.00225660149446826,-0.00011296217860127672,0.004874527666591651
PhishingWebsites,NeuralNetTorch,1106,0.00011321565322257829,0.004358799474228134,0.004358799474228134,0.0,-0.0006482825025541792,0.0,-0.0012799336825484,0.00037653048760097113,0.00037653048760097113,0.00012551016253365703,-0.0005172285658338692,0.0,-0.0033815455744120775,0.0,-0.009307537470309508,0.005452233943647939,0.005452233943647939,0.0018174113145493131,-0.002412283033691215,0.0,-0.0033815455744120775,0.0,-0.009307537470309508,0.005452233943647939,0.005452233943647939,0.0018174113145493131,-0.002412283033691215,0.0049179166671819985
PhishingWebsites,RandomForest,1106,0.005133421861791541,0.04618638428999584,0.04618638428999584,0.002972934498795246,0.002972934498795246,0.004479195307941655,0.004479195307941655,0.004487854853901081,0.004487854853901081,0.0039799948868793275,0.0039799948868793275,0.040150899338068306,0.040150899338068306,0.047973622989733546,0.047973622989733546,0.044863046656285765,0.044863046656285765,0.04432918966136254,0.04432918966136254,0.040150899338068306,0.040150899338068306,0.047973622989733546,0.047973622989733546,0.044863046656285765,0.044863046656285765,0.04432918966136254,0.04432918966136254,0.00518359733420463
PhishingWebsites,XGBoost,1106,8.611671452407753e-05,0.0031778621042838112,0.0031778621042838112,0.0,-0.0015632641280989578,0.0,-0.000603858855253734,0.0003293627150598256,0.0003293627150598256,0.00010978757168660855,-0.000612586756097622,0.0,-0.0074222892670584165,0.0,-0.0059707560573666356,0.008395232048925439,0.008395232048925439,0.0027984106829751464,-0.001665937758499871,0.0,-0.0074222892670584165,0.0,-0.0059707560573666356,0.008395232048925439,0.008395232048925439,0.0027984106829751464,-0.001665937758499871,0.004978778000804596
Run_or_walk_information,CatBoost,8859,0.00010483370935025374,0.001972443140557718,0.001972443140557718,1.1062815729913569e-05,1.1062815729913569e-05,3.1338456433378564e-05,3.1338456433378564e-05,0.0,-6.331805011519596e-05,1.4133757387764046e-05,-6.972259317301275e-06,0.001964785541770969,0.001964785541770969,0.001693532727763186,0.001693532727763186,0.0007058019541354479,0.0007058019541354479,0.001454706741223201,0.001454706741223201,0.001964785541770969,0.001964785541770969,0.001693532727763186,0.001693532727763186,0.0007058019541354479,0.0007058019541354479,0.001454706741223201,0.001454706741223201,0.01393912500013054
Run_or_walk_information,ExtraTrees,8859,0.002147695508629922,0.02022570610150847,0.02022570610150847,0.001809386094438603,0.001809386094438603,0.0017980792213009012,0.0017980792213009012,0.002199696258952735,0.002199696258952735,0.001935720524897413,0.001935720524897413,0.019383299859155077,0.019383299859155077,0.018037775531726554,0.018037775531726554,0.020713773579812404,0.020713773579812404,0.019378282990231345,0.019378282990231345,0.019383299859155077,0.019383299859155077,0.018037775531726554,0.018037775531726554,0.020713773579812404,0.020713773579812404,0.019378282990231345,0.019378282990231345,0.014723764000033649
Run_or_walk_information,LightGBM,8859,0.00010954628564335039,0.0022700646441504158,0.0022700646441504158,0.0,-8.077288294883377e-06,1.5674928077263758e-05,1.5674928077263758e-05,0.00015080276190007838,0.00015080276190007838,5.549256332578071e-05,5.2800133894152916e-05,0.0009701233986169514,0.0009701233986169514,0.0023956781382987523,0.0023956781382987523,0.0030760212498936908,0.0030760212498936908,0.002147274262269798,0.002147274262269798,0.0009701233986169514,0.0009701233986169514,0.0023956781382987523,0.0023956781382987523,0.0030760212498936908,0.0030760212498936908,0.002147274262269798,0.002147274262269798,0.013635347000672482
Run_or_walk_information,LinearModel,8859,0.046580505774797464,0.15507859029528043,0.15507859029528043,0.011158655530197683,0.011158655530197683,0.011100974044120561,0.011100974044120561,0.011708130894560036,0.011708130894560036,0.011322586822959425,0.011322586822959425,0.11592285151108442,0.11592285151108442,0.1202495461044545,0.1202495461044545,0.11550976740759626,0.11550976740759626,0.11722738834104507,0.11722738834104507,0.11592285151108442,0.11592285151108442,0.1202495461044545,0.1202495461044545,0.11550976740759626,0.11550976740759626,0.11722738834104507,0.11722738834104507,0.028575652999279555
Run_or_walk_information,NeuralNetFastAI,8859,0.0001224129144028694,0.003099597334877249,0.003099597334877249,2.4691685459515186e-05,2.4691685459515186e-05,2.0774359753567378e-05,2.0774359753567378e-05,4.0966029784805766e-05,4.0966029784805766e-05,2.8810691665962776e-05,2.8810691665962776e-05,0.0020359312206396237,0.0020359312206396237,0.0030290666220673243,0.0030290666220673243,0.0029822960762398714,0.0029822960762398714,0.002682431306315606,0.002682431306315606,0.0020359312206396237,0.0020359312206396237,0.0030290666220673243,0.0030290666220673243,0.0029822960762398714,0.0029822960762398714,0.002682431306315606,0.002682431306315606,0.013637986000200423
Run_or_walk_information,NeuralNetTorch,8859,7.932355281150218e-05,0.0019208274511967615,0.0019208274511967615,9.894901137066333e-06,9.894901137066333e-06,3.718706012418577e-05,3.718706012418577e-05,4.99527889465161e-05,4.99527889465161e-05,3.2344916735922736e-05,3.2344916735922736e-05,0.0007516711023955582,0.0007516711023955582,0.0018998637968392885,0.0018998637968392885,0.0011513031478426583,0.0011513031478426583,0.0012676126823591685,0.0012676126823591685,0.0007516711023955582,0.0007516711023955582,0.0018998637968392885,0.0018998637968392885,0.0011513031478426583,0.0011513031478426583,0.0012676126823591685,0.0012676126823591685,0.012918625000262788
Run_or_walk_information,RandomForest,8859,0.0007853873470846317,0.010882730248931247,0.010882730248931247,0.0006914479252016074,0.0006914479252016074,0.000862049909955102,0.000862049909955102,0.0006285902417115779,0.0006285902417115779,0.0007273626922894291,0.0007273626922894291,0.01009431338738822,0.01009431338738822,0.011038786722024794,0.011038786722024794,0.0105729862798389,0.0105729862798389,0.010568695463083972,0.010568695463083972,0.01009431338738822,0.01009431338738822,0.011038786722024794,0.011038786722024794,0.0105729862798389,0.0105729862798389,0.010568695463083972,0.010568695463083972,0.01474980566611824
Run_or_walk_information,XGBoost,8859,9.801705724564982e-06,0.0010685539641082551,0.0010685539641082551,0.0,-6.213519972649401e-05,0.0,-6.739698002302609e-05,0.0,-5.246482784219669e-05,0.0,-6.066566919723892e-05,0.0,-0.0005520116335991686,0.0005410801766122085,0.0005410801766122085,0.0,-0.0002613184708767535,0.00018036005887073615,-9.074997595457122e-05,0.0,-0.0005520116335991686,0.0005410801766122085,0.0005410801766122085,0.0,-0.0002613184708767535,0.00018036005887073615,-9.074997595457122e-05,0.01472780533367768
adult,CatBoost,4885,0.0006152181577692995,0.01687512706217434,0.01687512706217434,0.0002890774604058,0.0002890774604058,0.0004814870076211471,0.0004814870076211471,0.0002300177253274241,0.0002300177253274241,0.0003335273977847904,0.0003335273977847904,0.01483054985325787,0.01483054985325787,0.016809581722766184,0.016809581722766184,0.01534485542181913,0.01534485542181913,0.015661662332614398,0.015661662332614398,0.01483054985325787,0.01483054985325787,0.016809581722766184,0.016809581722766184,0.01534485542181913,0.01534485542181913,0.015661662332614398,0.015661662332614398,0.009621819333309153
adult,ExtraTrees,4885,0.0011370991685457355,0.025229521107036034,0.025229521107036034,0.0009061908254160479,0.0009061908254160479,0.0012637003634200779,0.0012637003634200779,0.0005990569342622664,0.0005990569342622664,0.000922982707699464,0.000922982707699464,0.02561556562800801,0.02561556562800801,0.031115063448877166,0.031115063448877166,0.019339520572848396,0.019339520572848396,0.02535671654991119,0.02535671654991119,0.02561556562800801,0.02561556562800801,0.031115063448877166,0.031115063448877166,0.019339520572848396,0.019339520572848396,0.02535671654991119,0.02535671654991119,0.010375847334216814
adult,LightGBM,4885,0.0004237835510739854,0.013610577703054249,0.013610577703054249,0.000160067997502032,0.000160067997502032,0.00037019124667423374,0.00037019124667423374,3.771770797093185e-05,3.771770797093185e-05,0.00018932565071573253,0.00018932565071573253,0.009249168123407115,0.009249168123407115,0.014220758989638186,0.014220758989638186,0.011575094394799822,0.011575094394799822,0.011681673835948375,0.011681673835948375,0.009249168123407115,0.009249168123407115,0.014220758989638186,0.014220758989638186,0.011575094394799822,0.011575094394799822,0.011681673835948375,0.011681673835948375,0.010027596999861998
adult,LinearModel,4885,0.00027479023834166164,0.01382074661413434,0.01382074661413434,3.9470880805664306e-05,3.9470880805664306e-05,0.00015598708950695657,0.00015598708950695657,0.0,-5.7873808534867665e-05,6.515265677087362e-05,4.586138725925107e-05,0.006029053959475869,0.006029053959475869,0.017646718965505515,0.017646718965505515,0.006637848693800127,0.006637848693800127,0.010104540539593837,0.010104540539593837,0.006029053959475869,0.006029053959475869,0.017646718965505515,0.017646718965505515,0.006637848693800127,0.006637848693800127,0.010104540539593837,0.010104540539593837,0.010681930666275244
adult,NeuralNetFastAI,4885,0.0007270421928356895,0.019435569401433525,0.019435569401433525,0.0005855803321376375,0.0005855803321376375,0.0005680863962873282,0.0005680863962873282,0.0007101653195194502,0.0007101653195194502,0.0006212773493148053,0.0006212773493148053,0.021374535575134086,0.021374535575134086,0.015380540686803454,0.015380540686803454,0.020841231221236985,0.020841231221236985,0.019198769161058175,0.019198769161058175,0.021374535575134086,0.021374535575134086,0.015380540686803454,0.015380540686803454,0.020841231221236985,0.020841231221236985,0.019198769161058175,0.019198769161058175,0.010359791666511834
adult,NeuralNetTorch,4885,0.0009504127682872356,0.020245912457373255,0.020245912457373255,0.0005404062478679168,0.0005404062478679168,0.0005781009844373562,0.0005781009844373562,0.0004992360476665479,0.0004992360476665479,0.000539247759990607,0.000539247759990607,0.015326407335040837,0.015326407335040837,0.019795628926142325,0.019795628926142325,0.017037469876692492,0.017037469876692492,0.01738650204595855,0.01738650204595855,0.015326407335040837,0.015326407335040837,0.019795628926142325,0.019795628926142325,0.017037469876692492,0.017037469876692492,0.01738650204595855,0.01738650204595855,0.011645972333402218
adult,RandomForest,4885,0.0012868164993794738,0.026970672527330302,0.026970672527330302,0.0009978312017698131,0.0009978312017698131,0.0019304846035493085,0.0019304846035493085,0.0008491938384574598,0.0008491938384574598,0.0012591698812588605,0.0012591698812588605,0.026253382199553286,0.026253382199553286,0.031637789270074795,0.031637789270074795,0.02353619329993827,0.02353619329993827,0.027142454923188782,0.027142454923188782,0.026253382199553286,0.026253382199553286,0.031637789270074795,0.031637789270074795,0.02353619329993827,0.02353619329993827,0.027142454923188782,0.027142454923188782,0.011819874999976795
adult,XGBoost,4885,0.0005345494552161558,0.016391190786140295,0.016391190786140295,0.0,-1.1052896568680902e-05,0.0005568772733486537,0.0005568772733486537,6.0280848638848e-05,6.0280848638848e-05,0.0002057193739958339,0.00020203507513960692,0.009195969270226813,0.009195969270226813,0.022761549429470063,0.022761549429470063,0.011234533714933468,0.011234533714933468,0.01439735080487678,0.01439735080487678,0.009195969270226813,0.009195969270226813,0.022761549429470063,0.022761549429470063,0.011234533714933468,0.011234533714933468,0.01439735080487678,0.01439735080487678,0.011061527666849239
ailerons,CatBoost,1375,0.00027630217784780714,0.011567778694020077,0.011567778694020077,0.0,-0.00010584347925391392,0.0,-0.0006888589526572328,0.0,-0.0008213320719324558,0.0,-0.0005386781679478674,0.01309186871862039,0.01309186871862039,0.0,-0.000428563768340444,0.0,-0.013002145945221524,0.00436395623954013,-0.000112946998313859,0.01309186871862039,0.01309186871862039,0.0,-0.000428563768340444,0.0,-0.013002145945221524,0.00436395623954013,-0.000112946998313859,0.0059412083331456715
ailerons,ExtraTrees,1375,0.0013176445909882613,0.0290793574283598,0.0290793574283598,0.0005483999392740482,0.0005483999392740482,0.0005129578834119205,0.0005129578834119205,0.0005495935918937491,0.0005495935918937491,0.0005369838048599058,0.0005369838048599058,0.02363277155157729,0.02363277155157729,0.02742005761641882,0.02742005761641882,0.02142496912288268,0.02142496912288268,0.024159266096959595,0.024159266096959595,0.02363277155157729,0.02363277155157729,0.02742005761641882,0.02742005761641882,0.02142496912288268,0.02142496912288268,0.024159266096959595,0.024159266096959595,0.0062340833331594086
ailerons,LightGBM,1375,0.00011693810695666074,0.008554613836744631,0.008554613836744631,0.0,-0.000531514344734081,0.0,-0.00086142409594008,0.0,-0.0005559563652325484,0.0,-0.0006496316019689031,0.0,-0.007206120567480949,0.0051383929458362135,0.0051383929458362135,0.014787097951481965,0.014787097951481965,0.00664183029910606,0.004239790109945743,0.0,-0.007206120567480949,0.0051383929458362135,0.0051383929458362135,0.014787097951481965,0.014787097951481965,0.00664183029910606,0.004239790109945743,0.006091361333043703
ailerons,LinearModel,1375,0.0001836785291027428,0.010391804801025004,0.010391804801025004,0.0,-0.00019763113496202206,0.0,-0.00035739710306739774,0.00012544200542630572,0.00012544200542630572,4.181400180876857e-05,-0.0001431954108677047,0.0061415853624401445,0.0061415853624401445,0.0098197204654359,0.0098197204654359,0.01045057528880848,0.01045057528880848,0.008803960372228175,0.008803960372228175,0.0061415853624401445,0.0061415853624401445,0.0098197204654359,0.0098197204654359,0.01045057528880848,0.01045057528880848,0.008803960372228175,0.008803960372228175,0.005861208333953982
ailerons,NeuralNetFastAI,1375,0.0001645495308457295,0.009278845729904126,0.009278845729904126,0.0,-0.00045357918426310083,0.0,-0.00011320622422339038,0.0,-0.0004920103824781253,0.0,-0.0003529319303215389,0.0,-0.01064851199906992,0.006449107187847568,0.006449107187847568,0.0,-0.003633665967939206,0.0021497023959491895,-0.0026110235930538526,0.0,-0.01064851199906992,0.006449107187847568,0.006449107187847568,0.0,-0.003633665967939206,0.0021497023959491895,-0.0026110235930538526,0.005925611333320073
ailerons,NeuralNetTorch,1375,0.0002283116865340639,0.010233639353312108,0.010233639353312108,0.0,-0.0001354581618863127,0.0,-0.00036424647620314634,0.0,-0.0005084662140296847,0.0,-0.0003360569507063812,0.0,-0.0035526799648306967,0.0,-0.0018926814388171558,0.0018101063367714893,0.0018101063367714893,0.0006033687789238298,-0.0012117516889587877,0.0,-0.0035526799648306967,0.0,-0.0018926814388171558,0.0018101063367714893,0.0018101063367714893,0.0006033687789238298,-0.0012117516889587877,0.006380930666637141
ailerons,RandomForest,1375,0.0006854447630043796,0.0203316415928791,0.0203316415928791,0.00013896254069102634,0.00013896254069102634,4.054459045585356e-05,4.054459045585356e-05,0.0002614895244916728,0.0002614895244916728,0.0001469988852128509,0.0001469988852128509,0.012455823974863795,0.012455823974863795,0.016598188496734525,0.016598188496734525,0.024035393451266415,0.024035393451266415,0.01769646864095491,0.01769646864095491,0.012455823974863795,0.012455823974863795,0.016598188496734525,0.016598188496734525,0.024035393451266415,0.024035393451266415,0.01769646864095491,0.01769646864095491,0.006544777666325293
ailerons,XGBoost,1375,7.454605353151486e-05,0.0065705054893200705,0.0065705054893200705,0.0,-0.00022577285577029228,0.0,-0.0006830612453648348,0.0,-0.00039393190717806805,0.0,-0.00043425533610439836,0.0,-0.004765392548065971,0.0026918061359743166,0.0026918061359743166,0.008687989979855378,0.008687989979855378,0.0037932653719432315,0.0022048011892545744,0.0,-0.004765392548065971,0.0026918061359743166,0.0026918061359743166,0.008687989979855378,0.008687989979855378,0.0037932653719432315,0.0022048011892545744,0.006105819667330555
bank-marketing,CatBoost,4522,0.0005132235775827006,0.01307845357417823,0.01307845357417823,0.00033343508401417353,0.00033343508401417353,0.0008263133307454969,0.0008263133307454969,0.0005420557022059316,0.0005420557022059316,0.000567268038988534,0.000567268038988534,0.01074329070843647,0.01074329070843647,0.01582304755562256,0.01582304755562256,0.01564794044166816,0.01564794044166816,0.014071426235242398,0.014071426235242398,0.01074329070843647,0.01074329070843647,0.01582304755562256,0.01582304755562256,0.01564794044166816,0.01564794044166816,0.014071426235242398,0.014071426235242398,0.012980569666979136
bank-marketing,ExtraTrees,4522,0.00027389379500799627,0.011776435399688001,0.011776435399688001,4.650000678123139e-05,4.650000678123139e-05,0.0,-9.234217196209336e-05,0.0,-0.00015403206275564532,1.5500002260410464e-05,-6.662474264550243e-05,0.008691514529654953,0.008691514529654953,0.003292933330580487,0.003292933330580487,0.006425805096683534,0.006425805096683534,0.006136750985639659,0.006136750985639659,0.008691514529654953,0.008691514529654953,0.003292933330580487,0.003292933330580487,0.006425805096683534,0.006425805096683534,0.006136750985639659,0.006136750985639659,0.01024883333351075
bank-marketing,LightGBM,4522,0.00020177039456570074,0.008544793628403111,0.008544793628403111,0.00010229804573141109,0.00010229804573141109,0.0008042377403952637,0.0008042377403952637,0.0,-0.00016693345755342293,0.00030217859537555827,0.0002465341095244173,0.005664119101473479,0.005664119101473479,0.014613068751106906,0.014613068751106906,0.009702140036958084,0.009702140036958084,0.009993109296512823,0.009993109296512823,0.005664119101473479,0.005664119101473479,0.014613068751106906,0.014613068751106906,0.009702140036958084,0.009702140036958084,0.009993109296512823,0.009993109296512823,0.011666069333538568
bank-marketing,LinearModel,4522,0.001231073646633584,0.01771170175477092,0.01771170175477092,0.0011668796039369495,0.0011668796039369495,0.0009397893260460516,0.0009397893260460516,0.0013177512755796923,0.0013177512755796923,0.0011414734018542312,0.0011414734018542312,0.020025298701156338,0.020025298701156338,0.013756318993945015,0.013756318993945015,0.019767402633678103,0.019767402633678103,0.017849673442926484,0.017849673442926484,0.020025298701156338,0.020025298701156338,0.013756318993945015,0.013756318993945015,0.019767402633678103,0.019767402633678103,0.017849673442926484,0.017849673442926484,0.014873028000389846
bank-marketing,NeuralNetFastAI,4522,0.0001663844076763581,0.006980738153360599,0.006980738153360599,6.963454343680613e-05,6.963454343680613e-05,0.0,-6.305382512724132e-05,0.0,-0.0002021753928060749,2.3211514478935374e-05,-6.519822483217003e-05,0.007971450456760835,0.007971450456760835,0.005817633010586012,0.005817633010586012,0.0,-0.0004044569384583538,0.004596361155782282,0.004461542176296165,0.007971450456760835,0.007971450456760835,0.005817633010586012,0.005817633010586012,0.0,-0.0004044569384583538,0.004596361155782282,0.004461542176296165,0.010595985999922656
bank-marketing,NeuralNetTorch,4522,0.0001924682271929433,0.006890143246673141,0.006890143246673141,0.00011727050294319274,0.00011727050294319274,8.276107276614825e-05,8.276107276614825e-05,0.0,-0.00018724162246668352,6.667719190311367e-05,4.263317747552491e-06,0.0007096176049147947,0.0007096176049147947,0.002917440441968545,0.002917440441968545,0.003727803285184225,0.003727803285184225,0.0024516204440225217,0.0024516204440225217,0.0007096176049147947,0.0007096176049147947,0.002917440441968545,0.002917440441968545,0.003727803285184225,0.003727803285184225,0.0024516204440225217,0.0024516204440225217,0.009104708333325107
bank-marketing,RandomForest,4522,0.0002454993245856833,0.011252096679536966,0.011252096679536966,4.514862733717922e-05,4.514862733717922e-05,2.740027433875884e-05,2.740027433875884e-05,0.0,-6.270028878607664e-05,2.418296722531269e-05,3.282870963287142e-06,0.006109554085049675,0.006109554085049675,0.008437142234212788,0.008437142234212788,0.008229391075253431,0.008229391075253431,0.007592029131505297,0.007592029131505297,0.006109554085049675,0.006109554085049675,0.008437142234212788,0.008437142234212788,0.008229391075253431,0.008229391075253431,0.007592029131505297,0.007592029131505297,0.01038838866710042
bank-marketing,XGBoost,4522,0.00047387595942246255,0.011958409853437551,0.011958409853437551,0.00015033647835779182,0.00015033647835779182,0.0008160080733987191,0.0008160080733987191,0.0005843226127335018,0.0005843226127335018,0.0005168890548300042,0.0005168890548300042,0.006880373825407517,0.006880373825407517,0.01355630552338331,0.01355630552338331,0.01585766836368801,0.01585766836368801,0.012098115904159613,0.012098115904159613,0.006880373825407517,0.006880373825407517,0.01355630552338331,0.01355630552338331,0.01585766836368801,0.01585766836368801,0.012098115904159613,0.012098115904159613,0.012490847000056723
delta_elevators,CatBoost,952,0.00020880514056423636,0.012558266367032505,0.012558266367032505,0.0,-0.0001863887944844516,0.0006332902554138464,0.0006332902554138464,0.0,-0.0007474426494735364,0.00021109675180461547,-0.00010018039618138053,0.01605454415360274,0.01605454415360274,0.017531456349113322,0.017531456349113322,0.0,-0.01302486336254417,0.011195333500905354,0.006853712380057297,0.01605454415360274,0.01605454415360274,0.017531456349113322,0.017531456349113322,0.0,-0.01302486336254417,0.011195333500905354,0.006853712380057297,0.00482870833366178
delta_elevators,ExtraTrees,952,0.0034708040120754553,0.054296452067342404,0.054296452067342404,0.0031272657932827747,0.0031272657932827747,0.003323619062054593,0.003323619062054593,0.0008330334605357597,0.0008330334605357597,0.0024279727719577087,0.0024279727719577087,0.05149992144404433,0.05149992144404433,0.055507294417891116,0.055507294417891116,0.03810132848110614,0.03810132848110614,0.04836951478101387,0.04836951478101387,0.05149992144404433,0.05149992144404433,0.055507294417891116,0.055507294417891116,0.03810132848110614,0.03810132848110614,0.04836951478101387,0.04836951478101387,0.005202125000020412
delta_elevators,LightGBM,952,0.00031472046437343364,0.016041899277503845,0.016041899277503845,0.000396541771292104,0.000396541771292104,0.000944797958504292,0.000944797958504292,0.0,-0.0005587007875703903,0.00044711324326546535,0.0002608796474086686,0.019869620106652566,0.019869620106652566,0.022121930766866364,0.022121930766866364,0.0016747294081875881,0.0016747294081875881,0.014555426760568839,0.014555426760568839,0.019869620106652566,0.019869620106652566,0.022121930766866364,0.022121930766866364,0.0016747294081875881,0.0016747294081875881,0.014555426760568839,0.014555426760568839,0.0049220556672177436
delta_elevators,LinearModel,952,0.0006587720091662157,0.01935168200737685,0.01935168200737685,0.0007561190444734865,0.0007561190444734865,0.00021092525470523175,0.00021092525470523175,0.0,-0.0005675750615561899,0.00032234809972623944,0.0001331564125408428,0.030850785412860373,0.030850785412860373,0.013629497840859685,0.013629497840859685,0.0,-0.0015913947584315891,0.01482676108457335,0.014296296165096154,0.030850785412860373,0.030850785412860373,0.013629497840859685,0.013629497840859685,0.0,-0.0015913947584315891,0.01482676108457335,0.014296296165096154,0.00496670833308599
delta_elevators,NeuralNetFastAI,952,0.000379645069313219,0.01539118967758907,0.01539118967758907,0.00039495447891116933,0.00039495447891116933,0.00024456044017780583,0.00024456044017780583,0.0,-0.0008807516514326335,0.00021317163969632505,-8.041224411455277e-05,0.021652853258503548,0.021652853258503548,0.01162047319607567,0.01162047319607567,0.0,-0.009891085847651566,0.011091108818193073,0.007794080202309217,0.021652853258503548,0.021652853258503548,0.01162047319607567,0.01162047319607567,0.0,-0.009891085847651566,0.011091108818193073,0.007794080202309217,0.0074917223331188625
delta_elevators,NeuralNetTorch,952,0.00040540976264224343,0.016273342592552687,0.016273342592552687,0.0,-0.0003193086652740846,0.00010237283834200351,0.00010237283834200351,0.0,-0.0007983911983694891,3.41242794473345e-05,-0.00033844234176719007,0.015483423188634944,0.015483423188634944,0.011941296170135968,0.011941296170135968,0.0025400159966852123,0.0025400159966852123,0.009988245118485376,0.009988245118485376,0.015483423188634944,0.015483423188634944,0.011941296170135968,0.011941296170135968,0.0025400159966852123,0.0025400159966852123,0.009988245118485376,0.009988245118485376,0.008406013666293196
delta_elevators,RandomForest,952,0.0011662909718192576,0.028698917492630326,0.028698917492630326,0.0,-0.0003985756526877873,0.0010514663679097472,0.0010514663679097472,0.0,-0.0004558459603986238,0.00035048878930324904,6.568158494111204e-05,0.02402492872614926,0.02402492872614926,0.03408978256666465,0.03408978256666465,0.016374833288895038,0.016374833288895038,0.024829848193902982,0.024829848193902982,0.02402492872614926,0.02402492872614926,0.03408978256666465,0.03408978256666465,0.016374833288895038,0.016374833288895038,0.024829848193902982,0.024829848193902982,0.00785927799976586
delta_elevators,XGBoost,952,0.00020807751953127272,0.013166452370370747,0.013166452370370747,0.00018093834342687202,0.00018093834342687202,0.00021037293781176993,0.00021037293781176993,0.0,-0.0005729084951827826,0.00013043709374621398,-6.0532404648046884e-05,0.02320212099389095,0.02320212099389095,0.0183600439377493,0.0183600439377493,0.0044318933938453835,0.0044318933938453835,0.015331352775161879,0.015331352775161879,0.02320212099389095,0.02320212099389095,0.0183600439377493,0.0183600439377493,0.0044318933938453835,0.0044318933938453835,0.015331352775161879,0.015331352775161879,0.005263236000852582
eeg-eye-state,CatBoost,1498,0.0006470860356479212,0.010574178733270599,0.010574178733270599,0.0002473208054948557,0.0002473208054948557,0.0010253113227488603,0.0010253113227488603,0.0,-0.00027047824429183757,0.000424210709414572,0.00033405129465062614,0.009657302093794227,0.009657302093794227,0.008914069405864424,0.008914069405864424,0.004854264408254555,0.004854264408254555,0.007808545302637735,0.007808545302637735,0.009657302093794227,0.009657302093794227,0.008914069405864424,0.008914069405864424,0.004854264408254555,0.004854264408254555,0.007808545302637735,0.007808545302637735,0.006003083332567864
eeg-eye-state,ExtraTrees,1498,0.025988050043628134,0.1408774455347409,0.1408774455347409,0.025816408851556154,0.025816408851556154,0.02557121734101362,0.02557121734101362,0.025211803253797727,0.025211803253797727,0.025533143148789166,0.025533143148789166,0.1428170897488113,0.1428170897488113,0.13975522950607464,0.13975522950607464,0.13901201632552754,0.13901201632552754,0.1405281118601378,0.1405281118601378,0.1428170897488113,0.1428170897488113,0.13975522950607464,0.13975522950607464,0.13901201632552754,0.13901201632552754,0.1405281118601378,0.1405281118601378,0.006457111333778205
eeg-eye-state,LightGBM,1498,0.0003252814603870711,0.007621748294114375,0.007621748294114375,0.0006173462743777261,0.0006173462743777261,0.0004942314156667866,0.0004942314156667866,0.0006825710540386164,0.0006825710540386164,0.000598049581361043,0.000598049581361043,0.006112933692306056,0.006112933692306056,0.006414953265385285,0.006414953265385285,0.011226427308641916,0.011226427308641916,0.00791810475544442,0.00791810475544442,0.006112933692306056,0.006112933692306056,0.006414953265385285,0.006414953265385285,0.011226427308641916,0.011226427308641916,0.00791810475544442,0.00791810475544442,0.006138819334106908
eeg-eye-state,LinearModel,1498,0.001906843841220247,0.034798441667082375,0.034798441667082375,0.0,-0.00024664759428979436,0.0,-0.0005337909692498085,0.0,-0.0002471686964449101,0.0,-0.000342535753328171,0.0,-0.003610942119829486,0.00022842802196860473,0.00022842802196860473,0.0,-5.62826208820012e-06,7.614267398953491e-05,-0.0011293807866496939,0.0,-0.003610942119829486,0.00022842802196860473,0.00022842802196860473,0.0,-5.62826208820012e-06,7.614267398953491e-05,-0.0011293807866496939,0.006574569333073062
eeg-eye-state,NeuralNetFastAI,1498,0.00014542071119450184,0.008729747439853074,0.008729747439853074,0.0003088810060278379,0.0003088810060278379,0.0,-0.00013273821209118224,0.0,-7.602321507621241e-05,0.00010296033534261264,3.337319295348108e-05,0.016340884612251486,0.016340884612251486,0.0008793836711310297,0.0008793836711310297,0.0169488301631859,0.0169488301631859,0.011389699482189472,0.011389699482189472,0.016340884612251486,0.016340884612251486,0.0008793836711310297,0.0008793836711310297,0.0169488301631859,0.0169488301631859,0.011389699482189472,0.011389699482189472,0.006447569333734767
eeg-eye-state,NeuralNetTorch,1498,0.00032580937256434893,0.00407839503036282,0.00407839503036282,0.0,-8.125348155812613e-05,0.0,-0.0011931283231128482,0.00017544453148889204,0.00017544453148889204,5.8481510496297346e-05,-0.00036631242439402745,0.0016232945988194727,0.0016232945988194727,0.0,-0.009553132552249252,0.0036300308565068275,0.0036300308565068275,0.0017511084851087669,-0.0014332690323076507,0.0016232945988194727,0.0016232945988194727,0.0,-0.009553132552249252,0.0036300308565068275,0.0036300308565068275,0.0017511084851087669,-0.0014332690323076507,0.005766625000736288
eeg-eye-state,RandomForest,1498,0.02405895088331239,0.1358734397884756,0.1358734397884756,0.026402650258696116,0.026402650258696116,0.024007041350689554,0.024007041350689554,0.02343738128510815,0.02343738128510815,0.024615690964831276,0.024615690964831276,0.142334223911104,0.142334223911104,0.13589452651083142,0.13589452651083142,0.13231642236243013,0.13231642236243013,0.13684839092812184,0.13684839092812184,0.142334223911104,0.142334223911104,0.13589452651083142,0.13589452651083142,0.13231642236243013,0.13231642236243013,0.13684839092812184,0.13684839092812184,0.006166500000593563
eeg-eye-state,XGBoost,1498,0.0003079101549047496,0.00688104010978535,0.00688104010978535,0.0,-0.0001717206299841849,0.0001176060897852444,0.0001176060897852444,0.0007455007855733821,0.0007455007855733821,0.00028770229178620883,0.00023046208179148056,0.00023165505098199932,0.00023165505098199932,0.0032267703382697502,0.0032267703382697502,0.010567158706837105,0.010567158706837105,0.0046751946986962846,0.0046751946986962846,0.00023165505098199932,0.00023165505098199932,0.0032267703382697502,0.0032267703382697502,0.010567158706837105,0.010567158706837105,0.0046751946986962846,0.0046751946986962846,0.005961291666608304
electricity,CatBoost,4532,0.00010843761911822794,0.004937411736887804,0.004937411736887804,0.0,-0.00013558845093789766,0.0,-0.00012813206412971826,0.0,-7.605398714602039e-05,0.0,-0.00011325816740454543,0.0019615190888132806,0.0019615190888132806,0.0,-0.0027269774813980163,0.0016313531893707217,0.0016313531893707217,0.0011976240927280008,0.000288631598928662,0.0019615190888132806,0.0019615190888132806,0.0,-0.0027269774813980163,0.0016313531893707217,0.0016313531893707217,0.0011976240927280008,0.000288631598928662,0.009567458334155768
electricity,ExtraTrees,4532,0.007086258880093106,0.06942670523509689,0.06942670523509689,0.007687716181740327,0.007687716181740327,0.007834549705678153,0.007834549705678153,0.006326283001195824,0.006326283001195824,0.0072828496295381006,0.0072828496295381006,0.07612385930066447,0.07612385930066447,0.07386584207549156,0.07386584207549156,0.06294498310310541,0.06294498310310541,0.07097822815975381,0.07097822815975381,0.07612385930066447,0.07612385930066447,0.07386584207549156,0.07386584207549156,0.06294498310310541,0.06294498310310541,0.07097822815975381,0.07097822815975381,0.01046151400078088
electricity,LightGBM,4532,0.00012710323371788613,0.005676105174072797,0.005676105174072797,0.0,-6.0815171683043426e-05,0.0,-0.0001623129899740709,0.0,-7.315582526483778e-05,0.0,-9.876132897398403e-05,0.0039871748118267426,0.0039871748118267426,0.0,-0.008569392292326823,0.0,-0.0010204874950740985,0.0013290582706089141,-0.001867568325191393,0.0039871748118267426,0.0039871748118267426,0.0,-0.008569392292326823,0.0,-0.0010204874950740985,0.0013290582706089141,-0.001867568325191393,0.009443583334359573
electricity,LinearModel,4532,0.0004035558214285251,0.017008395915046364,0.017008395915046364,0.0006194887364975881,0.0006194887364975881,0.0,-1.627421499728645e-05,5.9896513516111975e-05,5.9896513516111975e-05,0.00022646175000456668,0.00022103701167213788,0.024236370796519694,0.024236370796519694,0.010562303787045858,0.010562303787045858,0.007628057914139643,0.007628057914139643,0.01414224416590173,0.01414224416590173,0.024236370796519694,0.024236370796519694,0.010562303787045858,0.010562303787045858,0.007628057914139643,0.007628057914139643,0.01414224416590173,0.01414224416590173,0.009674528000080803
electricity,NeuralNetFastAI,4532,0.00033354277197180797,0.012777430792358987,0.012777430792358987,0.0003728705629291647,0.0003728705629291647,0.00010102845188580527,0.00010102845188580527,1.3534149187872916e-05,1.3534149187872916e-05,0.00016247772133428097,0.00016247772133428097,0.015833578214057186,0.015833578214057186,0.007043167645947764,0.007043167645947764,0.011558127928702668,0.011558127928702668,0.01147829126290254,0.01147829126290254,0.015833578214057186,0.015833578214057186,0.007043167645947764,0.007043167645947764,0.011558127928702668,0.011558127928702668,0.01147829126290254,0.01147829126290254,0.009737263999947269
electricity,NeuralNetTorch,4532,0.0002008343004878142,0.012690960519868476,0.012690960519868476,0.0001421027002910355,0.0001421027002910355,6.945642047094844e-05,6.945642047094844e-05,2.9368460731431675e-05,2.9368460731431675e-05,8.030919383113854e-05,8.030919383113854e-05,0.011863500211250053,0.011863500211250053,0.011614432536371637,0.011614432536371637,0.012945921112753115,0.012945921112753115,0.012141284620124934,0.012141284620124934,0.011863500211250053,0.011863500211250053,0.011614432536371637,0.011614432536371637,0.012945921112753115,0.012945921112753115,0.012141284620124934,0.012141284620124934,0.009542097000424596
electricity,RandomForest,4532,0.004441776453166886,0.0496580173616181,0.0496580173616181,0.0037775481928905,0.0037775481928905,0.004094989383109116,0.004094989383109116,0.003576400028699064,0.003576400028699064,0.0038163125348995596,0.0038163125348995596,0.047309501857467205,0.047309501857467205,0.045834067945585595,0.045834067945585595,0.04433362667614451,0.04433362667614451,0.04582573215973244,0.04582573215973244,0.047309501857467205,0.047309501857467205,0.045834067945585595,0.045834067945585595,0.04433362667614451,0.04433362667614451,0.04582573215973244,0.04582573215973244,0.009599597333969237
electricity,XGBoost,4532,4.8861021365858896e-05,0.0031008525334646356,0.0031008525334646356,0.0,-0.00023913614544526126,0.0,-0.00020802722466374397,0.0,-3.6072718588413704e-05,0.0,-0.00016107869623247298,0.0,-0.0036875951540799893,0.0,-0.004859760653634252,0.0048108031303561805,0.0048108031303561805,0.0016036010434520602,-0.001245517559119354,0.0,-0.0036875951540799893,0.0,-0.004859760653634252,0.0048108031303561805,0.0048108031303561805,0.0016036010434520602,-0.001245517559119354,0.00894373600021936
fried,CatBoost,4077,0.001154454166467346,0.022346031385042747,0.022346031385042747,0.0010897930364194045,0.0010897930364194045,0.00124476683317274,0.00124476683317274,0.001216154222809915,0.001216154222809915,0.00118357136413402,0.00118357136413402,0.026352529680534538,0.026352529680534538,0.024087093684720805,0.024087093684720805,0.022749187508539093,0.022749187508539093,0.024396270291264812,0.024396270291264812,0.026352529680534538,0.026352529680534538,0.024087093684720805,0.024087093684720805,0.022749187508539093,0.022749187508539093,0.024396270291264812,0.024396270291264812,0.008695486332726432
fried,ExtraTrees,4077,0.006903059541016786,0.06332892553083012,0.06332892553083012,0.007365690842332247,0.007365690842332247,0.00590748992317454,0.00590748992317454,0.0067872716712922545,0.0067872716712922545,0.006686817478933013,0.006686817478933013,0.06698389244746707,0.06698389244746707,0.06067533216612568,0.06067533216612568,0.06538958292075739,0.06538958292075739,0.06434960251145004,0.06434960251145004,0.06698389244746707,0.06698389244746707,0.06067533216612568,0.06067533216612568,0.06538958292075739,0.06538958292075739,0.06434960251145004,0.06434960251145004,0.008866749999773068
fried,LightGBM,4077,0.00026798282706437396,0.010261553242490265,0.010261553242490265,0.00022392706024464986,0.00022392706024464986,0.00015748202613063424,0.00015748202613063424,0.0001383860861907317,0.0001383860861907317,0.00017326505752200523,0.00017326505752200523,0.010777950227439475,0.010777950227439475,0.010208757273863885,0.010208757273863885,0.009839383671378462,0.009839383671378462,0.010275363724227273,0.010275363724227273,0.010777950227439475,0.010777950227439475,0.010208757273863885,0.010208757273863885,0.009839383671378462,0.009839383671378462,0.010275363724227273,0.010275363724227273,0.008124138999846764
fried,LinearModel,4077,0.001254826499521398,0.029152005908696158,0.029152005908696158,0.0008440926620261605,0.0008440926620261605,0.0003379883183334638,0.0003379883183334638,0.001272809778326687,0.001272809778326687,0.0008182969195621037,0.0008182969195621037,0.027212999112917947,0.027212999112917947,0.023335745021888347,0.023335745021888347,0.03261073436100772,0.03261073436100772,0.027719826165271338,0.027719826165271338,0.027212999112917947,0.027212999112917947,0.023335745021888347,0.023335745021888347,0.03261073436100772,0.03261073436100772,0.027719826165271338,0.027719826165271338,0.008938930666772649
fried,NeuralNetFastAI,4077,0.00012129928235200947,0.007206099160809135,0.007206099160809135,8.362877460686606e-05,8.362877460686606e-05,0.0,-0.00022504173130232782,0.0,-0.00019477085923678636,2.7876258202288684e-05,-0.00011206127197741605,0.01153197478452685,0.01153197478452685,0.0047183859326242125,0.0047183859326242125,0.00494011813441127,0.00494011813441127,0.007063492950520778,0.007063492950520778,0.01153197478452685,0.01153197478452685,0.0047183859326242125,0.0047183859326242125,0.00494011813441127,0.00494011813441127,0.007063492950520778,0.007063492950520778,0.008910249999947458
fried,NeuralNetTorch,4077,0.0007219724496050008,0.01778407569967757,0.01778407569967757,0.0009755159098815455,0.0009755159098815455,0.0005708767604866158,0.0005708767604866158,0.0008273613581011099,0.0008273613581011099,0.0007912513428230904,0.0007912513428230904,0.019687575040998054,0.019687575040998054,0.01821433642072775,0.01821433642072775,0.017698318919118945,0.017698318919118945,0.01853341012694825,0.01853341012694825,0.019687575040998054,0.019687575040998054,0.01821433642072775,0.01821433642072775,0.017698318919118945,0.017698318919118945,0.01853341012694825,0.01853341012694825,0.00923809700058579
fried,RandomForest,4077,0.0036032137281073865,0.04565656378096693,0.04565656378096693,0.0030886756564227173,0.0030886756564227173,0.0031875202616601164,0.0031875202616601164,0.003585062372512405,0.003585062372512405,0.0032870860968650796,0.0032870860968650796,0.041772354088403796,0.041772354088403796,0.04544049690958031,0.04544049690958031,0.04651411746695599,0.04651411746695599,0.04457565615498003,0.04457565615498003,0.041772354088403796,0.041772354088403796,0.04544049690958031,0.04544049690958031,0.04651411746695599,0.04651411746695599,0.04457565615498003,0.04457565615498003,0.009275263666495448
fried,XGBoost,4077,0.0002778545380507471,0.010808944365157695,0.010808944365157695,0.00022780150718392886,0.00022780150718392886,0.00040170296006279216,0.00040170296006279216,0.0002439892701928975,0.0002439892701928975,0.0002911645791465395,0.0002911645791465395,0.014379756246973206,0.014379756246973206,0.013266196257611364,0.013266196257611364,0.013843254189125673,0.013843254189125673,0.013829735564570081,0.013829735564570081,0.014379756246973206,0.014379756246973206,0.013266196257611364,0.013266196257611364,0.013843254189125673,0.013843254189125673,0.013829735564570081,0.013829735564570081,0.008424249999128127
houses,CatBoost,2064,1.4204701228638996e-05,0.001192008610834639,0.001192008610834639,0.00013448655334046474,0.00013448655334046474,0.0,-9.871990707566487e-05,0.0,-4.6772156579673535e-05,4.4828851113488245e-05,-3.6685034382912193e-06,0.0021682278307750048,0.0021682278307750048,0.0,-0.0006621591535931234,0.0,-9.680287902758505e-05,0.0007227426102583349,0.0004697552660514321,0.0021682278307750048,0.0021682278307750048,0.0,-0.0006621591535931234,0.0,-9.680287902758505e-05,0.0007227426102583349,0.0004697552660514321,0.006810486333658143
houses,ExtraTrees,2064,0.00037951987919955944,0.007923446218264624,0.007923446218264624,0.0,-2.9057295528740283e-05,0.0,-0.00045468525012876533,0.0,-0.00018915645864256599,0.0,-0.00022429966810002386,0.004444444945078459,0.004444444945078459,0.0012532308379137643,0.0012532308379137643,0.0,-0.0031589139708635477,0.0018992252609974078,0.0008462539373762252,0.004444444945078459,0.004444444945078459,0.0012532308379137643,0.0012532308379137643,0.0,-0.0031589139708635477,0.0018992252609974078,0.0008462539373762252,0.006547805667651119
houses,LightGBM,2064,1.3250593926179e-05,0.000957850827254587,0.000957850827254587,0.0,-0.00014935120240192976,0.0,-0.0004980650269211811,5.656592534909176e-05,5.656592534909176e-05,1.8855308449697253e-05,-0.00019695010132467303,0.001416627264701279,0.001416627264701279,0.0,-0.006479241162630155,0.005814039610008206,0.005814039610008206,0.0024102222915698287,0.0002504752373597768,0.001416627264701279,0.001416627264701279,0.0,-0.006479241162630155,0.005814039610008206,0.005814039610008206,0.0024102222915698287,0.0002504752373597768,0.006345444333419437
houses,LinearModel,2064,0.001905403901629658,0.018221830937356798,0.018221830937356798,0.0,-9.17001260495766e-05,0.0,-0.0004481713847358765,0.0001639983804973804,0.0001639983804973804,5.466612683246013e-05,-0.00012529104342935758,0.00751598060581858,0.00751598060581858,0.0,-0.000986398234735409,0.010566047898186114,0.010566047898186114,0.006027342834668232,0.005698543423089762,0.00751598060581858,0.00751598060581858,0.0,-0.000986398234735409,0.010566047898186114,0.010566047898186114,0.006027342834668232,0.005698543423089762,0.006489638667214119
houses,NeuralNetFastAI,2064,5.755704362879802e-05,0.0019120419770464242,0.0019120419770464242,0.0,-0.00019796797034019617,0.0,-0.00026795723248141393,0.0,-0.0002346404959800907,0.0,-0.0002335218996005669,0.0007721368539718843,0.0007721368539718843,0.0,-0.0003343538572789288,0.0012392535245429547,0.0012392535245429547,0.0006704634595049463,0.0005590121737453034,0.0007721368539718843,0.0007721368539718843,0.0,-0.0003343538572789288,0.0012392535245429547,0.0012392535245429547,0.0006704634595049463,0.0005590121737453034,0.006256250000054327
houses,NeuralNetTorch,2064,0.000413800447970954,0.006170077965516859,0.006170077965516859,1.4162435548810254e-05,1.4162435548810254e-05,0.0002538602977197098,0.0002538602977197098,0.000572666442192469,0.000572666442192469,0.00028022972515366303,0.00028022972515366303,0.004629343067284627,0.004629343067284627,0.005238877666376059,0.005238877666376059,0.00905919683037662,0.00905919683037662,0.006309139188012435,0.006309139188012435,0.004629343067284627,0.004629343067284627,0.005238877666376059,0.005238877666376059,0.00905919683037662,0.00905919683037662,0.006309139188012435,0.006309139188012435,0.006641124999684204
houses,RandomForest,2064,0.0002291509747290798,0.005750992408290283,0.005750992408290283,0.000524001258305717,0.000524001258305717,0.0,-0.00010334577689544906,0.00019539366727759234,0.00019539366727759234,0.0002397983085277698,0.00020534971622928678,0.007812488507709553,0.007812488507709553,0.0035552154199261755,0.0035552154199261755,0.006109628509960224,0.006109628509960224,0.00582577747919865,0.00582577747919865,0.007812488507709553,0.007812488507709553,0.0035552154199261755,0.0035552154199261755,0.006109628509960224,0.006109628509960224,0.00582577747919865,0.00582577747919865,0.006787111000448931
houses,XGBoost,2064,1.4119616642225715e-05,0.001111732412486931,0.001111732412486931,0.0,-0.00016612730410390213,0.0,-0.0005052599468769537,0.0,-5.263353995670839e-05,0.0,-0.00024134026364585473,0.0,-0.002261979984695678,0.0,-0.007205011619903381,0.003633812931708295,0.003633812931708295,0.0012112709772360982,-0.0019443928909635881,0.0,-0.002261979984695678,0.0,-0.007205011619903381,0.003633812931708295,0.003633812931708295,0.0012112709772360982,-0.0019443928909635881,0.006306346999432814
jm1,CatBoost,1089,0.0004593651716264114,0.016492085288474602,0.016492085288474602,0.0003084899983378899,0.0003084899983378899,0.0,-0.00048277873471639705,0.0,-0.0007185399199857468,0.0001028299994459633,-0.000297609552121418,0.012628543530176057,0.012628543530176057,0.012751726038528212,0.012751726038528212,0.0,-0.0009206025916792254,0.008460089856234755,0.008153222325675015,0.012628543530176057,0.012628543530176057,0.012751726038528212,0.012751726038528212,0.0,-0.0009206025916792254,0.008460089856234755,0.008153222325675015,0.0054098609992555185
jm1,ExtraTrees,1089,0.0010491897673640903,0.02842682492911783,0.02842682492911783,0.0006988561254811473,0.0006988561254811473,0.0002822583726598116,0.0002822583726598116,0.0,-0.00043142197039201184,0.0003270381660469863,0.00018323084258298238,0.024481435598477576,0.024481435598477576,0.02326960770629861,0.02326960770629861,0.011099714003779128,0.011099714003779128,0.01961691910285177,0.01961691910285177,0.024481435598477576,0.024481435598477576,0.02326960770629861,0.02326960770629861,0.011099714003779128,0.011099714003779128,0.01961691910285177,0.01961691910285177,0.005595486333428805
jm1,LightGBM,1089,0.0002128138158242075,0.013651963000085728,0.013651963000085728,0.0,-0.0002588899287905071,0.0,-4.470503636314099e-05,0.0,-0.0006664207745821196,0.0,-0.0003233385799119226,0.005430761940223126,0.005430761940223126,0.012534162804443317,0.012534162804443317,0.010006170162265732,0.010006170162265732,0.009323698302310725,0.009323698302310725,0.005430761940223126,0.005430761940223126,0.012534162804443317,0.012534162804443317,0.010006170162265732,0.010006170162265732,0.009323698302310725,0.009323698302310725,0.005784486334353763
jm1,LinearModel,1089,0.0004755464473911734,0.01843881275491144,0.01843881275491144,0.0006908172415001349,0.0006908172415001349,0.000689595212009637,0.000689595212009637,0.0,-0.0005081472752209037,0.00046013748450325734,0.00029075505942962275,0.018741049087128307,0.018741049087128307,0.01702932185511369,0.01702932185511369,0.004756629115519609,0.004756629115519609,0.01350900001925387,0.01350900001925387,0.018741049087128307,0.018741049087128307,0.01702932185511369,0.01702932185511369,0.004756629115519609,0.004756629115519609,0.01350900001925387,0.01350900001925387,0.005736194333924989
jm1,NeuralNetFastAI,1089,0.0008481313064926765,0.019026765100404797,0.019026765100404797,0.0005850700198849557,0.0005850700198849557,0.0,-0.0006428594657949231,0.0,-6.261244906785509e-05,0.0001950233399616519,-4.01339649926075e-05,0.02035813616320176,0.02035813616320176,0.004066328329091449,0.004066328329091449,0.0,-0.005375673416300691,0.008141488164097736,0.00634959702533084,0.02035813616320176,0.02035813616320176,0.004066328329091449,0.004066328329091449,0.0,-0.005375673416300691,0.008141488164097736,0.00634959702533084,0.005522958334040595
jm1,NeuralNetTorch,1089,0.0005744025831623151,0.021173878675078694,0.021173878675078694,0.0009634410361561368,0.0009634410361561368,0.0004566059499035296,0.0004566059499035296,0.0,-0.00029698173026960643,0.0004733489953532221,0.0003743550852633533,0.015739222454408286,0.015739222454408286,0.02103867934062338,0.02103867934062338,0.013436615438422032,0.013436615438422032,0.016738172411151234,0.016738172411151234,0.015739222454408286,0.015739222454408286,0.02103867934062338,0.02103867934062338,0.013436615438422032,0.013436615438422032,0.016738172411151234,0.016738172411151234,0.005446499999379739
jm1,RandomForest,1089,0.0009024565193582983,0.02430348862947116,0.02430348862947116,0.0012078162516481433,0.0012078162516481433,0.0,-0.00020242482855056465,0.0,-0.00041569178673805045,0.0004026054172160478,0.00019656654545317605,0.029195334789113556,0.029195334789113556,0.014996420820677675,0.014996420820677675,0.0029560036742285792,0.0029560036742285792,0.015715919761339937,0.015715919761339937,0.029195334789113556,0.029195334789113556,0.014996420820677675,0.014996420820677675,0.0029560036742285792,0.0029560036742285792,0.015715919761339937,0.015715919761339937,0.00532300000001366
jm1,XGBoost,1089,0.00032598756892539385,0.015437645146655752,0.015437645146655752,3.176661374643512e-05,3.176661374643512e-05,0.0,-0.0007401398184054084,0.0,-0.0004753367803012252,1.0588871248811705e-05,-0.0003945699949867328,0.008912697484027475,0.008912697484027475,0.006065238169689481,0.006065238169689481,0.0,-0.01117439483034983,0.004992645217905652,0.0012678469411223758,0.008912697484027475,0.008912697484027475,0.006065238169689481,0.006065238169689481,0.0,-0.01117439483034983,0.004992645217905652,0.0012678469411223758,0.005555583333868223
kdd_internet_usage,CatBoost,1011,0.00011989314943202964,0.008030440630033128,0.008030440630033128,0.0,-0.0011007910646916447,0.0,-0.00020770220548395064,0.0007324180000013275,0.0007324180000013275,0.00024413933333377583,-0.00019202509005808931,0.0,-0.024790988155754888,0.006110054033976067,0.006110054033976067,0.02256493169262095,0.02256493169262095,0.00955832857553234,0.001294665856947377,0.0,-0.024790988155754888,0.006110054033976067,0.006110054033976067,0.02256493169262095,0.02256493169262095,0.00955832857553234,0.001294665856947377,0.005527805333258584
kdd_internet_usage,ExtraTrees,1011,0.002305234841809879,0.034895905272840685,0.034895905272840685,0.0005329027274466647,0.0005329027274466647,0.002672992555231932,0.002672992555231932,0.004287774131942377,0.004287774131942377,0.0024978898048736574,0.0024978898048736574,0.027328292996853264,0.027328292996853264,0.03598888098807997,0.03598888098807997,0.050599156131818326,0.050599156131818326,0.037972110038917185,0.037972110038917185,0.027328292996853264,0.027328292996853264,0.03598888098807997,0.03598888098807997,0.050599156131818326,0.050599156131818326,0.037972110038917185,0.037972110038917185,0.006195638667122694
kdd_internet_usage,LightGBM,1011,0.00019709012292062653,0.011555293486926854,0.011555293486926854,0.0,-0.0012288151916477288,0.0,-0.0008903133010007934,0.0,-0.0005132809989700709,0.0,-0.000877469830539531,0.0,-0.0013721596507648508,0.001383984983741176,0.001383984983741176,0.014655161546276095,0.014655161546276095,0.0053463821766724234,0.004888995626417474,0.0,-0.0013721596507648508,0.001383984983741176,0.001383984983741176,0.014655161546276095,0.014655161546276095,0.0053463821766724234,0.004888995626417474,0.005555833333346527
kdd_internet_usage,LinearModel,1011,0.0005205022132861698,0.013718643449135908,0.013718643449135908,0.0,-0.001899575546088663,0.0,-0.00021437708142481646,0.0,-5.4553542970953935e-05,0.0,-0.0007228353901614777,0.0,-0.018567784178952274,0.0056114050384392855,0.0056114050384392855,0.00913696096586361,0.00913696096586361,0.004916122001434299,-0.0012731393915497921,0.0,-0.018567784178952274,0.0056114050384392855,0.0056114050384392855,0.00913696096586361,0.00913696096586361,0.004916122001434299,-0.0012731393915497921,0.005579708334456275
kdd_internet_usage,NeuralNetFastAI,1011,0.0006063670016805417,0.013139750460642008,0.013139750460642008,0.0,-0.0009396204427457172,0.0,-2.2647995908965357e-05,2.2494592585014145e-05,2.2494592585014145e-05,7.498197528338048e-06,-0.00031325794868988945,0.0,-0.008834919218631677,0.008221140628681508,0.008221140628681508,0.01964395640048997,0.01964395640048997,0.009288365676390494,0.006343392603513268,0.0,-0.008834919218631677,0.008221140628681508,0.008221140628681508,0.01964395640048997,0.01964395640048997,0.009288365676390494,0.006343392603513268,0.005745013999937025
kdd_internet_usage,NeuralNetTorch,1011,0.0004818589126725466,0.01775397100298975,0.01775397100298975,0.0,-0.0015525451118818048,0.0,-0.000333501541908239,0.0,-0.0004943676012723387,0.0,-0.0007934714183541275,0.0003213050103222198,0.0003213050103222198,0.01435374539749905,0.01435374539749905,0.009889873487849072,0.009889873487849072,0.008188307965223447,0.008188307965223447,0.0003213050103222198,0.0003213050103222198,0.01435374539749905,0.01435374539749905,0.009889873487849072,0.009889873487849072,0.008188307965223447,0.008188307965223447,0.005639235999600108
kdd_internet_usage,RandomForest,1011,0.0014103647049324539,0.026669656403356303,0.026669656403356303,0.00014619023122728486,0.00014619023122728486,0.0004904340760641443,0.0004904340760641443,0.0024949626698282067,0.0024949626698282067,0.0010438623257065453,0.0010438623257065453,0.017592339984530032,0.017592339984530032,0.01601249584214233,0.01601249584214233,0.03360795881484039,0.03360795881484039,0.02240426488050425,0.02240426488050425,0.017592339984530032,0.017592339984530032,0.01601249584214233,0.01601249584214233,0.03360795881484039,0.03360795881484039,0.02240426488050425,0.02240426488050425,0.00562454166720272
kdd_internet_usage,XGBoost,1011,0.0002602774634580257,0.011638285660769415,0.011638285660769415,0.0,-0.0009254982518432824,0.00016346430658758637,0.00016346430658758637,0.0005192807870375571,0.0005192807870375571,0.00022758169787504782,-8.091771940604632e-05,0.0,-0.01156478500098237,0.0005824419207600131,0.0005824419207600131,0.024074577975835794,0.024074577975835794,0.008219006632198602,0.004364078298537812,0.0,-0.01156478500098237,0.0005824419207600131,0.0005824419207600131,0.024074577975835794,0.024074577975835794,0.008219006632198602,0.004364078298537812,0.005537875000300119
kick,CatBoost,7299,0.0003284324724235084,0.01568537063988908,0.01568537063988908,9.688005690030931e-05,9.688005690030931e-05,0.00014888962853519614,0.00014888962853519614,2.4137492625439447e-05,2.4137492625439447e-05,8.99690593536483e-05,8.99690593536483e-05,0.012216057711490012,0.012216057711490012,0.016236577981662916,0.016236577981662916,0.0110396900222102,0.0110396900222102,0.013164108571787708,0.013164108571787708,0.012216057711490012,0.012216057711490012,0.016236577981662916,0.016236577981662916,0.0110396900222102,0.0110396900222102,0.013164108571787708,0.013164108571787708,0.014782319666361824
kick,ExtraTrees,7299,0.0007693803283363651,0.022206391086151307,0.022206391086151307,0.000583144548388069,0.000583144548388069,0.0008306491494824876,0.0008306491494824876,0.0002104384517939771,0.0002104384517939771,0.0005414107165548445,0.0005414107165548445,0.022131620312011435,0.022131620312011435,0.024559267239296884,0.024559267239296884,0.0174078332002595,0.0174078332002595,0.021366240250522608,0.021366240250522608,0.022131620312011435,0.022131620312011435,0.024559267239296884,0.024559267239296884,0.0174078332002595,0.0174078332002595,0.021366240250522608,0.021366240250522608,0.021374180333320208
kick,LightGBM,7299,0.000758403691047608,0.0190159195066514,0.0190159195066514,0.0006938134532107582,0.0006938134532107582,0.0008286872357893866,0.0008286872357893866,0.0005878364320846738,0.0005878364320846738,0.0007034457070282729,0.0007034457070282729,0.015133710368890491,0.015133710368890491,0.022140406067227298,0.022140406067227298,0.018602006489471988,0.018602006489471988,0.018625374308529927,0.018625374308529927,0.015133710368890491,0.015133710368890491,0.022140406067227298,0.022140406067227298,0.018602006489471988,0.018602006489471988,0.018625374308529927,0.018625374308529927,0.013615958334412426
kick,LinearModel,7299,0.0005939979673438714,0.01760061161563192,0.01760061161563192,0.00019943252795895527,0.00019943252795895527,0.000648218734136199,0.000648218734136199,0.000301958873712652,0.000301958873712652,0.00038320337860260205,0.00038320337860260205,0.014126838912971364,0.014126838912971364,0.01958817098306507,0.01958817098306507,0.014367598729175065,0.014367598729175065,0.01602753620840383,0.01602753620840383,0.014126838912971364,0.014126838912971364,0.01958817098306507,0.01958817098306507,0.014367598729175065,0.014367598729175065,0.01602753620840383,0.01602753620840383,0.012686750000284519
kick,NeuralNetFastAI,7299,0.0005771733416787403,0.017684241476468614,0.017684241476468614,0.0003401934890307101,0.0003401934890307101,0.00030589912474864104,0.00030589912474864104,0.00030239024914637685,0.00030239024914637685,0.000316160954308576,0.000316160954308576,0.01832832567780906,0.01832832567780906,0.01914701361972433,0.01914701361972433,0.016119384860058737,0.016119384860058737,0.017864908052530704,0.017864908052530704,0.01832832567780906,0.01832832567780906,0.01914701361972433,0.01914701361972433,0.016119384860058737,0.016119384860058737,0.017864908052530704,0.017864908052530704,0.012816499999947458
kick,NeuralNetTorch,7299,0.00023458592068901205,0.013487245802634747,0.013487245802634747,0.00017798601177570762,0.00017798601177570762,0.00017912206859543788,0.00017912206859543788,0.00015823064690973084,0.00015823064690973084,0.00017177957576029211,0.00017177957576029211,0.014736888252061148,0.014736888252061148,0.013595937734167625,0.013595937734167625,0.012464214475038928,0.012464214475038928,0.013599013487089232,0.013599013487089232,0.014736888252061148,0.014736888252061148,0.013595937734167625,0.013595937734167625,0.012464214475038928,0.012464214475038928,0.013599013487089232,0.013599013487089232,0.012721597333438694
kick,RandomForest,7299,0.002828115379297646,0.03225391854775516,0.03225391854775516,0.0022739999008729826,0.0022739999008729826,0.0029045792013318653,0.0029045792013318653,0.002153449755037518,0.002153449755037518,0.002444009619080789,0.002444009619080789,0.03206360081299667,0.03206360081299667,0.03536588627978897,0.03536588627978897,0.030579417482854733,0.030579417482854733,0.03266963485854679,0.03266963485854679,0.03206360081299667,0.03206360081299667,0.03536588627978897,0.03536588627978897,0.030579417482854733,0.030579417482854733,0.03266963485854679,0.03266963485854679,0.01701429166617648
kick,XGBoost,7299,0.00046227426086040705,0.018060586153021627,0.018060586153021627,0.00022702053698984485,0.00022702053698984485,0.00040101967455010963,0.00040101967455010963,9.888763745587639e-05,9.888763745587639e-05,0.00024230928299861026,0.00024230928299861026,0.0149719226658602,0.0149719226658602,0.018686671781882283,0.018686671781882283,0.011483476282106204,0.011483476282106204,0.015047356909949563,0.015047356909949563,0.0149719226658602,0.0149719226658602,0.018686671781882283,0.018686671781882283,0.011483476282106204,0.011483476282106204,0.015047356909949563,0.015047356909949563,0.014080735999111008
mammography,CatBoost,1119,0.0003067871709737866,0.002987250300573251,0.002987250300573251,0.0,-0.0007184835264348144,0.0,-0.001237482189432445,0.000796801356923936,0.000796801356923936,0.0002656004523079787,-0.0003863881196477744,0.0,-0.000767088704845226,0.0,-0.006062045402586794,0.0,-0.000618364636931047,0.0,-0.0024824995814543556,0.0,-0.000767088704845226,0.0,-0.006062045402586794,0.0,-0.000618364636931047,0.0,-0.0024824995814543556,0.006281444333581021
mammography,ExtraTrees,1119,0.0009083719555935277,0.00982183899564482,0.00982183899564482,0.0,-0.0010370202901838633,0.0,-0.0006902710383594917,8.588490735601536e-05,8.588490735601536e-05,2.862830245200512e-05,-0.0005471354737291131,0.007635252730933863,0.007635252730933863,0.005668875845540071,0.005668875845540071,0.006693061695568514,0.006693061695568514,0.006665730090680816,0.006665730090680816,0.007635252730933863,0.007635252730933863,0.005668875845540071,0.005668875845540071,0.006693061695568514,0.006693061695568514,0.006665730090680816,0.006665730090680816,0.007278749999386491
mammography,LightGBM,1119,0.00031100477806888605,0.004549416189807716,0.004549416189807716,0.00029772337438106934,0.00029772337438106934,0.0,-0.0006344901123850013,0.0,-0.0006443367683421721,9.924112479368978e-05,-0.00032703450211536803,0.0030404760263414124,0.0030404760263414124,0.0,-0.0035138940457354524,0.0,-0.0038626542835270817,0.0010134920087804709,-0.0014453574343070406,0.0030404760263414124,0.0030404760263414124,0.0,-0.0035138940457354524,0.0,-0.0038626542835270817,0.0010134920087804709,-0.0014453574343070406,0.006347486333349177
mammography,LinearModel,1119,0.00047097862035540007,0.0075422727862264815,0.0075422727862264815,0.0,-0.0004427601884479824,0.0001793183564617315,0.0001793183564617315,0.0,-0.00044809130994803215,5.9772785487243835e-05,-0.00023717771397809438,0.0038582148739646285,0.0038582148739646285,0.005465383676829449,0.005465383676829449,0.0,-0.0011077337453258727,0.003107866183598026,0.0027386216018227354,0.0038582148739646285,0.0038582148739646285,0.005465383676829449,0.005465383676829449,0.0,-0.0011077337453258727,0.003107866183598026,0.0027386216018227354,0.006834874999185558
mammography,NeuralNetFastAI,1119,0.00021599745896071988,0.0038140064351425873,0.0038140064351425873,0.0,-0.00027363076129618513,0.0,-0.000133866968181603,0.0,-0.0004587696980752454,0.0,-0.0002887558091843445,0.0016699017172913386,0.0016699017172913386,0.0,-0.004576032594186037,0.0,-0.003237299740574821,0.0005566339057637796,-0.002047810205823173,0.0016699017172913386,0.0016699017172913386,0.0,-0.004576032594186037,0.0,-0.003237299740574821,0.0005566339057637796,-0.002047810205823173,0.005805902666907059
mammography,NeuralNetTorch,1119,0.0002914973659975757,0.004787277400137917,0.004787277400137917,0.00010672019837512303,0.00010672019837512303,0.0,-0.0003651977181155349,0.0,-0.00035020823157824586,3.5573399458374344e-05,-0.0002028952504395526,0.004566302980318803,0.004566302980318803,0.0008191292050636353,0.0008191292050636353,0.0,-0.0056125839165614005,0.0017951440617941462,-7.57172437263207e-05,0.004566302980318803,0.004566302980318803,0.0008191292050636353,0.0008191292050636353,0.0,-0.0056125839165614005,0.0017951440617941462,-7.57172437263207e-05,0.005980263666666967
mammography,RandomForest,1119,0.0009077515840056415,0.010416327105699756,0.010416327105699756,0.0,-0.0008064159920388042,0.00020572358980135646,0.00020572358980135646,0.0007314665750977979,0.0007314665750977979,0.00031239672163305143,4.359139095345008e-05,0.0034968081830335286,0.0034968081830335286,0.009875149825665556,0.009875149825665556,0.008526821885964176,0.008526821885964176,0.007299593298221087,0.007299593298221087,0.0034968081830335286,0.0034968081830335286,0.009875149825665556,0.009875149825665556,0.008526821885964176,0.008526821885964176,0.007299593298221087,0.007299593298221087,0.006066985999495955
mammography,XGBoost,1119,0.00038680258371852957,0.004986199969852342,0.004986199969852342,0.00021376122192014383,0.00021376122192014383,0.0,-0.0008789296635783432,0.0,-1.807159432637592e-05,7.125374064004794e-05,-0.0002277466786615251,0.0025725402355662665,0.0025725402355662665,0.0,-0.009079807185723135,0.0,-0.0023966730888862198,0.0008575134118554221,-0.002967980013014363,0.0025725402355662665,0.0025725402355662665,0.0,-0.009079807185723135,0.0,-0.0023966730888862198,0.0008575134118554221,-0.002967980013014363,0.005992986333391552
mc1,CatBoost,947,8.474567040156436e-05,0.001448690264707574,0.001448690264707574,0.0,-0.0006056077710793326,0.0,-0.00035652930004679195,0.0,-0.0006084357064384136,0.0,-0.0005235242591881793,0.0,-0.00340810451871893,0.006440285970760537,0.006440285970760537,0.0,-0.0042258366557048855,0.002146761990253512,-0.00039788506788775965,0.0,-0.00340810451871893,0.006440285970760537,0.006440285970760537,0.0,-0.0042258366557048855,0.002146761990253512,-0.00039788506788775965,0.007257819333365963
mc1,ExtraTrees,947,0.00010842411057971378,0.00240776792749526,0.00240776792749526,0.0,-0.00038759465081935273,0.0,-0.00020728856718598614,0.0,-0.0007852279132463717,0.0,-0.0004600370437505702,0.0018073398502844872,0.0018073398502844872,0.0024654791295141056,0.0024654791295141056,0.0006249654101494403,0.0006249654101494403,0.0016325947966493442,0.0016325947966493442,0.0018073398502844872,0.0018073398502844872,0.0024654791295141056,0.0024654791295141056,0.0006249654101494403,0.0006249654101494403,0.0016325947966493442,0.0016325947966493442,0.005655694333351373
mc1,LightGBM,947,9.440718488325625e-05,0.002233540501656573,0.002233540501656573,0.0,-0.0009019074229223698,0.0,-0.0005650992625414397,0.0,-0.0006750619240862692,0.0,-0.0007140228698500262,0.0005887803520664077,0.0005887803520664077,0.004360333912690694,0.004360333912690694,0.0,-0.001623497405342675,0.0016497047549190339,0.0011085389531381423,0.0005887803520664077,0.0005887803520664077,0.004360333912690694,0.004360333912690694,0.0,-0.001623497405342675,0.0016497047549190339,0.0011085389531381423,0.0075751803330301
mc1,LinearModel,947,0.00014638436646146276,0.0026338506459625682,0.0026338506459625682,6.009594460018181e-05,6.009594460018181e-05,0.0,-0.0007326418461312445,0.0,-0.0001470489919683196,2.003198153339394e-05,-0.0002731982978331274,0.00032877002865801686,0.00032877002865801686,0.0,-0.001359471071596911,0.0009675443494845649,0.0009675443494845649,0.0004321047927141939,-2.1052231151443104e-05,0.00032877002865801686,0.00032877002865801686,0.0,-0.001359471071596911,0.0009675443494845649,0.0009675443494845649,0.0004321047927141939,-2.1052231151443104e-05,0.005697513999621151
mc1,NeuralNetFastAI,947,0.0002510707807121435,0.0026250846864085877,0.0026250846864085877,0.0,-0.00018991989238234845,0.0,-0.00012542342041322948,0.0,-0.00026472284020662596,0.0,-0.00019335538433406794,0.000449771581272174,0.000449771581272174,0.0014927735642793541,0.0014927735642793541,0.0031545497248893395,0.0031545497248893395,0.0016990316234802893,0.0016990316234802893,0.000449771581272174,0.000449771581272174,0.0014927735642793541,0.0014927735642793541,0.0031545497248893395,0.0031545497248893395,0.0016990316234802893,0.0016990316234802893,0.006165444333115981
mc1,NeuralNetTorch,947,0.00010110961490308469,0.002626690070216347,0.002626690070216347,0.0,-0.00015859549293355396,0.0,-7.074848367017171e-05,0.0,-0.00038350151698802705,0.0,-0.00020428183119725093,0.0023955617145442463,0.0023955617145442463,0.0033531075913845586,0.0033531075913845586,0.002067785887222133,0.002067785887222133,0.002605485064383646,0.002605485064383646,0.0023955617145442463,0.0023955617145442463,0.0033531075913845586,0.0033531075913845586,0.002067785887222133,0.002067785887222133,0.002605485064383646,0.002605485064383646,0.0069138613337903125
mc1,RandomForest,947,5.816639252468534e-05,0.002580967733421892,0.002580967733421892,0.0,-7.573469566235359e-05,0.0,-0.0006297248223591266,0.0,-0.0015192742293835973,0.0,-0.0007415779158016925,0.004458056303076955,0.004458056303076955,0.0004978880197844968,0.0004978880197844968,0.0034467780664494954,0.0034467780664494954,0.0028009074631036492,0.0028009074631036492,0.004458056303076955,0.004458056303076955,0.0004978880197844968,0.0004978880197844968,0.0034467780664494954,0.0034467780664494954,0.0028009074631036492,0.0028009074631036492,0.0066339723343844526
mc1,XGBoost,947,6.719166348136656e-05,0.0017722229712900024,0.0017722229712900024,0.0,-0.0006206777122148391,0.0,-0.0008571292056232327,0.0,-0.001630850160781564,0.0,-0.0010362190262065453,0.0010977686233346478,0.0010977686233346478,0.0011978622574119217,0.0011978622574119217,0.0,-0.0013496544843474689,0.0007652102935821898,0.0003153254654663668,0.0010977686233346478,0.0010977686233346478,0.0011978622574119217,0.0011978622574119217,0.0,-0.0013496544843474689,0.0007652102935821898,0.0003153254654663668,0.00586233333403167
mozilla4,CatBoost,1555,0.00010475732649914228,0.004283992180305419,0.004283992180305419,0.0,-0.000324305229092245,0.0,-0.00032595195680528436,0.0,-0.00010323590663516546,0.0,-0.00025116436417756496,0.0,-0.007479544610150609,0.0,-0.010685242242442775,0.0051095705001416225,0.0051095705001416225,0.001703190166713874,-0.0043517387841505864,0.0,-0.007479544610150609,0.0,-0.010685242242442775,0.0051095705001416225,0.0051095705001416225,0.001703190166713874,-0.0043517387841505864,0.00575816666726799
mozilla4,ExtraTrees,1555,0.0009227105781339121,0.019337496672612108,0.019337496672612108,0.0,-0.00044105055951448863,0.0005738851985933195,0.0005738851985933195,0.0005286328302938182,0.0005286328302938182,0.0003675060096290459,0.00022048915645754967,0.01570846967524894,0.01570846967524894,0.01732047342177229,0.01732047342177229,0.016527329592806828,0.016527329592806828,0.016518757563276018,0.016518757563276018,0.01570846967524894,0.01570846967524894,0.01732047342177229,0.01732047342177229,0.016527329592806828,0.016527329592806828,0.016518757563276018,0.016518757563276018,0.006028180666665624
mozilla4,LightGBM,1555,0.000159472009788727,0.00936400598354699,0.00936400598354699,0.0,-0.00023700220162085715,0.0,-0.0002470138611061393,0.0,-0.00041757875180386774,0.0,-0.00030053160484362135,0.00796724977211314,0.00796724977211314,0.004289277358777174,0.004289277358777174,0.0,-0.0035055110347831557,0.004085509043630105,0.0029170053653690526,0.00796724977211314,0.00796724977211314,0.004289277358777174,0.004289277358777174,0.0,-0.0035055110347831557,0.004085509043630105,0.0029170053653690526,0.00930984733228494
mozilla4,LinearModel,1555,0.00220445800765884,0.015876230313230686,0.015876230313230686,0.0002179037866306206,0.0002179037866306206,0.0004832345521579482,0.0004832345521579482,0.001704753414720436,0.001704753414720436,0.0008019639178363349,0.0008019639178363349,0.005855927237079212,0.005855927237079212,0.01585462424121346,0.01585462424121346,0.01751179959286194,0.01751179959286194,0.013074117023718204,0.013074117023718204,0.005855927237079212,0.005855927237079212,0.01585462424121346,0.01585462424121346,0.01751179959286194,0.01751179959286194,0.013074117023718204,0.013074117023718204,0.007827583332982613
mozilla4,NeuralNetFastAI,1555,0.0010055261190156874,0.020562476577339065,0.020562476577339065,0.0006557940773565877,0.0006557940773565877,0.0019908598599142307,0.0019908598599142307,0.0005428069610958547,0.0005428069610958547,0.001063153632788891,0.001063153632788891,0.01816543525510087,0.01816543525510087,0.022104681159857767,0.022104681159857767,0.019730958073037614,0.019730958073037614,0.02000035816266542,0.02000035816266542,0.01816543525510087,0.01816543525510087,0.022104681159857767,0.022104681159857767,0.019730958073037614,0.019730958073037614,0.02000035816266542,0.02000035816266542,0.006977902667131275
mozilla4,NeuralNetTorch,1555,0.0007979974933060649,0.013448329768381714,0.013448329768381714,0.0004869113655242601,0.0004869113655242601,0.0007097531841065856,0.0007097531841065856,7.326339921498591e-06,7.326339921498591e-06,0.00040133029651744805,0.00040133029651744805,0.007709038381961793,0.007709038381961793,0.011777706324266496,0.011777706324266496,0.010218169274033104,0.010218169274033104,0.009901637993420464,0.009901637993420464,0.007709038381961793,0.007709038381961793,0.011777706324266496,0.011777706324266496,0.010218169274033104,0.010218169274033104,0.009901637993420464,0.009901637993420464,0.006193583332787966
mozilla4,RandomForest,1555,0.0006578447157407265,0.014748294860964668,0.014748294860964668,0.0,-0.0001512961632227262,0.0008516900271631451,0.0008516900271631451,0.0,-6.799304434903566e-05,0.00028389667572104835,0.00021080027319712774,0.010960344374898545,0.010960344374898545,0.010844587210050733,0.010844587210050733,0.011041798860649203,0.011041798860649203,0.010948910148532826,0.010948910148532826,0.010960344374898545,0.010960344374898545,0.010844587210050733,0.010844587210050733,0.011041798860649203,0.011041798860649203,0.010948910148532826,0.010948910148532826,0.006149666667624842
mozilla4,XGBoost,1555,0.00013384213959910505,0.004527395625543843,0.004527395625543843,0.0,-0.00011770760830434703,0.0,-0.00035781924199616296,0.0,-0.0001258573178996414,0.0,-0.00020046138940005048,0.007756940879082491,0.007756940879082491,0.0,-0.007173060605956962,0.0012761495738863717,0.0012761495738863717,0.003011030150989621,0.000620009949003967,0.007756940879082491,0.007756940879082491,0.0,-0.007173060605956962,0.0012761495738863717,0.0012761495738863717,0.003011030150989621,0.000620009949003967,0.006444014000104896
nomao,CatBoost,3447,0.00014470361669024728,0.003625955038653568,0.003625955038653568,0.00023376365426829593,0.00023376365426829593,0.0003506618239996458,0.0003506618239996458,0.0,-0.00010020384441264184,0.00019480849275598056,0.00016140721128509995,0.003656034283101519,0.003656034283101519,0.004575553205428791,0.004575553205428791,0.0022867314278270565,0.0022867314278270565,0.0035061063054524556,0.0035061063054524556,0.003656034283101519,0.003656034283101519,0.004575553205428791,0.004575553205428791,0.0022867314278270565,0.0022867314278270565,0.0035061063054524556,0.0035061063054524556,0.008877374999428866
nomao,ExtraTrees,3447,0.0017768789407561548,0.022720582999909377,0.022720582999909377,0.001728659263537532,0.001728659263537532,0.0010434091781978904,0.0010434091781978904,0.0013825337560049748,0.0013825337560049748,0.0013848673992467992,0.0013848673992467992,0.022539742590742273,0.022539742590742273,0.019351736825739808,0.019351736825739808,0.021425036859244954,0.021425036859244954,0.02110550542524235,0.02110550542524235,0.022539742590742273,0.022539742590742273,0.019351736825739808,0.019351736825739808,0.021425036859244954,0.021425036859244954,0.02110550542524235,0.02110550542524235,0.00918198599902098
nomao,LightGBM,3447,2.7357595544002276e-05,0.002103834546971972,0.002103834546971972,0.00044161993949452837,0.00044161993949452837,0.000298068136511904,0.000298068136511904,0.0,-0.00013370207286834287,0.0002465626920021441,0.00020199533437936315,0.007157374086963669,0.007157374086963669,0.006666127620131503,0.006666127620131503,0.003735876797230297,0.003735876797230297,0.00585312616810849,0.00585312616810849,0.007157374086963669,0.007157374086963669,0.006666127620131503,0.006666127620131503,0.003735876797230297,0.003735876797230297,0.00585312616810849,0.00585312616810849,0.008724250000038106
nomao,LinearModel,3447,7.56566533120852e-05,0.004612081453781588,0.004612081453781588,0.0,-0.00018062638148737346,3.305156931548319e-05,3.305156931548319e-05,0.0,-4.8630448163831235e-05,1.101718977182773e-05,-6.54017534452405e-05,0.0,-0.001181720885057624,0.0026990022871204496,0.0026990022871204496,0.004337652869628805,0.004337652869628805,0.002345551718916418,0.0019516447572305435,0.0,-0.001181720885057624,0.0026990022871204496,0.0026990022871204496,0.004337652869628805,0.004337652869628805,0.002345551718916418,0.0019516447572305435,0.008832499999698484
nomao,NeuralNetFastAI,3447,8.557584359431473e-05,0.004501180151485815,0.004501180151485815,0.0002791776375365741,0.0002791776375365741,0.0,-7.803748110337578e-05,2.8258712700302176e-05,2.8258712700302176e-05,0.0001024787834122921,7.646628971116685e-05,0.006546463585256311,0.006546463585256311,0.0050907627351534325,0.0050907627351534325,0.004936969644490268,0.004936969644490268,0.005524731988300005,0.005524731988300005,0.006546463585256311,0.006546463585256311,0.0050907627351534325,0.0050907627351534325,0.004936969644490268,0.004936969644490268,0.005524731988300005,0.005524731988300005,0.008387277666770387
nomao,NeuralNetTorch,3447,9.360997247336185e-05,0.00656317371732796,0.00656317371732796,0.0,-0.00033114439736290437,0.0,-6.290210681698316e-05,0.0,-0.00027912524015335165,0.0,-0.00022439058144441303,0.0,-0.0006992658255051703,0.0014189408593005947,0.0014189408593005947,0.0,-0.0027010549739417103,0.0004729802864335316,-0.000660459980048762,0.0,-0.0006992658255051703,0.0014189408593005947,0.0014189408593005947,0.0,-0.0027010549739417103,0.0004729802864335316,-0.000660459980048762,0.008569861332944129
nomao,RandomForest,3447,0.00211467999050397,0.025183486880836287,0.025183486880836287,0.001975575301769247,0.001975575301769247,0.0012448773814637607,0.0012448773814637607,0.0013111136352905927,0.0013111136352905927,0.0015105221061745336,0.0015105221061745336,0.024192013416016726,0.024192013416016726,0.01976497515534573,0.01976497515534573,0.019910028738744853,0.019910028738744853,0.02128900577003577,0.02128900577003577,0.024192013416016726,0.024192013416016726,0.01976497515534573,0.01976497515534573,0.019910028738744853,0.019910028738744853,0.02128900577003577,0.02128900577003577,0.00970140299978084
nomao,XGBoost,3447,9.556992200958155e-06,0.0014441128888325516,0.0014441128888325516,0.0,-9.20756596523645e-06,0.0,-2.709924394965045e-05,0.0,-0.00016933579875128062,0.0,-6.854753622205583e-05,0.003964543414916697,0.003964543414916697,0.004470130775415999,0.004470130775415999,0.0,-0.0033738223747805923,0.0028115580634442325,0.001686950605184035,0.003964543414916697,0.003964543414916697,0.004470130775415999,0.004470130775415999,0.0,-0.0033738223747805923,0.0028115580634442325,0.001686950605184035,0.009335777999998148
numerai28_6,CatBoost,9632,0.00035483117713662227,0.011971280148927357,0.011971280148927357,1.9013534415055143e-05,1.9013534415055143e-05,0.00019103368901632957,0.00019103368901632957,0.0,-6.358792137734322e-05,7.001574114379491e-05,4.8819767351347165e-05,0.0030408550944934255,0.0030408550944934255,0.012522896021555032,0.012522896021555032,0.0002031491889906088,0.0002031491889906088,0.005255633435013022,0.005255633435013022,0.0030408550944934255,0.0030408550944934255,0.012522896021555032,0.012522896021555032,0.0002031491889906088,0.0002031491889906088,0.005255633435013022,0.005255633435013022,0.013767500000540167
numerai28_6,ExtraTrees,9632,0.0001826482708778305,0.01051235737656537,0.01051235737656537,0.0,-3.625500397082894e-05,1.9130688610017374e-05,1.9130688610017374e-05,0.0,-5.9472895465095394e-05,6.376896203339125e-06,-2.553240360863565e-05,0.005185416679940746,0.005185416679940746,0.009577010866514472,0.009577010866514472,0.0007702849396934541,0.0007702849396934541,0.005177570828716224,0.005177570828716224,0.005185416679940746,0.005185416679940746,0.009577010866514472,0.009577010866514472,0.0007702849396934541,0.0007702849396934541,0.005177570828716224,0.005177570828716224,0.013369402666285168
numerai28_6,LightGBM,9632,0.0002515680942445501,0.011848843371823578,0.011848843371823578,0.0,-5.076977396702824e-05,7.1782507297761e-05,7.1782507297761e-05,0.0,-9.621851207568212e-05,2.3927502432586997e-05,-2.5068592914983124e-05,0.0014054932139591124,0.0014054932139591124,0.005690182577756751,0.005690182577756751,0.0,-0.009562030462455315,0.0023652252639052877,-0.0008221182235798171,0.0014054932139591124,0.0014054932139591124,0.005690182577756751,0.005690182577756751,0.0,-0.009562030462455315,0.0023652252639052877,-0.0008221182235798171,0.01310133333269429
numerai28_6,LinearModel,9632,0.0002761142419707706,0.01254462680633975,0.01254462680633975,0.0,-8.803656607361177e-05,8.961834203153572e-05,8.961834203153572e-05,0.0,-7.345018107533137e-05,2.9872780677178574e-05,-2.3956135039135807e-05,0.0,-0.0053091079887757665,0.009673128999843945,0.009673128999843945,0.0,-0.006680596087660108,0.003224376333281315,-0.0007721916921973098,0.0,-0.0053091079887757665,0.009673128999843945,0.009673128999843945,0.0,-0.006680596087660108,0.003224376333281315,-0.0007721916921973098,0.013170958332921145
numerai28_6,NeuralNetFastAI,9632,0.0002771364253259482,0.013133332572654633,0.013133332572654633,0.0,-4.247055818382831e-05,6.57594433487065e-05,6.57594433487065e-05,0.0,-5.486507481901559e-05,2.191981444956883e-05,-1.0525396551379136e-05,0.004974501940771393,0.004974501940771393,0.01161013306907542,0.01161013306907542,0.0,-0.0003419753034100976,0.005528211669948938,0.005414219902145572,0.004974501940771393,0.004974501940771393,0.01161013306907542,0.01161013306907542,0.0,-0.0003419753034100976,0.005528211669948938,0.005414219902145572,0.01325663866737159
numerai28_6,NeuralNetTorch,9632,0.0002644595391366567,0.012526102667284567,0.012526102667284567,0.0,-6.74566711892489e-05,0.0,-1.9814386244608935e-05,0.0,-7.388660997143632e-05,0.0,-5.3719222468431384e-05,2.0919092296563906e-05,2.0919092296563906e-05,0.008023519709434027,0.008023519709434027,0.0,-0.01376341385735923,0.0026814796005768635,-0.0019063250185428794,2.0919092296563906e-05,2.0919092296563906e-05,0.008023519709434027,0.008023519709434027,0.0,-0.01376341385735923,0.0026814796005768635,-0.0019063250185428794,0.01356677766671055
numerai28_6,RandomForest,9632,0.00012645464047984857,0.0071427804631400745,0.0071427804631400745,2.2555988540034708e-05,2.2555988540034708e-05,6.240955614317553e-05,6.240955614317553e-05,0.0,-1.7761144291534167e-05,2.8321848227736746e-05,2.240146679722536e-05,0.0025547906552190794,0.0025547906552190794,0.008136797631376012,0.008136797631376012,0.0032301691339112993,0.0032301691339112993,0.004640585806835463,0.004640585806835463,0.0025547906552190794,0.0025547906552190794,0.008136797631376012,0.008136797631376012,0.0032301691339112993,0.0032301691339112993,0.004640585806835463,0.004640585806835463,0.01291033333351758
numerai28_6,XGBoost,9632,0.0003256287364334502,0.01252303114377482,0.01252303114377482,0.0,-3.606231948447362e-05,0.00018564660020213263,0.00018564660020213263,0.0,-4.286165855168698e-05,6.188220006737754e-05,3.557420738865734e-05,0.0,-0.000578714772885622,0.011602750212028374,0.011602750212028374,0.0018695732578635216,0.0018695732578635216,0.0044907744899639656,0.004297869565668758,0.0,-0.000578714772885622,0.011602750212028374,0.011602750212028374,0.0018695732578635216,0.0018695732578635216,0.0044907744899639656,0.004297869565668758,0.011578555666346801
