dataset,model,test_size,true_brier,true_l1,true_l2,Isotonic-CV_brier_draw0,Isotonic-CV_brier_draw0_unclipped,Isotonic-CV_brier_draw1,Isotonic-CV_brier_draw1_unclipped,Isotonic-CV_brier_draw2,Isotonic-CV_brier_draw2_unclipped,Isotonic-CV_brier,Isotonic-CV_brier_unclipped,Isotonic-CV_l1_draw0,Isotonic-CV_l1_draw0_unclipped,Isotonic-CV_l1_draw1,Isotonic-CV_l1_draw1_unclipped,Isotonic-CV_l1_draw2,Isotonic-CV_l1_draw2_unclipped,Isotonic-CV_l1,Isotonic-CV_l1_unclipped,Isotonic-CV_l2_draw0,Isotonic-CV_l2_draw0_unclipped,Isotonic-CV_l2_draw1,Isotonic-CV_l2_draw1_unclipped,Isotonic-CV_l2_draw2,Isotonic-CV_l2_draw2_unclipped,Isotonic-CV_l2,Isotonic-CV_l2_unclipped,Isotonic-CV_time
2dplanes,CatBoost,4077,0.0010357467002906422,0.016759806470045092,0.016759806470045092,0.0,-1.561047740529899e-05,0.0009536204563852744,0.0009536204563852744,0.00029312436593312063,0.00029312436593312063,0.000415581607439465,0.00041037811497103197,0.010356865294203085,0.010356865294203085,0.015694002281181237,0.015694002281181237,0.011081180796113418,0.011081180796113418,0.012377349457165912,0.012377349457165912,0.010356865294203085,0.010356865294203085,0.015694002281181237,0.015694002281181237,0.011081180796113418,0.011081180796113418,0.012377349457165912,0.012377349457165912,0.014816583334322786
2dplanes,ExtraTrees,4077,0.00060943821379165,0.013471089267672749,0.013471089267672749,0.0,-0.0002975224723859465,0.0,-2.9036900111373342e-06,0.0,-0.0004079758247436713,0.0,-0.00023613399571358504,0.002456165614948036,0.002456165614948036,0.014330044033857537,0.014330044033857537,0.0046567073709809685,0.0046567073709809685,0.007147639006595513,0.007147639006595513,0.002456165614948036,0.002456165614948036,0.014330044033857537,0.014330044033857537,0.0046567073709809685,0.0046567073709809685,0.007147639006595513,0.007147639006595513,0.014791138666623738
2dplanes,LightGBM,4077,0.0006452912859289947,0.014063984582822505,0.014063984582822505,9.817930439995133e-05,9.817930439995133e-05,0.0,-0.00028398570266698726,9.43423840610545e-05,9.43423840610545e-05,6.417389615366862e-05,-3.0488004735327148e-05,0.009664781169105184,0.009664781169105184,0.007849563044278697,0.007849563044278697,0.006297659280105773,0.006297659280105773,0.007937334497829884,0.007937334497829884,0.009664781169105184,0.009664781169105184,0.007849563044278697,0.007849563044278697,0.006297659280105773,0.006297659280105773,0.007937334497829884,0.007937334497829884,0.015467541667021578
2dplanes,LinearModel,4077,0.006020850286611491,0.05546835795935246,0.05546835795935246,0.0009974396108066148,0.0009974396108066148,0.000780838802993705,0.000780838802993705,0.0004459600862937071,0.0004459600862937071,0.0007414128333646757,0.0007414128333646757,0.020304032969450717,0.020304032969450717,0.022065610633787248,0.022065610633787248,0.017533572689951725,0.017533572689951725,0.019967738764396562,0.019967738764396562,0.020304032969450717,0.020304032969450717,0.022065610633787248,0.022065610633787248,0.017533572689951725,0.017533572689951725,0.019967738764396562,0.019967738764396562,0.015919763666412717
2dplanes,NeuralNetFastAI,4077,0.0003691270459463433,0.010036207619855754,0.010036207619855754,0.0,-0.0009353179467624692,1.3788826682507733e-05,1.3788826682507733e-05,0.0,-0.0008520607577721855,4.596275560835911e-06,-0.0005911966259507156,0.0017293761805425416,0.0017293761805425416,0.011267028235029343,0.011267028235029343,0.0,-0.0011029592181660307,0.004332134805190628,0.0039644817324686185,0.0017293761805425416,0.0017293761805425416,0.011267028235029343,0.011267028235029343,0.0,-0.0011029592181660307,0.004332134805190628,0.0039644817324686185,0.01539765266716131
2dplanes,NeuralNetTorch,4077,0.0003406932270880549,0.009938694772379074,0.009938694772379074,0.0,-3.288912944129995e-06,0.0,-0.0008002002045554255,0.0,-0.0005577272078324983,0.0,-0.0004537387751106846,0.0030769231399041886,0.0030769231399041886,0.00260225953531147,0.00260225953531147,0.004130054778587872,0.004130054778587872,0.0032697458179345106,0.0032697458179345106,0.0030769231399041886,0.0030769231399041886,0.00260225953531147,0.00260225953531147,0.004130054778587872,0.004130054778587872,0.0032697458179345106,0.0032697458179345106,0.014784777999011567
2dplanes,RandomForest,4077,0.000662710189717478,0.012572317079092885,0.012572317079092885,0.0,-0.0007079833773656676,0.0,-0.0004039212623023781,0.0,-0.00038822139949173695,0.0,-0.0005000420130532609,0.0013395389981896175,0.0013395389981896175,0.008460719352657872,0.008460719352657872,0.002929112262187816,0.002929112262187816,0.004243123537678435,0.004243123537678435,0.0013395389981896175,0.0013395389981896175,0.008460719352657872,0.008460719352657872,0.002929112262187816,0.002929112262187816,0.004243123537678435,0.004243123537678435,0.014509597333623484
2dplanes,XGBoost,4077,0.0007391555875778144,0.013616694989012785,0.013616694989012785,0.00023461157321475953,0.00023461157321475953,2.3101029107092985e-05,2.3101029107092985e-05,3.138224416609347e-05,3.138224416609347e-05,9.636494882931533e-05,9.636494882931533e-05,0.0088212072637773,0.0088212072637773,0.008197600205575896,0.008197600205575896,0.008732822143651708,0.008732822143651708,0.008583876537668301,0.008583876537668301,0.0088212072637773,0.0088212072637773,0.008197600205575896,0.008197600205575896,0.008732822143651708,0.008732822143651708,0.008583876537668301,0.008583876537668301,0.015077444333049547
APSFailure,CatBoost,7600,0.00023072929039153674,0.0018584471185175446,0.0018584471185175446,0.00010376141241185098,0.00010376141241185098,0.0,-5.9009840649656735e-05,0.0004858548277043978,0.0004858548277043978,0.00019653874670541626,0.00017686879982219735,0.0006422749434487311,0.0006422749434487311,0.0008567875893885158,0.0008567875893885158,0.001708434613152636,0.001708434613152636,0.0010691657153299608,0.0010691657153299608,0.0006422749434487311,0.0006422749434487311,0.0008567875893885158,0.0008567875893885158,0.001708434613152636,0.001708434613152636,0.0010691657153299608,0.0010691657153299608,0.021543416666342335
APSFailure,ExtraTrees,7600,0.0006226824370906533,0.0051914377608753915,0.0051914377608753915,0.0009526519607071255,0.0009526519607071255,0.000490902534381954,0.000490902534381954,0.0007914850807573475,0.0007914850807573475,0.000745013191948809,0.000745013191948809,0.005839539123471216,0.005839539123471216,0.005247715870429697,0.005247715870429697,0.005837052258964258,0.005837052258964258,0.005641435750955058,0.005641435750955058,0.005839539123471216,0.005839539123471216,0.005247715870429697,0.005247715870429697,0.005837052258964258,0.005837052258964258,0.005641435750955058,0.005641435750955058,0.018587361333629815
APSFailure,LightGBM,7600,0.00045686417862927437,0.0026085678974425864,0.0026085678974425864,0.0,-4.3797399154732075e-05,0.00025160408388440674,0.00025160408388440674,0.0006125853913441451,0.0006125853913441451,0.0002880631584095173,0.00027346402535793993,0.0011560556678650276,0.0011560556678650276,0.001555020153272572,0.001555020153272572,0.0025170197378570503,0.0025170197378570503,0.0017426985196648832,0.0017426985196648832,0.0011560556678650276,0.0011560556678650276,0.001555020153272572,0.001555020153272572,0.0025170197378570503,0.0025170197378570503,0.0017426985196648832,0.0017426985196648832,0.02062758333340753
APSFailure,LinearModel,7600,0.0003803322741956466,0.0034943082985187082,0.0034943082985187082,3.733042165102139e-05,3.733042165102139e-05,0.0006741417520021902,0.0006741417520021902,0.00030190476592618454,0.00030190476592618454,0.000337792313193132,0.000337792313193132,0.003221552295655795,0.003221552295655795,0.003494868104599688,0.003494868104599688,0.0019676335621637486,0.0019676335621637486,0.002894684654139744,0.002894684654139744,0.003221552295655795,0.003221552295655795,0.003494868104599688,0.003494868104599688,0.0019676335621637486,0.0019676335621637486,0.002894684654139744,0.002894684654139744,0.02014204166577353
APSFailure,NeuralNetFastAI,7600,0.0005370516703016731,0.002903728571302389,0.002903728571302389,0.0004295738820623217,0.0004295738820623217,0.0003680642801007718,0.0003680642801007718,0.0002494404957435283,0.0002494404957435283,0.0003490262193022073,0.0003490262193022073,0.001684477969948411,0.001684477969948411,0.0036222630611329903,0.0036222630611329903,0.003068662976038707,0.003068662976038707,0.0027918013357067033,0.0027918013357067033,0.001684477969948411,0.001684477969948411,0.0036222630611329903,0.0036222630611329903,0.003068662976038707,0.003068662976038707,0.0027918013357067033,0.0027918013357067033,0.020412750000105007
APSFailure,NeuralNetTorch,7600,0.0003528082933513664,0.0026576990019937415,0.0026576990019937415,0.0001904180978468729,0.0001904180978468729,0.00045611018546613217,0.00045611018546613217,0.00026052655327286184,0.00026052655327286184,0.00030235161219528895,0.00030235161219528895,0.0005483584689981351,0.0005483584689981351,0.003292787401928284,0.003292787401928284,0.0008655792293419788,0.0008655792293419788,0.0015689083667561326,0.0015689083667561326,0.0005483584689981351,0.0005483584689981351,0.003292787401928284,0.003292787401928284,0.0008655792293419788,0.0008655792293419788,0.0015689083667561326,0.0015689083667561326,0.020098069333471358
APSFailure,RandomForest,7600,0.0007705903281132056,0.0069554844467050935,0.0069554844467050935,0.0008179354832527137,0.0008179354832527137,0.0006061907734600699,0.0006061907734600699,0.0007119114969769002,0.0007119114969769002,0.0007120125845632279,0.0007120125845632279,0.007185964925815106,0.007185964925815106,0.005291228048123518,0.005291228048123518,0.0064140351036391955,0.0064140351036391955,0.006297076025859273,0.006297076025859273,0.007185964925815106,0.007185964925815106,0.005291228048123518,0.005291228048123518,0.0064140351036391955,0.0064140351036391955,0.006297076025859273,0.006297076025859273,0.01863483333363547
APSFailure,XGBoost,7600,0.0004522037960324727,0.00276524990062937,0.00276524990062937,0.0002890519431309864,0.0002890519431309864,5.697203831276343e-05,5.697203831276343e-05,0.0006582517412509826,0.0006582517412509826,0.0003347585742315775,0.0003347585742315775,0.0016068432554369027,0.0016068432554369027,0.001749712701331239,0.001749712701331239,0.002765446132909442,0.002765446132909442,0.0020406673632258616,0.0020406673632258616,0.0016068432554369027,0.0016068432554369027,0.001749712701331239,0.001749712701331239,0.002765446132909442,0.002765446132909442,0.0020406673632258616,0.0020406673632258616,0.02016181933261881
Amazon_employee_access,CatBoost,3277,6.587767880525423e-05,0.007047274838570309,0.007047274838570309,0.00026504813154458646,0.00026504813154458646,0.0,-0.0006127885514925649,0.0,-0.000376590723512841,8.834937718152883e-05,-0.0002414437144869398,0.010240081643136056,0.010240081643136056,0.007356133232410994,0.007356133232410994,0.009816579328583333,0.009816579328583333,0.009137598068043462,0.009137598068043462,0.010240081643136056,0.010240081643136056,0.007356133232410994,0.007356133232410994,0.009816579328583333,0.009816579328583333,0.009137598068043462,0.009137598068043462,0.018935250000746844
Amazon_employee_access,ExtraTrees,3277,0.0011848128098959204,0.021936008014946693,0.021936008014946693,0.0016147640444190371,0.0016147640444190371,0.0015932520633304688,0.0015932520633304688,0.0009414452682463853,0.0009414452682463853,0.0013831537919986303,0.0013831537919986303,0.025082293296500534,0.025082293296500534,0.025035785194537537,0.025035785194537537,0.02419578084630649,0.02419578084630649,0.024771286445781516,0.024771286445781516,0.025082293296500534,0.025082293296500534,0.025035785194537537,0.025035785194537537,0.02419578084630649,0.02419578084630649,0.024771286445781516,0.024771286445781516,0.016051902667337952
Amazon_employee_access,LightGBM,3277,0.00011584613744030146,0.006122729817486624,0.006122729817486624,0.00019104718086184158,0.00019104718086184158,0.0,-0.0008757227106067956,0.0003280539466172057,0.0003280539466172057,0.00017303370915968243,-0.0001188738610425828,0.006130251616266831,0.006130251616266831,0.0,-0.003991652217568295,0.009775645453408975,0.009775645453408975,0.005301965689891935,0.003971414950702503,0.006130251616266831,0.006130251616266831,0.0,-0.003991652217568295,0.009775645453408975,0.009775645453408975,0.005301965689891935,0.003971414950702503,0.014426597333416188
Amazon_employee_access,LinearModel,3277,0.000577567983805529,0.015529851627251633,0.015529851627251633,0.0009652117722227074,0.0009652117722227074,0.0009474121123636742,0.0009474121123636742,0.0011008310960180761,0.0011008310960180761,0.0010044849935348192,0.0010044849935348192,0.017446145503976412,0.017446145503976412,0.024039825099995853,0.024039825099995853,0.014589025244812504,0.014589025244812504,0.018691665282928257,0.018691665282928257,0.017446145503976412,0.017446145503976412,0.024039825099995853,0.024039825099995853,0.014589025244812504,0.014589025244812504,0.018691665282928257,0.018691665282928257,0.01430541666680559
Amazon_employee_access,NeuralNetFastAI,3277,0.0003750018116364677,0.009594039574861163,0.009594039574861163,0.0,-0.0006740091759505738,0.00011746165750586867,0.00011746165750586867,0.0012864581207913176,0.0012864581207913176,0.00046797325943239543,0.00024330353411553747,0.005531877674887666,0.005531877674887666,0.011149035259140022,0.011149035259140022,0.009586234249317831,0.009586234249317831,0.008755715727781839,0.008755715727781839,0.005531877674887666,0.005531877674887666,0.011149035259140022,0.011149035259140022,0.009586234249317831,0.009586234249317831,0.008755715727781839,0.008755715727781839,0.014072778000506029
Amazon_employee_access,NeuralNetTorch,3277,0.001192830126488589,0.0172959970043751,0.0172959970043751,0.0,-0.00018037889751023632,0.00036555532173724366,0.00036555532173724366,0.0005780079537151995,0.0005780079537151995,0.0003145210918174811,0.0002543947926474023,0.0093937385753411,0.0093937385753411,0.010937701197961208,0.010937701197961208,0.016209503904617083,0.016209503904617083,0.012180314559306465,0.012180314559306465,0.0093937385753411,0.0093937385753411,0.010937701197961208,0.010937701197961208,0.016209503904617083,0.016209503904617083,0.012180314559306465,0.012180314559306465,0.01400709699980022
Amazon_employee_access,RandomForest,3277,0.0010407990874690906,0.019401031244190358,0.019401031244190358,0.0010800114978736309,0.0010800114978736309,0.0012117880945219628,0.0012117880945219628,0.000371588871038895,0.000371588871038895,0.000887796154478163,0.000887796154478163,0.022924209522298827,0.022924209522298827,0.021466048658894517,0.021466048658894517,0.02378422658018561,0.02378422658018561,0.022724828253792986,0.022724828253792986,0.022924209522298827,0.022924209522298827,0.021466048658894517,0.021466048658894517,0.02378422658018561,0.02378422658018561,0.022724828253792986,0.022724828253792986,0.013350472333210442
Amazon_employee_access,XGBoost,3277,6.127144786686918e-05,0.006959118745905035,0.006959118745905035,0.0,-1.5730489772326255e-05,9.407736453963683e-05,9.407736453963683e-05,0.0,-0.00012948385280560313,3.1359121513212276e-05,-1.704565934609752e-05,0.011478914679470025,0.011478914679470025,0.012176565920293494,0.012176565920293494,0.009015427191273118,0.009015427191273118,0.010890302597012213,0.010890302597012213,0.011478914679470025,0.011478914679470025,0.012176565920293494,0.012176565920293494,0.009015427191273118,0.009015427191273118,0.010890302597012213,0.010890302597012213,0.013680361000297125
Click_prediction_small,CatBoost,3995,0.00038633628898235186,0.01768859708588454,0.01768859708588454,0.0,-0.0002800268130369108,0.0,-0.0007642798480503151,0.0,-0.0011154274911660046,0.0,-0.0007199113840844102,0.017046984902539936,0.017046984902539936,0.012910137782561056,0.012910137782561056,0.0021538592633722495,0.0021538592633722495,0.010703660649491081,0.010703660649491081,0.017046984902539936,0.017046984902539936,0.012910137782561056,0.012910137782561056,0.0021538592633722495,0.0021538592633722495,0.010703660649491081,0.010703660649491081,0.01560613900073804
Click_prediction_small,ExtraTrees,3995,0.0008215564260373532,0.023610837407146718,0.023610837407146718,1.4918563537381178e-05,1.4918563537381178e-05,0.000671580550372548,0.000671580550372548,0.0006107744487678358,0.0006107744487678358,0.0004324245208925883,0.0004324245208925883,0.01855725023285888,0.01855725023285888,0.022321041381844462,0.022321041381844462,0.03103261307069568,0.03103261307069568,0.023970301561799672,0.023970301561799672,0.01855725023285888,0.01855725023285888,0.022321041381844462,0.022321041381844462,0.03103261307069568,0.03103261307069568,0.023970301561799672,0.023970301561799672,0.015272208333044546
Click_prediction_small,LightGBM,3995,0.0004458847215889114,0.01815457796381882,0.01815457796381882,0.00048750709589765574,0.00048750709589765574,0.0007785455768298653,0.0007785455768298653,0.0,-0.0009037319037055276,0.0004220175575758403,0.0001207735896739978,0.02044589252401148,0.02044589252401148,0.019656832368510575,0.019656832368510575,0.0,-0.0017456988279517735,0.013367574964174019,0.01278567535485676,0.02044589252401148,0.02044589252401148,0.019656832368510575,0.019656832368510575,0.0,-0.0017456988279517735,0.013367574964174019,0.01278567535485676,0.016118583333688246
Click_prediction_small,LinearModel,3995,0.003433357252839177,0.038138102764381475,0.038138102764381475,0.00276027761982209,0.00276027761982209,0.002018488050914963,0.002018488050914963,0.0010123707323083221,0.0010123707323083221,0.001930378801015125,0.001930378801015125,0.031258407972160916,0.031258407972160916,0.028742721748511505,0.028742721748511505,0.028052557126801922,0.028052557126801922,0.029351228949158117,0.029351228949158117,0.031258407972160916,0.031258407972160916,0.028742721748511505,0.028742721748511505,0.028052557126801922,0.028052557126801922,0.029351228949158117,0.029351228949158117,0.015188347000124244
Click_prediction_small,NeuralNetFastAI,3995,0.0006152494557119272,0.02168230629401941,0.02168230629401941,0.0008951965450656864,0.0008951965450656864,0.0,-0.000485111967088772,0.0,-0.000883280753495026,0.0002983988483552288,-0.0001577320585060372,0.02879496751217934,0.02879496751217934,0.008187033345477565,0.008187033345477565,0.0004884593546605005,0.0004884593546605005,0.012490153404105801,0.012490153404105801,0.02879496751217934,0.02879496751217934,0.008187033345477565,0.008187033345477565,0.0004884593546605005,0.0004884593546605005,0.012490153404105801,0.012490153404105801,0.014834027665832158
Click_prediction_small,NeuralNetTorch,3995,0.000906484864703196,0.025087184047802014,0.025087184047802014,0.0004028584988148151,0.0004028584988148151,0.00017851191964287445,0.00017851191964287445,0.0,-0.0001530876540688992,0.00019379013948589655,0.00014276092146293015,0.027437153170398146,0.027437153170398146,0.01831824711246535,0.01831824711246535,0.01578761087503233,0.01578761087503233,0.020514337052631944,0.020514337052631944,0.027437153170398146,0.027437153170398146,0.01831824711246535,0.01831824711246535,0.01578761087503233,0.01578761087503233,0.020514337052631944,0.020514337052631944,0.014833416666078847
Click_prediction_small,RandomForest,3995,0.0011413213978873715,0.02535429986824517,0.02535429986824517,0.0013591356856717382,0.0013591356856717382,0.0022033615906187445,0.0022033615906187445,0.0,-0.0004542992969446706,0.0011874990920968276,0.0010360659931152707,0.03369723827089591,0.03369723827089591,0.027804576496595693,0.027804576496595693,0.021704864546850975,0.021704864546850975,0.027735559771447524,0.027735559771447524,0.03369723827089591,0.03369723827089591,0.027804576496595693,0.027804576496595693,0.021704864546850975,0.021704864546850975,0.027735559771447524,0.027735559771447524,0.014884263667530226
Click_prediction_small,XGBoost,3995,0.00047790328474461684,0.018971117007725632,0.018971117007725632,0.0,-0.0002857374015697948,0.0,-0.00023385579510904579,0.0,-0.0004812248558804088,0.0,-0.0003336060175197498,0.016220996972932264,0.016220996972932264,0.00879941431543812,0.00879941431543812,0.012791023705736296,0.012791023705736296,0.012603811664702225,0.012603811664702225,0.016220996972932264,0.016220996972932264,0.00879941431543812,0.00879941431543812,0.012791023705736296,0.012791023705736296,0.012603811664702225,0.012603811664702225,0.01467727766673003
PhishingWebsites,CatBoost,1106,0.00011501653449411958,0.003910267557744939,0.003910267557744939,0.0,-0.00349966464690065,0.0,-0.0016681547805185491,9.180271668821333e-05,9.180271668821333e-05,3.060090556273778e-05,-0.0016920055702436619,0.0,-0.010602497517770733,0.0,-0.00018760423187560627,0.007840601626152566,0.007840601626152566,0.0026135338753841887,-0.0009831667078312577,0.0,-0.010602497517770733,0.0,-0.00018760423187560627,0.007840601626152566,0.007840601626152566,0.0026135338753841887,-0.0009831667078312577,0.009756541666623283
PhishingWebsites,ExtraTrees,1106,0.0066681586143801565,0.05625384704162044,0.05625384704162044,0.0020991145240787344,0.0020991145240787344,0.0054934070336940906,0.0054934070336940906,0.007238866686068514,0.007238866686068514,0.004943796081280446,0.004943796081280446,0.045593200849641156,0.045593200849641156,0.05306548659113332,0.05306548659113332,0.06155264649949008,0.06155264649949008,0.053403777980088184,0.053403777980088184,0.045593200849641156,0.045593200849641156,0.05306548659113332,0.05306548659113332,0.06155264649949008,0.06155264649949008,0.053403777980088184,0.053403777980088184,0.00948934733363179
PhishingWebsites,LightGBM,1106,9.452185636811948e-05,0.0038107923112926127,0.0038107923112926127,0.0,-0.0010484734151375863,0.0,-0.0009666699865117773,0.0,-0.0003543751341413408,0.0,-0.0007898395119302348,0.0,-0.0005586520130128202,0.0,-0.0025009283344317136,0.006616172060116458,0.006616172060116458,0.002205390686705486,0.0011855305708906414,0.0,-0.0005586520130128202,0.0,-0.0025009283344317136,0.006616172060116458,0.006616172060116458,0.002205390686705486,0.0011855305708906414,0.009478500000113854
PhishingWebsites,LinearModel,1106,0.00021872736660312296,0.00902476140604523,0.00902476140604523,0.0,-0.0026625242755680214,0.0,-0.002144045485450436,0.0,-0.0005496022578836341,0.0,-0.0017853906729673639,0.0,-0.0027318238147850033,0.002559450427456195,0.002559450427456195,0.010039315857715959,0.010039315857715959,0.004199588761724052,0.0032889808234623837,0.0,-0.0027318238147850033,0.002559450427456195,0.002559450427456195,0.010039315857715959,0.010039315857715959,0.004199588761724052,0.0032889808234623837,0.009354541666349784
PhishingWebsites,NeuralNetFastAI,1106,4.744237505240245e-05,0.003141969719634052,0.003141969719634052,0.0,-0.002135652766963558,0.0,-0.0005233400992878557,0.0,-0.0015615160094785217,0.0,-0.0014068362919099785,0.0,-0.003076939751656017,0.012007572353701274,0.012007572353701274,0.0,-8.459867570792605e-05,0.004002524117900425,0.0029486779754457778,0.0,-0.003076939751656017,0.012007572353701274,0.012007572353701274,0.0,-8.459867570792605e-05,0.004002524117900425,0.0029486779754457778,0.009801555333979195
PhishingWebsites,NeuralNetTorch,1106,0.00011321565322257829,0.004358799474228134,0.004358799474228134,0.0,-0.002022545826726585,0.0,-0.0024567728749498073,0.0,-0.0013342004751286502,0.0,-0.0019378397256016807,0.0,-0.0047814479674434624,0.0,-0.007284668574914487,0.0,-0.001996387850573832,0.0,-0.004687501464310594,0.0,-0.0047814479674434624,0.0,-0.007284668574914487,0.0,-0.001996387850573832,0.0,-0.004687501464310594,0.009517805333113452
PhishingWebsites,RandomForest,1106,0.005133421861791541,0.04618638428999584,0.04618638428999584,0.001587982997731837,0.001587982997731837,0.004010123188680763,0.004010123188680763,0.003128758103263857,0.003128758103263857,0.002908954763225486,0.002908954763225486,0.029688069862044635,0.029688069862044635,0.041759567155796304,0.041759567155796304,0.04504259163672982,0.04504259163672982,0.038830076218190256,0.038830076218190256,0.029688069862044635,0.029688069862044635,0.041759567155796304,0.041759567155796304,0.04504259163672982,0.04504259163672982,0.038830076218190256,0.038830076218190256,0.009354110999993281
PhishingWebsites,XGBoost,1106,8.611671452407753e-05,0.0031778621042838112,0.0031778621042838112,0.0,-0.0022514476553232333,0.0,-0.0005787276163639575,0.0,-0.000644180679646641,0.0,-0.0011581186504446106,0.0,-0.00702613775661853,0.0015298317294854679,0.0015298317294854679,0.003992408282172065,0.003992408282172065,0.0018407466705525107,-0.0005012992483203327,0.0,-0.00702613775661853,0.0015298317294854679,0.0015298317294854679,0.003992408282172065,0.003992408282172065,0.0018407466705525107,-0.0005012992483203327,0.00957337499979379
Run_or_walk_information,CatBoost,8859,0.00010483370935025374,0.001972443140557718,0.001972443140557718,0.0,-0.00020422752317213994,0.0,-0.0001682758021965629,0.0,-0.0002456823173169186,0.0,-0.00020606188089520715,0.00037628288523968605,0.00037628288523968605,0.0012911464906788922,0.0012911464906788922,0.0007861300722684468,0.0007861300722684468,0.000817853149395675,0.000817853149395675,0.00037628288523968605,0.00037628288523968605,0.0012911464906788922,0.0012911464906788922,0.0007861300722684468,0.0007861300722684468,0.000817853149395675,0.000817853149395675,0.023894569333303178
Run_or_walk_information,ExtraTrees,8859,0.002147695508629922,0.02022570610150847,0.02022570610150847,0.0018835204332824241,0.0018835204332824241,0.001964462338490144,0.001964462338490144,0.002199719891368406,0.002199719891368406,0.0020159008877136584,0.0020159008877136584,0.01907476240016107,0.01907476240016107,0.019037888587830613,0.019037888587830613,0.02015163338124897,0.02015163338124897,0.019421428123080217,0.019421428123080217,0.01907476240016107,0.01907476240016107,0.019037888587830613,0.019037888587830613,0.02015163338124897,0.02015163338124897,0.019421428123080217,0.019421428123080217,0.022531333333366394
Run_or_walk_information,LightGBM,8859,0.00010954628564335039,0.0022700646441504158,0.0022700646441504158,0.0,-7.522988509580961e-05,0.0,-5.984108501410938e-05,0.0,-2.520419296960758e-05,0.0,-5.342505435984219e-05,0.0011508131402091677,0.0011508131402091677,0.0012328031110163038,0.0012328031110163038,0.0031458959291119264,0.0031458959291119264,0.0018431707267791326,0.0018431707267791326,0.0011508131402091677,0.0011508131402091677,0.0012328031110163038,0.0012328031110163038,0.0031458959291119264,0.0031458959291119264,0.0018431707267791326,0.0018431707267791326,0.02288397200027248
Run_or_walk_information,LinearModel,8859,0.046580505774797464,0.15507859029528043,0.15507859029528043,0.031593987458363816,0.031593987458363816,0.03328665129716408,0.03328665129716408,0.03375168934792951,0.03375168934792951,0.03287744270115247,0.03287744270115247,0.12915746189392743,0.12915746189392743,0.13176262304574116,0.13176262304574116,0.1354053753751687,0.1354053753751687,0.13210848677161244,0.13210848677161244,0.12915746189392743,0.12915746189392743,0.13176262304574116,0.13176262304574116,0.1354053753751687,0.1354053753751687,0.13210848677161244,0.13210848677161244,0.024729166666171903
Run_or_walk_information,NeuralNetFastAI,8859,0.0001224129144028694,0.003099597334877249,0.003099597334877249,0.0,-0.00016283600483090239,0.0,-0.00021076229575733727,0.0,-0.00019200506333204317,0.0,-0.00018853445464009428,0.000588037861084813,0.000588037861084813,0.001801039747491481,0.001801039747491481,0.0012851920247782013,0.0012851920247782013,0.0012247565444514984,0.0012247565444514984,0.000588037861084813,0.000588037861084813,0.001801039747491481,0.001801039747491481,0.0012851920247782013,0.0012851920247782013,0.0012247565444514984,0.0012247565444514984,0.023478583333295926
Run_or_walk_information,NeuralNetTorch,8859,7.932355281150218e-05,0.0019208274511967615,0.0019208274511967615,0.0,-0.0001603446519325943,0.0,-0.0001680537616771741,0.0,-7.882622219643751e-05,0.0,-0.0001357415452687353,0.0,-0.0003711450869895031,0.00028410452019277625,0.00028410452019277625,0.0011081498122887947,0.0011081498122887947,0.000464084777493857,0.000340369748497356,0.0,-0.0003711450869895031,0.00028410452019277625,0.00028410452019277625,0.0011081498122887947,0.0011081498122887947,0.000464084777493857,0.000340369748497356,0.022873764000299463
Run_or_walk_information,RandomForest,8859,0.0007853873470846317,0.010882730248931247,0.010882730248931247,0.00042919777280916766,0.00042919777280916766,0.0010561752499714612,0.0010561752499714612,0.0005408296940244957,0.0005408296940244957,0.0006754009056017081,0.0006754009056017081,0.008850045123783462,0.008850045123783462,0.012147954485603159,0.012147954485603159,0.010130914575245677,0.010130914575245677,0.010376304728210765,0.010376304728210765,0.008850045123783462,0.008850045123783462,0.012147954485603159,0.012147954485603159,0.010130914575245677,0.010130914575245677,0.010376304728210765,0.010376304728210765,0.022026971999972982
Run_or_walk_information,XGBoost,8859,9.801705724564982e-06,0.0010685539641082551,0.0010685539641082551,0.0,-0.00011116152109126727,6.687006198294085e-05,6.687006198294085e-05,0.0,-0.00016930012371048372,2.2290020660980283e-05,-7.119719427293672e-05,0.0012261032249507343,0.0012261032249507343,0.0024598315907244585,0.0024598315907244585,0.0,-0.00031004949218775785,0.0012286449385583975,0.001125295107829145,0.0012261032249507343,0.0012261032249507343,0.0024598315907244585,0.0024598315907244585,0.0,-0.00031004949218775785,0.0012286449385583975,0.001125295107829145,0.022539194333755102
adult,CatBoost,4885,0.0006152181577692995,0.01687512706217434,0.01687512706217434,0.0,-0.00022805143669433537,0.0002275016591387443,0.0002275016591387443,0.00036380143044859915,0.00036380143044859915,0.0001971010298624478,0.00012108388429766936,0.011878193810537828,0.011878193810537828,0.019617709320852147,0.019617709320852147,0.016062008798804806,0.016062008798804806,0.015852637310064924,0.015852637310064924,0.011878193810537828,0.011878193810537828,0.019617709320852147,0.019617709320852147,0.016062008798804806,0.016062008798804806,0.015852637310064924,0.015852637310064924,0.0169682776662133
adult,ExtraTrees,4885,0.0011370991685457355,0.025229521107036034,0.025229521107036034,0.0007893157712785297,0.0007893157712785297,0.0012963309558193157,0.0012963309558193157,0.0,-9.096968588474817e-06,0.0006952155756992819,0.0006921832528364569,0.026523802341036615,0.026523802341036615,0.02799096260854511,0.02799096260854511,0.016132084077960726,0.016132084077960726,0.023548949675847485,0.023548949675847485,0.026523802341036615,0.026523802341036615,0.02799096260854511,0.02799096260854511,0.016132084077960726,0.016132084077960726,0.023548949675847485,0.023548949675847485,0.017597902666845282
adult,LightGBM,4885,0.0004237835510739854,0.013610577703054249,0.013610577703054249,3.825358256542875e-05,3.825358256542875e-05,0.0,-0.00019635326634815287,0.0,-0.00011673595119580256,1.2751194188476252e-05,-9.161187832617554e-05,0.008172482635682349,0.008172482635682349,0.010346140316686035,0.010346140316686035,0.010899093981993782,0.010899093981993782,0.009805905644787389,0.009805905644787389,0.008172482635682349,0.008172482635682349,0.010346140316686035,0.010346140316686035,0.010899093981993782,0.010899093981993782,0.009805905644787389,0.009805905644787389,0.017004055667105906
adult,LinearModel,4885,0.00027479023834166164,0.01382074661413434,0.01382074661413434,0.0,-0.0005297001356474406,0.0,-0.0004881135877147299,0.0,-0.0006005841474022364,0.0,-0.000539465956921469,0.010647344437997742,0.010647344437997742,0.013993262806656474,0.013993262806656474,0.005879978441840973,0.005879978441840973,0.010173528562165064,0.010173528562165064,0.010647344437997742,0.010647344437997742,0.013993262806656474,0.013993262806656474,0.005879978441840973,0.005879978441840973,0.010173528562165064,0.010173528562165064,0.01637918033278159
adult,NeuralNetFastAI,4885,0.0007270421928356895,0.019435569401433525,0.019435569401433525,0.0003873021466414595,0.0003873021466414595,9.706057073241163e-05,9.706057073241163e-05,0.0,-0.0004095604168281002,0.00016145423912462372,2.493410018192365e-05,0.022744722518436837,0.022744722518436837,0.021051479314839847,0.021051479314839847,0.01571207370009822,0.01571207370009822,0.0198360918444583,0.0198360918444583,0.022744722518436837,0.022744722518436837,0.021051479314839847,0.021051479314839847,0.01571207370009822,0.01571207370009822,0.0198360918444583,0.0198360918444583,0.01643613900038569
adult,NeuralNetTorch,4885,0.0009504127682872356,0.020245912457373255,0.020245912457373255,0.0,-0.00012737613816482152,0.0005607726381452096,0.0005607726381452096,0.00012763533408826163,0.00012763533408826163,0.00022946932407782376,0.00018701061135621656,0.00939241837638556,0.00939241837638556,0.017973151473316105,0.017973151473316105,0.01243502091506676,0.01243502091506676,0.013266863588256142,0.013266863588256142,0.00939241837638556,0.00939241837638556,0.017973151473316105,0.017973151473316105,0.01243502091506676,0.01243502091506676,0.013266863588256142,0.013266863588256142,0.016582055667337652
adult,RandomForest,4885,0.0012868164993794738,0.026970672527330302,0.026970672527330302,0.0008930368989993347,0.0008930368989993347,0.0014651454272869991,0.0014651454272869991,0.0003670010629617822,0.0003670010629617822,0.0009083944630827053,0.0009083944630827053,0.024922041876345922,0.024922041876345922,0.02983376500102715,0.02983376500102715,0.022860704888073475,0.022860704888073475,0.02587217058848218,0.02587217058848218,0.024922041876345922,0.024922041876345922,0.02983376500102715,0.02983376500102715,0.022860704888073475,0.022860704888073475,0.02587217058848218,0.02587217058848218,0.017551069333421765
adult,XGBoost,4885,0.0005345494552161558,0.016391190786140295,0.016391190786140295,0.0,-0.0002000008094836664,0.0,-5.835934111407811e-06,0.0,-0.00019510467821124425,0.0,-0.00013364714060210616,0.011456071993154533,0.011456071993154533,0.015463220402193773,0.015463220402193773,0.006609959689268798,0.006609959689268798,0.011176417361539036,0.011176417361539036,0.011456071993154533,0.011456071993154533,0.015463220402193773,0.015463220402193773,0.006609959689268798,0.006609959689268798,0.011176417361539036,0.011176417361539036,0.016682263999731124
ailerons,CatBoost,1375,0.00027630217784780714,0.011567778694020077,0.011567778694020077,0.0,-0.0020518897687375856,0.0,-0.002530340181924986,0.0006677579101973928,0.0006677579101973928,0.0002225859700657976,-0.001304824013488393,0.001786637400573289,0.001786637400573289,0.0,-0.009825466403018006,0.009133950907610018,0.009133950907610018,0.003640196102727769,0.0003650406350551004,0.001786637400573289,0.001786637400573289,0.0,-0.009825466403018006,0.009133950907610018,0.009133950907610018,0.003640196102727769,0.0003650406350551004,0.011004708333833454
ailerons,ExtraTrees,1375,0.0013176445909882613,0.0290793574283598,0.0290793574283598,0.001019294837366319,0.001019294837366319,0.0,-0.0018337172524724736,0.0,-0.00173721602967393,0.00033976494578877303,-0.0008505461482600282,0.025272092044321737,0.025272092044321737,0.012343540598013946,0.012343540598013946,0.003680041741209359,0.003680041741209359,0.013765224794515014,0.013765224794515014,0.025272092044321737,0.025272092044321737,0.012343540598013946,0.012343540598013946,0.003680041741209359,0.003680041741209359,0.013765224794515014,0.013765224794515014,0.010555430333624827
ailerons,LightGBM,1375,0.00011693810695666074,0.008554613836744631,0.008554613836744631,0.0,-0.0010042528983361908,0.0,-0.002721615088710488,0.0006020766878513555,0.0006020766878513555,0.00020069222928378516,-0.001041263766398441,0.01180316981292245,0.01180316981292245,0.0017592802903699605,0.0017592802903699605,0.024002066047608173,0.024002066047608173,0.012521505383633528,0.012521505383633528,0.01180316981292245,0.01180316981292245,0.0017592802903699605,0.0017592802903699605,0.024002066047608173,0.024002066047608173,0.012521505383633528,0.012521505383633528,0.010205514000214558
ailerons,LinearModel,1375,0.0001836785291027428,0.010391804801025004,0.010391804801025004,0.0,-0.0017648234098743888,0.0,-0.002078472441954545,0.00042159562952377743,0.00042159562952377743,0.0001405318765079258,-0.0011405667407683854,0.0,-0.005685023595578969,0.004630393163131719,0.004630393163131719,0.012586476783268154,0.012586476783268154,0.005738956648799958,0.0038439487836069686,0.0,-0.005685023595578969,0.004630393163131719,0.004630393163131719,0.012586476783268154,0.012586476783268154,0.005738956648799958,0.0038439487836069686,0.010116805666863607
ailerons,NeuralNetFastAI,1375,0.0001645495308457295,0.009278845729904126,0.009278845729904126,0.0,-0.0022485437781341096,0.0,-0.0004033667442165613,0.0,-0.0015044215319971411,0.0,-0.0013854440181159374,0.0,-0.008765079883821355,0.012067246648435519,0.012067246648435519,0.011091205200556281,0.011091205200556281,0.0077194839496639335,0.004797790655056815,0.0,-0.008765079883821355,0.012067246648435519,0.012067246648435519,0.011091205200556281,0.011091205200556281,0.0077194839496639335,0.004797790655056815,0.011061860999082759
ailerons,NeuralNetTorch,1375,0.0002283116865340639,0.010233639353312108,0.010233639353312108,0.0,-0.0018222784864259742,0.0,-0.001985906023497677,0.0,-0.00047067284009988115,0.0,-0.0014262857833411775,0.0,-0.0056209897175828125,0.0,-0.010440884099127619,0.01148388821221306,0.01148388821221306,0.0038279627374043536,-0.001525995201499124,0.0,-0.0056209897175828125,0.0,-0.010440884099127619,0.01148388821221306,0.01148388821221306,0.0038279627374043536,-0.001525995201499124,0.010682486000102168
ailerons,RandomForest,1375,0.0006854447630043796,0.0203316415928791,0.0203316415928791,0.0,-0.001157518566975982,0.0,-7.2591863025533695e-06,0.0,-0.0010921599450554468,0.0,-0.0007523125661113274,0.009440074016435325,0.009440074016435325,0.026523821788088587,0.026523821788088587,0.015177598324022256,0.015177598324022256,0.01704716470951539,0.01704716470951539,0.009440074016435325,0.009440074016435325,0.026523821788088587,0.026523821788088587,0.015177598324022256,0.015177598324022256,0.01704716470951539,0.01704716470951539,0.010562638999545015
ailerons,XGBoost,1375,7.454605353151486e-05,0.0065705054893200705,0.0065705054893200705,0.0,-0.001555871541338547,3.5397977294102758e-06,3.5397977294102758e-06,5.1028634688895895e-05,5.1028634688895895e-05,1.8189477472768722e-05,-0.0005004343696400803,0.0,-0.000711874644250863,0.011200790235201236,0.011200790235201236,0.010171507372711362,0.010171507372711362,0.007124099202637533,0.006886807654553912,0.0,-0.000711874644250863,0.011200790235201236,0.011200790235201236,0.010171507372711362,0.010171507372711362,0.007124099202637533,0.006886807654553912,0.011723375000049904
bank-marketing,CatBoost,4522,0.0005132235775827006,0.01307845357417823,0.01307845357417823,0.0,-0.00011763529397963256,0.00048567572864384776,0.00048567572864384776,0.0003352401524619787,0.0003352401524619787,0.0002736386270352755,0.000234426862375398,0.005938516089664204,0.005938516089664204,0.005881853549333333,0.005881853549333333,0.013065826627464482,0.013065826627464482,0.00829539875548734,0.00829539875548734,0.005938516089664204,0.005938516089664204,0.005881853549333333,0.005881853549333333,0.013065826627464482,0.013065826627464482,0.00829539875548734,0.00829539875548734,0.016163027665849466
bank-marketing,ExtraTrees,4522,0.00027389379500799627,0.011776435399688001,0.011776435399688001,0.0,-0.000510712929280911,0.0,-0.00037551047615788625,0.0,-0.0010096084316254174,0.0,-0.0006319439456880715,0.002364972349300068,0.002364972349300068,0.0031895371256084413,0.0031895371256084413,0.0023774440779649793,0.0023774440779649793,0.002643984517624496,0.002643984517624496,0.002364972349300068,0.002364972349300068,0.0031895371256084413,0.0031895371256084413,0.0023774440779649793,0.0023774440779649793,0.002643984517624496,0.002643984517624496,0.01628801400026229
bank-marketing,LightGBM,4522,0.00020177039456570074,0.008544793628403111,0.008544793628403111,0.0,-0.0002848398336180141,0.00010923835469660473,0.00010923835469660473,0.0,-0.0005642983041225022,3.641278489886824e-05,-0.0002466332610146372,0.0028901377388460925,0.0028901377388460925,0.008703520476998565,0.008703520476998565,0.0,-0.001093486678641932,0.003864552738614886,0.0035000571790675754,0.0028901377388460925,0.0028901377388460925,0.008703520476998565,0.008703520476998565,0.0,-0.001093486678641932,0.003864552738614886,0.0035000571790675754,0.01627206933335401
bank-marketing,LinearModel,4522,0.001231073646633584,0.01771170175477092,0.01771170175477092,0.0008609742877739033,0.0008609742877739033,0.000623767304267787,0.000623767304267787,0.0015444848092587425,0.0015444848092587425,0.0010097421337668109,0.0010097421337668109,0.019698557888249008,0.019698557888249008,0.016597048462982187,0.016597048462982187,0.012921299287675637,0.012921299287675637,0.016405635212968943,0.016405635212968943,0.019698557888249008,0.019698557888249008,0.016597048462982187,0.016597048462982187,0.012921299287675637,0.012921299287675637,0.016405635212968943,0.016405635212968943,0.01579293066606624
bank-marketing,NeuralNetFastAI,4522,0.0001663844076763581,0.006980738153360599,0.006980738153360599,0.0,-0.00026204809182830453,0.0,-0.000564580955490838,0.0,-0.0004920610315540489,0.0,-0.0004395633596243971,0.006131214769161076,0.006131214769161076,0.0008719594045941797,0.0008719594045941797,0.003988095629463956,0.003988095629463956,0.0036637566010730704,0.0036637566010730704,0.006131214769161076,0.006131214769161076,0.0008719594045941797,0.0008719594045941797,0.003988095629463956,0.003988095629463956,0.0036637566010730704,0.0036637566010730704,0.01627551400088123
bank-marketing,NeuralNetTorch,4522,0.0001924682271929433,0.006890143246673141,0.006890143246673141,0.0,-0.0003275401246667845,0.0,-0.0004660637859003708,0.0,-0.0006720132239980023,0.0,-0.0004885390448550525,0.004697624296966623,0.004697624296966623,0.005276578943588743,0.005276578943588743,0.0,-0.0003253247452435832,0.0033247344135184554,0.003216292831770594,0.004697624296966623,0.004697624296966623,0.005276578943588743,0.005276578943588743,0.0,-0.0003253247452435832,0.0033247344135184554,0.003216292831770594,0.016000055333279306
bank-marketing,RandomForest,4522,0.0002454993245856833,0.011252096679536966,0.011252096679536966,0.0,-0.00020635155022937196,0.0,-0.0006050666228642346,0.0,-0.00044774039744558953,0.0,-0.00041971952351306535,0.007189079712390553,0.007189079712390553,0.002856999975194975,0.002856999975194975,0.007592945534176934,0.007592945534176934,0.005879675073920821,0.005879675073920821,0.007189079712390553,0.007189079712390553,0.002856999975194975,0.002856999975194975,0.007592945534176934,0.007592945534176934,0.005879675073920821,0.005879675073920821,0.015715486000165885
bank-marketing,XGBoost,4522,0.00047387595942246255,0.011958409853437551,0.011958409853437551,0.0,-0.0002603911399093748,0.00034204017026536013,0.00034204017026536013,0.0,-4.246210989348573e-05,0.00011401339008845338,1.3062306820833205e-05,0.006841404115551189,0.006841404115551189,0.001515866466093784,0.001515866466093784,0.014458018385559126,0.014458018385559126,0.007605096322401366,0.007605096322401366,0.006841404115551189,0.006841404115551189,0.001515866466093784,0.001515866466093784,0.014458018385559126,0.014458018385559126,0.007605096322401366,0.007605096322401366,0.016615013999398798
delta_elevators,CatBoost,952,0.00020880514056423636,0.012558266367032505,0.012558266367032505,0.0,-0.0022409678866453057,0.0,-0.002435911394165104,0.0,-0.00048300186430318685,0.0,-0.0017199603817045321,0.009360280026708134,0.009360280026708134,0.006191017444538023,0.006191017444538023,0.021755121196223963,0.021755121196223963,0.012435472889156708,0.012435472889156708,0.009360280026708134,0.009360280026708134,0.006191017444538023,0.006191017444538023,0.021755121196223963,0.021755121196223963,0.012435472889156708,0.012435472889156708,0.010015319666611807
delta_elevators,ExtraTrees,952,0.0034708040120754553,0.054296452067342404,0.054296452067342404,0.0012958871834116057,0.0012958871834116057,0.001065401081061422,0.001065401081061422,0.0016368148518953866,0.0016368148518953866,0.0013327010387894714,0.0013327010387894714,0.05037390987658795,0.05037390987658795,0.045602527508676494,0.045602527508676494,0.03814048049951896,0.03814048049951896,0.0447056392949278,0.0447056392949278,0.05037390987658795,0.05037390987658795,0.045602527508676494,0.045602527508676494,0.03814048049951896,0.03814048049951896,0.0447056392949278,0.0447056392949278,0.00966429166631618
delta_elevators,LightGBM,952,0.00031472046437343364,0.016041899277503845,0.016041899277503845,0.0,-0.0007584635035812503,0.0,-0.0016104968307703322,0.0007928778580955142,0.0007928778580955142,0.0002642926193651714,-0.0005253608254186895,0.022010821364859136,0.022010821364859136,0.005883927324966786,0.005883927324966786,0.024689791505929364,0.024689791505929364,0.017528180065251763,0.017528180065251763,0.022010821364859136,0.022010821364859136,0.005883927324966786,0.005883927324966786,0.024689791505929364,0.024689791505929364,0.017528180065251763,0.017528180065251763,0.009408444333530497
delta_elevators,LinearModel,952,0.0006587720091662157,0.01935168200737685,0.01935168200737685,0.0,-0.0022762937668322704,0.0,-0.0012883279077921576,0.0003890118461828306,0.0003890118461828306,0.00012967061539427688,-0.0010585366094805323,0.01679312188023977,0.01679312188023977,0.015334164869578793,0.015334164869578793,0.012793918258665587,0.012793918258665587,0.01497373500282805,0.01497373500282805,0.01679312188023977,0.01679312188023977,0.015334164869578793,0.015334164869578793,0.012793918258665587,0.012793918258665587,0.01497373500282805,0.01497373500282805,0.009763833334242614
delta_elevators,NeuralNetFastAI,952,0.000379645069313219,0.01539118967758907,0.01539118967758907,0.0,-0.0013181443840754926,0.00045533385176794994,0.00045533385176794994,0.0,-0.0019440092111717155,0.00015177795058931665,-0.0009356065811597527,0.027009349447004807,0.027009349447004807,0.025220574417389112,0.025220574417389112,0.0,-0.014496798590347176,0.01740997462146464,0.012577708424682246,0.027009349447004807,0.027009349447004807,0.025220574417389112,0.025220574417389112,0.0,-0.014496798590347176,0.01740997462146464,0.012577708424682246,0.01021063900043373
delta_elevators,NeuralNetTorch,952,0.00040540976264224343,0.016273342592552687,0.016273342592552687,0.0,-0.0015209116722447978,0.0,-0.0015734744052494601,5.0894590184174675e-05,5.0894590184174675e-05,1.696486339472489e-05,-0.0010144971624366944,0.012617693252948566,0.012617693252948566,0.006200460417361484,0.006200460417361484,0.017821210520288188,0.017821210520288188,0.01221312139686608,0.01221312139686608,0.012617693252948566,0.012617693252948566,0.006200460417361484,0.006200460417361484,0.017821210520288188,0.017821210520288188,0.01221312139686608,0.01221312139686608,0.009975138666050043
delta_elevators,RandomForest,952,0.0011662909718192576,0.028698917492630326,0.028698917492630326,0.0,-0.005120337277708084,0.0,-0.001963005032021177,0.0,-0.0006431229314070059,0.0,-0.002575488413712089,0.0,-0.006682749522753067,0.014350614768620228,0.014350614768620228,0.015111757350274549,0.015111757350274549,0.009820790706298259,0.007593207532047236,0.0,-0.006682749522753067,0.014350614768620228,0.014350614768620228,0.015111757350274549,0.015111757350274549,0.009820790706298259,0.007593207532047236,0.009667625000777965
delta_elevators,XGBoost,952,0.00020807751953127272,0.013166452370370747,0.013166452370370747,0.0,-0.0027128664274778187,0.0,-0.0032991933067158152,0.0,-0.0011344702406219523,0.0,-0.002382176658271862,0.0011233690631587622,0.0011233690631587622,0.010331894378931098,0.010331894378931098,0.017919188007534316,0.017919188007534316,0.009791483816541392,0.009791483816541392,0.0011233690631587622,0.0011233690631587622,0.010331894378931098,0.010331894378931098,0.017919188007534316,0.017919188007534316,0.009791483816541392,0.009791483816541392,0.009701041667237101
eeg-eye-state,CatBoost,1498,0.0006470860356479212,0.010574178733270599,0.010574178733270599,0.0005670474024897258,0.0005670474024897258,0.0004356795427927706,0.0004356795427927706,0.0,-0.0012640953644277749,0.00033424231509416544,-8.71228063817595e-05,0.009552726980657799,0.009552726980657799,0.010880773246423526,0.010880773246423526,0.0,-0.0034568336171863345,0.006811166742360442,0.005658888869964997,0.009552726980657799,0.009552726980657799,0.010880773246423526,0.010880773246423526,0.0,-0.0034568336171863345,0.006811166742360442,0.005658888869964997,0.010191972333511027
eeg-eye-state,ExtraTrees,1498,0.025988050043628134,0.1408774455347409,0.1408774455347409,0.024441172766138754,0.024441172766138754,0.02332229900124577,0.02332229900124577,0.022497538544394926,0.022497538544394926,0.023420336770593148,0.023420336770593148,0.13947485570294735,0.13947485570294735,0.13230974653870045,0.13230974653870045,0.13482866075091332,0.13482866075091332,0.13553775433085372,0.13553775433085372,0.13947485570294735,0.13947485570294735,0.13230974653870045,0.13230974653870045,0.13482866075091332,0.13482866075091332,0.13553775433085372,0.13553775433085372,0.01019645833366667
eeg-eye-state,LightGBM,1498,0.0003252814603870711,0.007621748294114375,0.007621748294114375,0.0006942555897230285,0.0006942555897230285,0.0,-0.0003187321395468461,0.0,-0.0006977568883851395,0.00023141852990767617,-0.00010741114606965238,0.005244072453638547,0.005244072453638547,0.0013295874666031527,0.0013295874666031527,0.008471536261239615,0.008471536261239615,0.005015065393827105,0.005015065393827105,0.005244072453638547,0.005244072453638547,0.0013295874666031527,0.0013295874666031527,0.008471536261239615,0.008471536261239615,0.005015065393827105,0.005015065393827105,0.011078889000297446
eeg-eye-state,LinearModel,1498,0.001906843841220247,0.034798441667082375,0.034798441667082375,0.0006675319058375621,0.0006675319058375621,0.0004835424771637814,0.0004835424771637814,0.0,-0.0014979671401509974,0.00038369146100044785,-0.00011563091904988462,0.02539305721667007,0.02539305721667007,0.019244966051169488,0.019244966051169488,0.007618698725434585,0.007618698725434585,0.01741890733109138,0.01741890733109138,0.02539305721667007,0.02539305721667007,0.019244966051169488,0.019244966051169488,0.007618698725434585,0.007618698725434585,0.01741890733109138,0.01741890733109138,0.011122666666778969
eeg-eye-state,NeuralNetFastAI,1498,0.00014542071119450184,0.008729747439853074,0.008729747439853074,0.0,-0.0004919020658125292,0.0,-0.0028863969490125463,0.0,-0.0005796759312396893,0.0,-0.0013193249820215884,0.021225000212829467,0.021225000212829467,0.0018640151567563155,0.0018640151567563155,0.012486192666041417,0.012486192666041417,0.0118584026785424,0.0118584026785424,0.021225000212829467,0.021225000212829467,0.0018640151567563155,0.0018640151567563155,0.012486192666041417,0.012486192666041417,0.0118584026785424,0.0118584026785424,0.010595097332649553
eeg-eye-state,NeuralNetTorch,1498,0.00032580937256434893,0.00407839503036282,0.00407839503036282,0.0,-0.0012409606644875205,0.0,-0.0019813449166030932,0.0,-4.78086280776726e-06,0.0,-0.0010756954812994603,0.0,-0.002282363933826784,0.0,-0.0038332341539651133,4.634343272830952e-05,4.634343272830952e-05,1.5447810909436506e-05,-0.0020230848850211957,0.0,-0.002282363933826784,0.0,-0.0038332341539651133,4.634343272830952e-05,4.634343272830952e-05,1.5447810909436506e-05,-0.0020230848850211957,0.011308485999810122
eeg-eye-state,RandomForest,1498,0.02405895088331239,0.1358734397884756,0.1358734397884756,0.02690197657197151,0.02690197657197151,0.025088528972635426,0.025088528972635426,0.022001122799338874,0.022001122799338874,0.0246638761146486,0.0246638761146486,0.1398019586563563,0.1398019586563563,0.13863595950452037,0.13863595950452037,0.12918780638975588,0.12918780638975588,0.13587524151687755,0.13587524151687755,0.1398019586563563,0.1398019586563563,0.13863595950452037,0.13863595950452037,0.12918780638975588,0.12918780638975588,0.13587524151687755,0.13587524151687755,0.01076137500058394
eeg-eye-state,XGBoost,1498,0.0003079101549047496,0.00688104010978535,0.00688104010978535,0.0,-0.001286907863163711,0.0005524310226669851,0.0005524310226669851,0.0,-0.00032425122255624623,0.00018414367422232836,-0.00035290935435099076,0.0,-0.0029198235175854448,0.008518225813040571,0.008518225813040571,0.006175203760503713,0.006175203760503713,0.004897809857848095,0.003924535351986279,0.0,-0.0029198235175854448,0.008518225813040571,0.008518225813040571,0.006175203760503713,0.006175203760503713,0.004897809857848095,0.003924535351986279,0.010360389000804085
electricity,CatBoost,4532,0.00010843761911822794,0.004937411736887804,0.004937411736887804,0.0,-0.0005969806429214615,0.0,-0.00036238018890433964,0.0,-0.0004890152222433238,0.0,-0.00048279201802304167,0.006773232357755542,0.006773232357755542,0.0020638049810692647,0.0020638049810692647,0.0014404209854050254,0.0014404209854050254,0.0034258194414099447,0.0034258194414099447,0.006773232357755542,0.006773232357755542,0.0020638049810692647,0.0020638049810692647,0.0014404209854050254,0.0014404209854050254,0.0034258194414099447,0.0034258194414099447,0.016270763666398125
electricity,ExtraTrees,4532,0.007086258880093106,0.06942670523509689,0.06942670523509689,0.0076069974368720445,0.0076069974368720445,0.006947716848635986,0.006947716848635986,0.005790875275188397,0.005790875275188397,0.006781863186898809,0.006781863186898809,0.0773712850870591,0.0773712850870591,0.07028979031274149,0.07028979031274149,0.06478817248809425,0.06478817248809425,0.07081641596263161,0.07081641596263161,0.0773712850870591,0.0773712850870591,0.07028979031274149,0.07028979031274149,0.06478817248809425,0.06478817248809425,0.07081641596263161,0.07081641596263161,0.015668777999962913
electricity,LightGBM,4532,0.00012710323371788613,0.005676105174072797,0.005676105174072797,0.0,-0.0005079442864640415,0.0,-0.0012717239110462473,0.0,-0.0013109292274400446,0.0,-0.001030199141650111,0.0007113377544515799,0.0007113377544515799,0.0,-0.004691799416658402,0.0,-0.005702060124131115,0.0002371125848171933,-0.0032275072621126464,0.0007113377544515799,0.0007113377544515799,0.0,-0.004691799416658402,0.0,-0.005702060124131115,0.0002371125848171933,-0.0032275072621126464,0.015920847334200516
electricity,LinearModel,4532,0.0004035558214285251,0.017008395915046364,0.017008395915046364,0.00017953396586972543,0.00017953396586972543,0.0,-0.00028760410326420297,0.0,-0.00035534793512957767,5.9844655289908475e-05,-0.00015447269084135172,0.024972152263172186,0.024972152263172186,0.007452051694794568,0.007452051694794568,0.007495582124163579,0.007495582124163579,0.01330659536071011,0.01330659536071011,0.024972152263172186,0.024972152263172186,0.007452051694794568,0.007452051694794568,0.007495582124163579,0.007495582124163579,0.01330659536071011,0.01330659536071011,0.01730602766717008
electricity,NeuralNetFastAI,4532,0.00033354277197180797,0.012777430792358987,0.012777430792358987,0.00012908751811487837,0.00012908751811487837,0.00016940568092994535,0.00016940568092994535,0.0,-0.001005359389335172,9.949773301494125e-05,-0.00023562206343011606,0.009654194029946415,0.009654194029946415,0.018502842174261687,0.018502842174261687,0.0007136849286937764,0.0007136849286937764,0.009623573710967294,0.009623573710967294,0.009654194029946415,0.009654194029946415,0.018502842174261687,0.018502842174261687,0.0007136849286937764,0.0007136849286937764,0.009623573710967294,0.009623573710967294,0.01652808333286278
electricity,NeuralNetTorch,4532,0.0002008343004878142,0.012690960519868476,0.012690960519868476,0.0,-0.0009289120270290377,0.0,-0.0002525910757413271,0.0,-0.0004295253750621493,0.0,-0.000537009492610838,0.0049720457052280665,0.0049720457052280665,0.01578085608356617,0.01578085608356617,0.006160665246833864,0.006160665246833864,0.008971189011876034,0.008971189011876034,0.0049720457052280665,0.0049720457052280665,0.01578085608356617,0.01578085608356617,0.006160665246833864,0.006160665246833864,0.008971189011876034,0.008971189011876034,0.016982416665996425
electricity,RandomForest,4532,0.004441776453166886,0.0496580173616181,0.0496580173616181,0.0033718628574036565,0.0033718628574036565,0.003499203700265618,0.003499203700265618,0.0032895585631006223,0.0032895585631006223,0.0033868750402566324,0.0033868750402566324,0.04394674810425963,0.04394674810425963,0.044417474997461674,0.044417474997461674,0.04334804301599365,0.04334804301599365,0.04390408870590498,0.04390408870590498,0.04394674810425963,0.04394674810425963,0.044417474997461674,0.044417474997461674,0.04334804301599365,0.04334804301599365,0.04390408870590498,0.04390408870590498,0.015700847333694885
electricity,XGBoost,4532,4.8861021365858896e-05,0.0031008525334646356,0.0031008525334646356,0.0,-0.0006689792296018262,0.0,-0.00063823850688194,0.0,-0.0005202683107899371,0.0,-0.0006091620157579011,0.0019666401863744245,0.0019666401863744245,0.0072617896447379066,0.0072617896447379066,0.002585717043081104,0.002585717043081104,0.003938048958064479,0.003938048958064479,0.0019666401863744245,0.0019666401863744245,0.0072617896447379066,0.0072617896447379066,0.002585717043081104,0.002585717043081104,0.003938048958064479,0.003938048958064479,0.015634374999838958
fried,CatBoost,4077,0.001154454166467346,0.022346031385042747,0.022346031385042747,0.001237606601076389,0.001237606601076389,0.0010298017533515533,0.0010298017533515533,0.0003867095872852432,0.0003867095872852432,0.0008847059805710618,0.0008847059805710618,0.023977957506927022,0.023977957506927022,0.026058044493823387,0.026058044493823387,0.021500087439323103,0.021500087439323103,0.02384536314669117,0.02384536314669117,0.023977957506927022,0.023977957506927022,0.026058044493823387,0.026058044493823387,0.021500087439323103,0.021500087439323103,0.02384536314669117,0.02384536314669117,0.015266652666468872
fried,ExtraTrees,4077,0.006903059541016786,0.06332892553083012,0.06332892553083012,0.006689323665652213,0.006689323665652213,0.005240744497007503,0.005240744497007503,0.006298442738397374,0.006298442738397374,0.006076170300352363,0.006076170300352363,0.06864197419267372,0.06864197419267372,0.058860271961809936,0.058860271961809936,0.06434633215064234,0.06434633215064234,0.06394952610170866,0.06394952610170866,0.06864197419267372,0.06864197419267372,0.058860271961809936,0.058860271961809936,0.06434633215064234,0.06434633215064234,0.06394952610170866,0.06394952610170866,0.014641860999593822
fried,LightGBM,4077,0.00026798282706437396,0.010261553242490265,0.010261553242490265,0.0,-9.392230118484647e-05,5.4940833364940904e-05,5.4940833364940904e-05,0.0,-0.0007293256483753391,1.831361112164697e-05,-0.0002561023720650815,0.011628637978591908,0.011628637978591908,0.007858270406566774,0.007858270406566774,0.0010994871457739894,0.0010994871457739894,0.0068621318436442235,0.0068621318436442235,0.011628637978591908,0.011628637978591908,0.007858270406566774,0.007858270406566774,0.0010994871457739894,0.0010994871457739894,0.0068621318436442235,0.0068621318436442235,0.014455000000452856
fried,LinearModel,4077,0.001254826499521398,0.029152005908696158,0.029152005908696158,0.00048803259253639365,0.00048803259253639365,0.0,-8.190300346455269e-05,0.0008710109077975139,0.0008710109077975139,0.0004530145001113025,0.0004257134989564516,0.02507490249288162,0.02507490249288162,0.013317312645397933,0.013317312645397933,0.028027167835656674,0.028027167835656674,0.022139794324645412,0.022139794324645412,0.02507490249288162,0.02507490249288162,0.013317312645397933,0.013317312645397933,0.028027167835656674,0.028027167835656674,0.022139794324645412,0.022139794324645412,0.016525138666717492
fried,NeuralNetFastAI,4077,0.00012129928235200947,0.007206099160809135,0.007206099160809135,0.0,-0.0010457343848542214,0.0,-0.0008553214809732172,0.0,-0.0003044321897771402,0.0,-0.0007351626852015263,0.0044634176211510316,0.0044634176211510316,0.00274699752651104,0.00274699752651104,0.007669179103173224,0.007669179103173224,0.004959864750278432,0.004959864750278432,0.0044634176211510316,0.0044634176211510316,0.00274699752651104,0.00274699752651104,0.007669179103173224,0.007669179103173224,0.004959864750278432,0.004959864750278432,0.014958194333303254
fried,NeuralNetTorch,4077,0.0007219724496050008,0.01778407569967757,0.01778407569967757,0.0005132910561029782,0.0005132910561029782,0.0,-0.0003590696807701679,2.9417120989461325e-05,2.9417120989461325e-05,0.00018090272569747982,6.121283210742388e-05,0.020291498768112773,0.020291498768112773,0.008824156576489587,0.008824156576489587,0.013995207340547945,0.013995207340547945,0.014370287561716768,0.014370287561716768,0.020291498768112773,0.020291498768112773,0.008824156576489587,0.008824156576489587,0.013995207340547945,0.013995207340547945,0.014370287561716768,0.014370287561716768,0.015475735999643803
fried,RandomForest,4077,0.0036032137281073865,0.04565656378096693,0.04565656378096693,0.0025999905245251286,0.0025999905245251286,0.0026742153148857856,0.0026742153148857856,0.00313306763765556,0.00313306763765556,0.0028024244923554914,0.0028024244923554914,0.042178553105190045,0.042178553105190045,0.043370505490459704,0.043370505490459704,0.04525026736269396,0.04525026736269396,0.0435997753194479,0.0435997753194479,0.042178553105190045,0.042178553105190045,0.043370505490459704,0.043370505490459704,0.04525026736269396,0.04525026736269396,0.0435997753194479,0.0435997753194479,0.014891444334352855
fried,XGBoost,4077,0.0002778545380507471,0.010808944365157695,0.010808944365157695,0.0,-9.669719699780095e-05,0.0,-0.00033691495296375484,0.0,-0.00025789704213148183,0.0,-0.00023050306403101255,0.010438969420683933,0.010438969420683933,0.012208230716984724,0.012208230716984724,0.009686204702036662,0.009686204702036662,0.010777801613235105,0.010777801613235105,0.010438969420683933,0.010438969420683933,0.012208230716984724,0.012208230716984724,0.009686204702036662,0.009686204702036662,0.010777801613235105,0.010777801613235105,0.014759249999769963
houses,CatBoost,2064,1.4204701228638996e-05,0.001192008610834639,0.001192008610834639,0.0,-0.0005415626384423517,0.0,-0.0008128125324035706,9.68734123777211e-05,9.68734123777211e-05,3.229113745924037e-05,-0.0004191672528227337,0.0008791126676385815,0.0008791126676385815,0.0,-0.0015535179734007928,0.003622128522164171,0.003622128522164171,0.0015004137299342508,0.0009825744054673198,0.0008791126676385815,0.0008791126676385815,0.0,-0.0015535179734007928,0.003622128522164171,0.003622128522164171,0.0015004137299342508,0.0009825744054673198,0.012168124999637561
houses,ExtraTrees,2064,0.00037951987919955944,0.007923446218264624,0.007923446218264624,0.0,-0.00022035888976073312,0.0,-0.00037008625804719754,5.7577941165130966e-05,5.7577941165130966e-05,1.9192647055043655e-05,-0.00017762240221426656,0.004467055045858806,0.004467055045858806,0.006660207374609805,0.006660207374609805,0.008682170935614077,0.008682170935614077,0.006603144452027562,0.006603144452027562,0.004467055045858806,0.004467055045858806,0.006660207374609805,0.006660207374609805,0.008682170935614077,0.008682170935614077,0.006603144452027562,0.006603144452027562,0.012012874999830577
houses,LightGBM,2064,1.3250593926179e-05,0.000957850827254587,0.000957850827254587,0.0,-0.0006869117815729512,0.0,-0.001289456580338414,0.0,-0.00026575769269676316,0.0,-0.0007473753515360428,0.0,-0.0028163929457975406,0.0,-0.0037087882663914473,0.0030717738329378136,0.0030717738329378136,0.0010239246109792711,-0.001151135793083725,0.0,-0.0028163929457975406,0.0,-0.0037087882663914473,0.0030717738329378136,0.0030717738329378136,0.0010239246109792711,-0.001151135793083725,0.012038499999713773
houses,LinearModel,2064,0.001905403901629658,0.018221830937356798,0.018221830937356798,0.0008607185041950376,0.0008607185041950376,0.00013023635547518818,0.00013023635547518818,0.0,-0.00014236219699548112,0.0003303182865567419,0.0002828642208915815,0.018854109177168572,0.018854109177168572,0.0036332409762818395,0.0036332409762818395,0.00928010977107734,0.00928010977107734,0.010589153308175918,0.010589153308175918,0.018854109177168572,0.018854109177168572,0.0036332409762818395,0.0036332409762818395,0.00928010977107734,0.00928010977107734,0.010589153308175918,0.010589153308175918,0.012013041666553667
houses,NeuralNetFastAI,2064,5.755704362879802e-05,0.0019120419770464242,0.0019120419770464242,0.0,-0.0005332236483957027,0.0,-0.0011103034406684934,0.0,-0.0007931565150640424,0.0,-0.0008122278680427462,0.0014859099739160313,0.0014859099739160313,0.0,-0.005251296524626887,0.0010012931690471457,0.0010012931690471457,0.0008290677143210591,-0.0009213644605545699,0.0014859099739160313,0.0014859099739160313,0.0,-0.005251296524626887,0.0010012931690471457,0.0010012931690471457,0.0008290677143210591,-0.0009213644605545699,0.011635208332639499
houses,NeuralNetTorch,2064,0.000413800447970954,0.006170077965516859,0.006170077965516859,0.0004298251007626485,0.0004298251007626485,0.0004710231492702313,0.0004710231492702313,0.0012488403383283356,0.0012488403383283356,0.0007165628627870718,0.0007165628627870718,0.008395715762689488,0.008395715762689488,0.005671564890082007,0.005671564890082007,0.010654715389628637,0.010654715389628637,0.008240665347466711,0.008240665347466711,0.008395715762689488,0.008395715762689488,0.005671564890082007,0.005671564890082007,0.010654715389628637,0.010654715389628637,0.008240665347466711,0.008240665347466711,0.011589208334044088
houses,RandomForest,2064,0.0002291509747290798,0.005750992408290283,0.005750992408290283,0.0004120952742655156,0.0004120952742655156,0.0,-0.0009216160714659517,3.4842496312977196e-05,3.4842496312977196e-05,0.0001489792568594976,-0.00015822610029581966,0.0069328315221919325,0.0069328315221919325,0.0,-4.7402271063269166e-05,0.0029698266667384263,0.0029698266667384263,0.0033008860629767864,0.0032850853059556966,0.0069328315221919325,0.0069328315221919325,0.0,-4.7402271063269166e-05,0.0029698266667384263,0.0029698266667384263,0.0033008860629767864,0.0032850853059556966,0.01108116666728165
houses,XGBoost,2064,1.4119616642225715e-05,0.001111732412486931,0.001111732412486931,0.0,-0.00033216377895036906,0.0,-0.00044168804428522856,0.0,-4.28045390875578e-05,0.0,-0.00027221878744105183,0.0,-0.0005358207449294135,0.0,-0.0022821043652365633,0.005324530898400723,0.005324530898400723,0.001774843632800241,0.0008355352627449153,0.0,-0.0005358207449294135,0.0,-0.0022821043652365633,0.005324530898400723,0.005324530898400723,0.001774843632800241,0.0008355352627449153,0.011828500000168182
jm1,CatBoost,1089,0.0004593651716264114,0.016492085288474602,0.016492085288474602,0.00029092783343059755,0.00029092783343059755,0.0,-0.0013678571748635946,0.0,-0.0015718447965370765,9.697594447686586e-05,-0.0008829247126566911,0.003025779594676663,0.003025779594676663,0.015935672147762238,0.015935672147762238,0.0167377796109605,0.0167377796109605,0.011899743784466467,0.011899743784466467,0.003025779594676663,0.003025779594676663,0.015935672147762238,0.015935672147762238,0.0167377796109605,0.0167377796109605,0.011899743784466467,0.011899743784466467,0.01016230566650241
jm1,ExtraTrees,1089,0.0010491897673640903,0.02842682492911783,0.02842682492911783,0.0,-0.0005077177856156935,0.0,-0.000713428031628643,0.0,-0.002173343210749391,0.0,-0.0011314963426645758,0.014566675034153665,0.014566675034153665,0.008712171992922887,0.008712171992922887,0.0035037109118935894,0.0035037109118935894,0.008927519312990047,0.008927519312990047,0.014566675034153665,0.014566675034153665,0.008712171992922887,0.008712171992922887,0.0035037109118935894,0.0035037109118935894,0.008927519312990047,0.008927519312990047,0.009724736333737383
jm1,LightGBM,1089,0.0002128138158242075,0.013651963000085728,0.013651963000085728,4.954540281854649e-05,4.954540281854649e-05,0.0,-0.0005053966076279759,0.0,-0.0008782054086380764,1.651513427284883e-05,-0.00044468553781583527,0.017469230700622906,0.017469230700622906,0.010066085501041185,0.010066085501041185,0.008133304047956721,0.008133304047956721,0.011889540083206938,0.011889540083206938,0.017469230700622906,0.017469230700622906,0.010066085501041185,0.010066085501041185,0.008133304047956721,0.008133304047956721,0.011889540083206938,0.011889540083206938,0.009795833334161822
jm1,LinearModel,1089,0.0004755464473911734,0.01843881275491144,0.01843881275491144,0.0009997007574868043,0.0009997007574868043,3.6114914362897924e-05,3.6114914362897924e-05,0.0,-0.0019242609920453733,0.0003452718906165674,-0.00029614844006522367,0.028351908425661102,0.028351908425661102,0.023502278396529654,0.023502278396529654,0.0024659870948413294,0.0024659870948413294,0.018106724639010696,0.018106724639010696,0.028351908425661102,0.028351908425661102,0.023502278396529654,0.023502278396529654,0.0024659870948413294,0.0024659870948413294,0.018106724639010696,0.018106724639010696,0.00990705566558366
jm1,NeuralNetFastAI,1089,0.0008481313064926765,0.019026765100404797,0.019026765100404797,0.0,-0.0005726143863446731,0.0,-0.000448358690100272,9.691617950968765e-05,9.691617950968765e-05,3.230539316989588e-05,-0.00030801896564508583,0.0,-0.0005563710028557081,0.011035140468657728,0.011035140468657728,0.0011096878851275579,0.0011096878851275579,0.004048276117928428,0.0038628191169765257,0.0,-0.0005563710028557081,0.011035140468657728,0.011035140468657728,0.0011096878851275579,0.0011096878851275579,0.004048276117928428,0.0038628191169765257,0.009784750000108033
jm1,NeuralNetTorch,1089,0.0005744025831623151,0.021173878675078694,0.021173878675078694,0.0,-0.00020378466635417216,0.00032569712480894726,0.00032569712480894726,0.0,-0.0025584183557862713,0.00010856570826964908,-0.000812168632443832,0.02133456397163652,0.02133456397163652,0.014266363023100396,0.014266363023100396,0.0,-0.0010715080754398697,0.011866975664912306,0.01150980630643235,0.02133456397163652,0.02133456397163652,0.014266363023100396,0.014266363023100396,0.0,-0.0010715080754398697,0.011866975664912306,0.01150980630643235,0.009671777667487428
jm1,RandomForest,1089,0.0009024565193582983,0.02430348862947116,0.02430348862947116,0.0009649486580403789,0.0009649486580403789,0.0,-0.002289989993558398,0.0,-0.0018638805136741894,0.0003216495526801263,-0.0010629739497307362,0.02954896058025834,0.02954896058025834,0.0,-0.00914549325680261,0.0,-0.0036290838480738906,0.00984965352675278,0.0055914611584606125,0.02954896058025834,0.02954896058025834,0.0,-0.00914549325680261,0.0,-0.0036290838480738906,0.00984965352675278,0.0055914611584606125,0.009909291666796586
jm1,XGBoost,1089,0.00032598756892539385,0.015437645146655752,0.015437645146655752,0.0,-0.001114594207256146,0.00034099876335067164,0.00034099876335067164,0.0,-0.0016186347899546977,0.00011366625445022388,-0.0007974100779533907,0.0,-0.0004763526771870964,0.0319438084936038,0.0319438084936038,0.0,-0.008045930136593795,0.0106479361645346,0.007807175226607636,0.0,-0.0004763526771870964,0.0319438084936038,0.0319438084936038,0.0,-0.008045930136593795,0.0106479361645346,0.007807175226607636,0.009613222333427984
kdd_internet_usage,CatBoost,1011,0.00011989314943202964,0.008030440630033128,0.008030440630033128,0.0,-0.0014433490731307545,0.001509728635184097,0.001509728635184097,0.0,-0.0013334062253162865,0.000503242878394699,-0.000422342221087648,0.007516379682434691,0.007516379682434691,0.02695550852439999,0.02695550852439999,0.015456588781884623,0.015456588781884623,0.016642825662906435,0.016642825662906435,0.007516379682434691,0.007516379682434691,0.02695550852439999,0.02695550852439999,0.015456588781884623,0.015456588781884623,0.016642825662906435,0.016642825662906435,0.009331458333084205
kdd_internet_usage,ExtraTrees,1011,0.002305234841809879,0.034895905272840685,0.034895905272840685,0.0,-0.0007519943976405573,0.0021104816051881856,0.0021104816051881856,0.0036669827713058456,0.0036669827713058456,0.0019258214588313439,0.0016751566596178245,0.014348813864215586,0.014348813864215586,0.04012548335043782,0.04012548335043782,0.0534133488233861,0.0534133488233861,0.03596254867934651,0.03596254867934651,0.014348813864215586,0.014348813864215586,0.04012548335043782,0.04012548335043782,0.0534133488233861,0.0534133488233861,0.03596254867934651,0.03596254867934651,0.00936613866724656
kdd_internet_usage,LightGBM,1011,0.00019709012292062653,0.011555293486926854,0.011555293486926854,0.0,-0.0019759895692136225,0.0,-0.0015703211544528027,0.0,-0.0028830184027376147,0.0,-0.0021431097088013464,0.0,-0.008391210232224798,0.017177238769766633,0.017177238769766633,0.0001837696799958672,0.0001837696799958672,0.005787002816587501,0.002989932739179234,0.0,-0.008391210232224798,0.017177238769766633,0.017177238769766633,0.0001837696799958672,0.0001837696799958672,0.005787002816587501,0.002989932739179234,0.009486749999875125
kdd_internet_usage,LinearModel,1011,0.0005205022132861698,0.013718643449135908,0.013718643449135908,0.0,-0.005647346717264214,0.00011574353888727907,0.00011574353888727907,0.0,-0.0027287957354322607,3.858117962909302e-05,-0.002753466304603065,0.0,-0.022001069407830455,0.013060270462942794,0.013060270462942794,0.0,-0.004545905963792729,0.004353423487647598,-0.004495568302893463,0.0,-0.022001069407830455,0.013060270462942794,0.013060270462942794,0.0,-0.004545905963792729,0.004353423487647598,-0.004495568302893463,0.009677291665866505
kdd_internet_usage,NeuralNetFastAI,1011,0.0006063670016805417,0.013139750460642008,0.013139750460642008,0.0,-0.0019358954762619632,0.0,-0.0003742379845518188,0.0,-0.0025212260115862143,0.0,-0.0016104531574666653,0.0,-0.0023083663288767345,0.011038332375555928,0.011038332375555928,0.0016037454236986007,0.0016037454236986007,0.004214025933084843,0.0034445704901259317,0.0,-0.0023083663288767345,0.011038332375555928,0.011038332375555928,0.0016037454236986007,0.0016037454236986007,0.004214025933084843,0.0034445704901259317,0.009365930333539533
kdd_internet_usage,NeuralNetTorch,1011,0.0004818589126725466,0.01775397100298975,0.01775397100298975,0.0,-0.002219030732577215,0.0,-0.0008123228564434583,0.0,-0.0013087267222789125,0.0,-0.001446693437099862,0.0006987244509341072,0.0006987244509341072,0.016953956955513234,0.016953956955513234,0.008649661190739651,0.008649661190739651,0.008767447532395665,0.008767447532395665,0.0006987244509341072,0.0006987244509341072,0.016953956955513234,0.016953956955513234,0.008649661190739651,0.008649661190739651,0.008767447532395665,0.008767447532395665,0.009452430667200437
kdd_internet_usage,RandomForest,1011,0.0014103647049324539,0.026669656403356303,0.026669656403356303,0.0,-0.0002644128218133065,0.0,-0.0012666831444289853,0.0009298287107711333,0.0009298287107711333,0.00030994290359037777,-0.00020042241849038616,0.023842705933595467,0.023842705933595467,0.01787947891471202,0.01787947891471202,0.0307392709413875,0.0307392709413875,0.024153818596564996,0.024153818596564996,0.023842705933595467,0.023842705933595467,0.01787947891471202,0.01787947891471202,0.0307392709413875,0.0307392709413875,0.024153818596564996,0.024153818596564996,0.00930798633392745
kdd_internet_usage,XGBoost,1011,0.0002602774634580257,0.011638285660769415,0.011638285660769415,0.0,-0.0008374135567743925,0.0,-0.0001890092568458714,0.0005217135108019316,0.0005217135108019316,0.00017390450360064386,-0.00016823643427277745,0.00574090936357979,0.00574090936357979,0.016386328907024843,0.016386328907024843,0.031157323935264436,0.031157323935264436,0.01776152073528969,0.01776152073528969,0.00574090936357979,0.00574090936357979,0.016386328907024843,0.016386328907024843,0.031157323935264436,0.031157323935264436,0.01776152073528969,0.01776152073528969,0.010221333332689634
kick,CatBoost,7299,0.0003284324724235084,0.01568537063988908,0.01568537063988908,0.00011384923659992119,0.00011384923659992119,0.0,-0.00012271388524928034,0.0,-0.0002914245472920057,3.7949745533307065e-05,-0.0001000963986471216,0.013344135098568896,0.013344135098568896,0.0164253867999373,0.0164253867999373,0.007743689110135125,0.007743689110135125,0.012504403669547108,0.012504403669547108,0.013344135098568896,0.013344135098568896,0.0164253867999373,0.0164253867999373,0.007743689110135125,0.007743689110135125,0.012504403669547108,0.012504403669547108,0.020932014000815496
kick,ExtraTrees,7299,0.0007693803283363651,0.022206391086151307,0.022206391086151307,0.0003373605859944477,0.0003373605859944477,0.0005907305787688743,0.0005907305787688743,0.00019861915849338416,0.00019861915849338416,0.00037557010775223545,0.00037557010775223545,0.02268057974470463,0.02268057974470463,0.026311090694074713,0.026311090694074713,0.016690552381317173,0.016690552381317173,0.021894074273365507,0.021894074273365507,0.02268057974470463,0.02268057974470463,0.026311090694074713,0.026311090694074713,0.016690552381317173,0.016690552381317173,0.021894074273365507,0.021894074273365507,0.020881527999639122
kick,LightGBM,7299,0.000758403691047608,0.0190159195066514,0.0190159195066514,0.0008616367351958066,0.0008616367351958066,0.00033749534367306575,0.00033749534367306575,0.00022017192554415704,0.00022017192554415704,0.0004731013348043431,0.0004731013348043431,0.0162020607180036,0.0162020607180036,0.019964142279986025,0.019964142279986025,0.01750522509291523,0.01750522509291523,0.017890476030301618,0.017890476030301618,0.0162020607180036,0.0162020607180036,0.019964142279986025,0.019964142279986025,0.01750522509291523,0.01750522509291523,0.017890476030301618,0.017890476030301618,0.020901861000311328
kick,LinearModel,7299,0.0005939979673438714,0.01760061161563192,0.01760061161563192,0.0,-5.6254102394418316e-05,0.00032543582640192666,0.00032543582640192666,0.00042740370966035807,0.00042740370966035807,0.0002509465120207616,0.00023219514455595546,0.010149658626748154,0.010149658626748154,0.017109076497735767,0.017109076497735767,0.016369124349941765,0.016369124349941765,0.014542619824808561,0.014542619824808561,0.010149658626748154,0.010149658626748154,0.017109076497735767,0.017109076497735767,0.016369124349941765,0.016369124349941765,0.014542619824808561,0.014542619824808561,0.020867735999975896
kick,NeuralNetFastAI,7299,0.0005771733416787403,0.017684241476468614,0.017684241476468614,0.00024009055984075992,0.00024009055984075992,0.0,-0.00016436497619103002,0.000290042235095486,0.000290042235095486,0.0001767109316454153,0.00012192260624840531,0.015273987032013232,0.015273987032013232,0.015656299121279266,0.015656299121279266,0.01957652756037347,0.01957652756037347,0.01683560457122199,0.01683560457122199,0.015273987032013232,0.015273987032013232,0.015656299121279266,0.015656299121279266,0.01957652756037347,0.01957652756037347,0.01683560457122199,0.01683560457122199,0.02107197200045145
kick,NeuralNetTorch,7299,0.00023458592068901205,0.013487245802634747,0.013487245802634747,0.0,-0.00017749775966268016,3.8706432397341116e-05,3.8706432397341116e-05,3.129833276247424e-05,3.129833276247424e-05,2.3334921719938452e-05,-3.5830998167621604e-05,0.010195811259755381,0.010195811259755381,0.012404540379297288,0.012404540379297288,0.01350262197234596,0.01350262197234596,0.012034324537132877,0.012034324537132877,0.010195811259755381,0.010195811259755381,0.012404540379297288,0.012404540379297288,0.01350262197234596,0.01350262197234596,0.012034324537132877,0.012034324537132877,0.021056749999843305
kick,RandomForest,7299,0.002828115379297646,0.03225391854775516,0.03225391854775516,0.0023092604834550287,0.0023092604834550287,0.002638823921208719,0.002638823921208719,0.002463598313081613,0.002463598313081613,0.0024705609059151204,0.0024705609059151204,0.03383005640516957,0.03383005640516957,0.031627108186417285,0.031627108186417285,0.03169762904312758,0.03169762904312758,0.03238493121157148,0.03238493121157148,0.03383005640516957,0.03383005640516957,0.031627108186417285,0.031627108186417285,0.03169762904312758,0.03169762904312758,0.03238493121157148,0.03238493121157148,0.02054491666664641
kick,XGBoost,7299,0.00046227426086040705,0.018060586153021627,0.018060586153021627,0.000484295015111929,0.000484295015111929,0.00015407786225563863,0.00015407786225563863,0.0001788388313046546,0.0001788388313046546,0.00027240390289074074,0.00027240390289074074,0.015390477872821488,0.015390477872821488,0.019016242773004274,0.019016242773004274,0.015545032050035427,0.015545032050035427,0.01665058423195373,0.01665058423195373,0.015390477872821488,0.015390477872821488,0.019016242773004274,0.019016242773004274,0.015545032050035427,0.015545032050035427,0.01665058423195373,0.01665058423195373,0.021365027667343384
mammography,CatBoost,1119,0.0003067871709737866,0.002987250300573251,0.002987250300573251,0.0,-0.001656915779662428,0.0,-0.0029612037710315467,0.0007074541032154751,0.0007074541032154751,0.00023581803440515835,-0.0013035551491595002,0.0014395139656695778,0.0014395139656695778,0.0,-0.004040742368770315,0.003969914721786904,0.003969914721786904,0.0018031428958188275,0.0004562287728953893,0.0014395139656695778,0.0014395139656695778,0.0,-0.004040742368770315,0.003969914721786904,0.003969914721786904,0.0018031428958188275,0.0004562287728953893,0.00933072200011035
mammography,ExtraTrees,1119,0.0009083719555935277,0.00982183899564482,0.00982183899564482,0.0,-0.0019478414537493086,0.0,-0.001614753972646399,0.00015520450126406692,0.00015520450126406692,5.173483375468897e-05,-0.0011357969750438802,0.005051022180015318,0.005051022180015318,0.003827136718287327,0.003827136718287327,0.004681737951884037,0.004681737951884037,0.004519965616728894,0.004519965616728894,0.005051022180015318,0.005051022180015318,0.003827136718287327,0.003827136718287327,0.004681737951884037,0.004681737951884037,0.004519965616728894,0.004519965616728894,0.00941105566622961
mammography,LightGBM,1119,0.00031100477806888605,0.004549416189807716,0.004549416189807716,0.0,-0.0010898123521718636,0.0,-0.0012875231494488388,0.0,-0.0019212926212430143,0.0,-0.001432876040954572,0.0,-0.004051417347886021,0.00235739655662045,0.00235739655662045,0.0,-0.0051569834410215435,0.0007857988522068167,-0.002283668077429038,0.0,-0.004051417347886021,0.00235739655662045,0.00235739655662045,0.0,-0.0051569834410215435,0.0007857988522068167,-0.002283668077429038,0.009829902999626938
mammography,LinearModel,1119,0.00047097862035540007,0.0075422727862264815,0.0075422727862264815,0.0,-0.0013720985561900022,5.285389487938305e-05,5.285389487938305e-05,0.0,-0.0002766999514422361,1.761796495979435e-05,-0.0005319815375842851,0.0006562442345923367,0.0006562442345923367,0.006826163995813018,0.006826163995813018,0.00011482300560753144,0.00011482300560753144,0.0025324104120042954,0.0025324104120042954,0.0006562442345923367,0.0006562442345923367,0.006826163995813018,0.006826163995813018,0.00011482300560753144,0.00011482300560753144,0.0025324104120042954,0.0025324104120042954,0.009220708332577487
mammography,NeuralNetFastAI,1119,0.00021599745896071988,0.0038140064351425873,0.0038140064351425873,0.0,-0.0011155256915328512,0.0,-0.0006353443441063797,0.0,-0.0005030349469466055,0.0,-0.0007513016608619456,0.0,-0.0012600617248806321,0.0019036514114402067,0.0019036514114402067,0.0010697039931143655,0.0010697039931143655,0.0009911184681848575,0.0005710978932246467,0.0,-0.0012600617248806321,0.0019036514114402067,0.0019036514114402067,0.0010697039931143655,0.0010697039931143655,0.0009911184681848575,0.0005710978932246467,0.009463944334129337
mammography,NeuralNetTorch,1119,0.0002914973659975757,0.004787277400137917,0.004787277400137917,0.0,-0.0011253708096778808,0.0,-0.0009975112336332163,0.0,-0.0007982833455079036,0.0,-0.0009737217962730004,0.00017448336070383913,0.00017448336070383913,0.0034691006391602873,0.0034691006391602873,0.0,-7.855039281726897e-05,0.0012145279999547088,0.0011883445356822859,0.00017448336070383913,0.00017448336070383913,0.0034691006391602873,0.0034691006391602873,0.0,-7.855039281726897e-05,0.0012145279999547088,0.0011883445356822859,0.009456361333529154
mammography,RandomForest,1119,0.0009077515840056415,0.010416327105699756,0.010416327105699756,0.0,-0.0010524135384774316,0.0,-0.0017641408172003488,0.0,-0.0004314825191360922,0.0,-0.0010826789582712908,0.006460967541955551,0.006460967541955551,0.0025976092360934923,0.0025976092360934923,0.008273022871077767,0.008273022871077767,0.005777199883042271,0.005777199883042271,0.006460967541955551,0.006460967541955551,0.0025976092360934923,0.0025976092360934923,0.008273022871077767,0.008273022871077767,0.005777199883042271,0.005777199883042271,0.009416624999479003
mammography,XGBoost,1119,0.00038680258371852957,0.004986199969852342,0.004986199969852342,0.0,-0.00036609624778829216,0.0,-0.0027781539787617117,0.0002936957891121801,0.0002936957891121801,9.78985963707267e-05,-0.0009501848124792746,0.0,-0.0002772939614381498,0.0,-0.005403374282901622,0.001316926734373423,0.001316926734373423,0.0004389755781244743,-0.0014545805033221164,0.0,-0.0002772939614381498,0.0,-0.005403374282901622,0.001316926734373423,0.001316926734373423,0.0004389755781244743,-0.0014545805033221164,0.00923595833349585
mc1,CatBoost,947,8.474567040156436e-05,0.001448690264707574,0.001448690264707574,0.0,-0.0012777663795204093,0.0,-0.00012183441158185725,0.0,-0.00093810621774208,0.0,-0.0007792356696147822,0.0,-0.003042089720245563,0.00566662945175507,0.00566662945175507,0.0,-0.0031875728009282903,0.0018888764839183568,-0.00018767768980626097,0.0,-0.003042089720245563,0.00566662945175507,0.00566662945175507,0.0,-0.0031875728009282903,0.0018888764839183568,-0.00018767768980626097,0.009175458333629649
mc1,ExtraTrees,947,0.00010842411057971378,0.00240776792749526,0.00240776792749526,0.0,-0.0018218769086880335,0.0,-0.0017174552188463164,0.0,-0.0002750178954297997,0.0,-0.0012714500076547164,0.00020981153805385891,0.00020981153805385891,0.0004817258996552534,0.0004817258996552534,0.002856716901733461,0.002856716901733461,0.0011827514464808578,0.0011827514464808578,0.00020981153805385891,0.00020981153805385891,0.0004817258996552534,0.0004817258996552534,0.002856716901733461,0.002856716901733461,0.0011827514464808578,0.0011827514464808578,0.00929551400016256
mc1,LightGBM,947,9.440718488325625e-05,0.002233540501656573,0.002233540501656573,0.0,-0.0015749013594138445,0.0,-0.0006786613919937554,0.00027972144284870766,0.00027972144284870766,9.324048094956921e-05,-0.0006579471028529642,0.0005887803520664077,0.0005887803520664077,0.00275594327290746,0.00275594327290746,0.001234204234044464,0.001234204234044464,0.0015263092863394441,0.0015263092863394441,0.0005887803520664077,0.0005887803520664077,0.00275594327290746,0.00275594327290746,0.001234204234044464,0.001234204234044464,0.0015263092863394441,0.0015263092863394441,0.009201847333315527
mc1,LinearModel,947,0.00014638436646146276,0.0026338506459625682,0.0026338506459625682,0.0,-0.0004535674611386299,0.0,-0.0015534073395283374,0.0,-0.00032318848839887014,0.0,-0.0007767210963552793,0.0,-0.0005576555146522599,0.0,-0.001211596378331438,0.0,-0.0005403864127064133,0.0,-0.000769879435230037,0.0,-0.0005576555146522599,0.0,-0.001211596378331438,0.0,-0.0005403864127064133,0.0,-0.000769879435230037,0.009140708333385797
mc1,NeuralNetFastAI,947,0.0002510707807121435,0.0026250846864085877,0.0026250846864085877,0.0,-0.00035937269290211166,0.0,-0.0020152903093475024,0.0,-0.0005672421130927813,0.0,-0.0009806350384474651,0.0014187624231529682,0.0014187624231529682,0.0,-0.0002543543631639659,0.002483470659258307,0.002483470659258307,0.0013007443608037586,0.0012159595730824365,0.0014187624231529682,0.0014187624231529682,0.0,-0.0002543543631639659,0.002483470659258307,0.002483470659258307,0.0013007443608037586,0.0012159595730824365,0.009107236333269006
mc1,NeuralNetTorch,947,0.00010110961490308469,0.002626690070216347,0.002626690070216347,0.0,-0.0004771448001422587,0.0,-0.001602377721516747,0.0,-0.0009529952041440406,0.0,-0.0010108392419343488,0.0015248904391475101,0.0015248904391475101,0.0,-0.0004815513119324797,0.000582984826185589,0.000582984826185589,0.0007026250884443664,0.0005421079844668732,0.0015248904391475101,0.0015248904391475101,0.0,-0.0004815513119324797,0.000582984826185589,0.000582984826185589,0.0007026250884443664,0.0005421079844668732,0.009296972333686426
mc1,RandomForest,947,5.816639252468534e-05,0.002580967733421892,0.002580967733421892,0.0,-0.00023940706454989694,0.0,-0.0017745749098880138,0.0,-0.0015918175604954872,0.0,-0.0012019331783111327,0.003948326997837623,0.003948326997837623,0.0,-0.0013933761913826372,0.0034467780664494954,0.0034467780664494954,0.0024650350214290395,0.00200057629096816,0.003948326997837623,0.003948326997837623,0.0,-0.0013933761913826372,0.0034467780664494954,0.0034467780664494954,0.0024650350214290395,0.00200057629096816,0.009003014000578938
mc1,XGBoost,947,6.719166348136656e-05,0.0017722229712900024,0.0017722229712900024,0.0,-0.0013149769652224003,0.0,-0.0015655553452279696,0.0,-0.0009685232464657109,0.0,-0.001283018518972027,0.0,-0.0012485068138991704,0.004150636653969538,0.004150636653969538,0.001671507475659676,0.001671507475659676,0.0019407147098764047,0.0015245457719100146,0.0,-0.0012485068138991704,0.004150636653969538,0.004150636653969538,0.001671507475659676,0.001671507475659676,0.0019407147098764047,0.0015245457719100146,0.009290083333326038
mozilla4,CatBoost,1555,0.00010475732649914228,0.004283992180305419,0.004283992180305419,0.0,-0.0008079332833778314,0.0,-0.0010104858749706977,0.0,-0.0024880961061832254,0.0,-0.0014355050881772514,0.007081378486124054,0.007081378486124054,0.0,-0.003626269099668119,0.0,-0.007768424481519018,0.002360459495374685,-0.0014377716983543607,0.007081378486124054,0.007081378486124054,0.0,-0.003626269099668119,0.0,-0.007768424481519018,0.002360459495374685,-0.0014377716983543607,0.010356014000232486
mozilla4,ExtraTrees,1555,0.0009227105781339121,0.019337496672612108,0.019337496672612108,0.0,-0.001361388228825129,0.0008595548603369576,0.0008595548603369576,0.0,-0.0007321662025193215,0.00028651828677898585,-0.00041133319033583097,0.0027181164834684307,0.0027181164834684307,0.021702037403401934,0.021702037403401934,0.012848873449926686,0.012848873449926686,0.012423009112265683,0.012423009112265683,0.0027181164834684307,0.0027181164834684307,0.021702037403401934,0.021702037403401934,0.012848873449926686,0.012848873449926686,0.012423009112265683,0.012423009112265683,0.009999152665841393
mozilla4,LightGBM,1555,0.000159472009788727,0.00936400598354699,0.00936400598354699,0.0,-0.0015014526187759893,0.0,-0.0010692240646102045,0.0,-0.0016062989628059967,0.0,-0.001392325215397397,0.0003062214268149862,0.0003062214268149862,0.003670994142950827,0.003670994142950827,0.0,-0.003964428291311697,0.0013257385232552708,4.262426151371961e-06,0.0003062214268149862,0.0003062214268149862,0.003670994142950827,0.003670994142950827,0.0,-0.003964428291311697,0.0013257385232552708,4.262426151371961e-06,0.010305791667633457
mozilla4,LinearModel,1555,0.00220445800765884,0.015876230313230686,0.015876230313230686,0.0012133885540663598,0.0012133885540663598,0.0002824643214640534,0.0002824643214640534,0.002098697523526004,0.002098697523526004,0.001198183466352139,0.001198183466352139,0.013557385414224616,0.013557385414224616,0.013665997496236829,0.013665997496236829,0.019602327727293166,0.019602327727293166,0.01560857021258487,0.01560857021258487,0.013557385414224616,0.013557385414224616,0.013665997496236829,0.013665997496236829,0.019602327727293166,0.019602327727293166,0.01560857021258487,0.01560857021258487,0.010574986000089362
mozilla4,NeuralNetFastAI,1555,0.0010055261190156874,0.020562476577339065,0.020562476577339065,0.0008703264114703737,0.0008703264114703737,0.001996827002533365,0.001996827002533365,0.0009457247012098735,0.0009457247012098735,0.0012709593717378706,0.0012709593717378706,0.012991113760703245,0.012991113760703245,0.031414585949859054,0.031414585949859054,0.025495196719597008,0.025495196719597008,0.0233002988100531,0.0233002988100531,0.012991113760703245,0.012991113760703245,0.031414585949859054,0.031414585949859054,0.025495196719597008,0.025495196719597008,0.0233002988100531,0.0233002988100531,0.010308750000452468
mozilla4,NeuralNetTorch,1555,0.0007979974933060649,0.013448329768381714,0.013448329768381714,0.0,-0.00032222612478553255,3.344161246377334e-05,3.344161246377334e-05,0.0,-0.000724835108074258,1.1147204154591114e-05,-0.0003378732067986724,0.011589999779840345,0.011589999779840345,0.010392985093078018,0.010392985093078018,0.0,-0.002657469033598929,0.007327661624306121,0.006441838613106478,0.011589999779840345,0.011589999779840345,0.010392985093078018,0.010392985093078018,0.0,-0.002657469033598929,0.007327661624306121,0.006441838613106478,0.0100848056669444
mozilla4,RandomForest,1555,0.0006578447157407265,0.014748294860964668,0.014748294860964668,0.0,-7.597114282470577e-06,0.0004941697777888897,0.0004941697777888897,0.0,-4.853348355629127e-05,0.00016472325926296326,0.00014601305998337597,0.012859592631075927,0.012859592631075927,0.01168917392970473,0.01168917392970473,0.013374062312521352,0.013374062312521352,0.012640942957767335,0.012640942957767335,0.012859592631075927,0.012859592631075927,0.01168917392970473,0.01168917392970473,0.013374062312521352,0.013374062312521352,0.012640942957767335,0.012640942957767335,0.00999686099991474
mozilla4,XGBoost,1555,0.00013384213959910505,0.004527395625543843,0.004527395625543843,0.0,-0.0008229007435945714,0.0,-0.0006709551986995225,0.00016829377607938549,0.00016829377607938549,5.609792535979516e-05,-0.0004418540554049028,0.004285780405247632,0.004285780405247632,0.0,-0.004423398790312811,0.010840651809916925,0.010840651809916925,0.005042144071721519,0.003567677808283915,0.004285780405247632,0.004285780405247632,0.0,-0.004423398790312811,0.010840651809916925,0.010840651809916925,0.005042144071721519,0.003567677808283915,0.010474666665686527
nomao,CatBoost,3447,0.00014470361669024728,0.003625955038653568,0.003625955038653568,0.0,-0.00023608121258701108,0.0,-0.0003913070367912549,0.0,-0.0006339068852154013,0.0,-0.0004204317115312224,0.0,-0.0009808835807088136,0.0,-0.0006047922936873151,0.0,-0.0016027731501198834,0.0,-0.0010628163415053373,0.0,-0.0009808835807088136,0.0,-0.0006047922936873151,0.0,-0.0016027731501198834,0.0,-0.0010628163415053373,0.013360097000258975
nomao,ExtraTrees,3447,0.0017768789407561548,0.022720582999909377,0.022720582999909377,0.0012663036708272734,0.0012663036708272734,0.0014140252911375125,0.0014140252911375125,0.0008912498591004473,0.0008912498591004473,0.001190526273688411,0.001190526273688411,0.022982638457199396,0.022982638457199396,0.023481622501891102,0.023481622501891102,0.018408611995414707,0.018408611995414707,0.021624290984835065,0.021624290984835065,0.022982638457199396,0.022982638457199396,0.023481622501891102,0.023481622501891102,0.018408611995414707,0.018408611995414707,0.021624290984835065,0.021624290984835065,0.01298705566659919
nomao,LightGBM,3447,2.7357595544002276e-05,0.002103834546971972,0.002103834546971972,0.0,-0.00017436738418287841,0.0,-0.00037360060430198435,0.0,-0.0008057267643488062,0.0,-0.00045123158427788965,0.0014129475779000539,0.0014129475779000539,0.004753755813511178,0.004753755813511178,0.0,-0.0031504576191623635,0.002055567797137077,0.0010054152574162894,0.0014129475779000539,0.0014129475779000539,0.004753755813511178,0.004753755813511178,0.0,-0.0031504576191623635,0.002055567797137077,0.0010054152574162894,0.013919430666040475
nomao,LinearModel,3447,7.56566533120852e-05,0.004612081453781588,0.004612081453781588,0.0,-0.0005367185578682416,0.0,-0.00035183984207800656,0.0,-0.0003970069172974151,0.0,-0.0004285217724145544,0.0027207453393441427,0.0027207453393441427,0.005790462876070744,0.005790462876070744,0.002429097120619801,0.002429097120619801,0.003646768445344896,0.003646768445344896,0.0027207453393441427,0.0027207453393441427,0.005790462876070744,0.005790462876070744,0.002429097120619801,0.002429097120619801,0.003646768445344896,0.003646768445344896,0.013512250000834078
nomao,NeuralNetFastAI,3447,8.557584359431473e-05,0.004501180151485815,0.004501180151485815,0.0,-0.0008605682623922645,0.0,-0.0007429890409845466,0.0,-0.0011856255147548918,0.0,-0.0009297276060439009,0.0,-1.609125877003404e-05,0.0,-0.0037785657799724467,0.0,-0.00043393795336301816,0.0,-0.0014095316640351664,0.0,-1.609125877003404e-05,0.0,-0.0037785657799724467,0.0,-0.00043393795336301816,0.0,-0.0014095316640351664,0.013287847334140679
nomao,NeuralNetTorch,3447,9.360997247336185e-05,0.00656317371732796,0.00656317371732796,0.00013584682086743613,0.00013584682086743613,0.0,-0.00023261319550648977,0.0,-0.0008474659075043694,4.528227362247871e-05,-0.00031474409404780773,0.005910947875324815,0.005910947875324815,0.0006519053544047252,0.0006519053544047252,0.007186927930942313,0.007186927930942313,0.004583260386890618,0.004583260386890618,0.005910947875324815,0.005910947875324815,0.0006519053544047252,0.0006519053544047252,0.007186927930942313,0.007186927930942313,0.004583260386890618,0.004583260386890618,0.013339624999692509
nomao,RandomForest,3447,0.00211467999050397,0.025183486880836287,0.025183486880836287,0.0018630074049989552,0.0018630074049989552,0.0007771693405512047,0.0007771693405512047,0.0008145886726589033,0.0008145886726589033,0.0011515884727363544,0.0011515884727363544,0.025468485876766537,0.025468485876766537,0.01987908422743752,0.01987908422743752,0.016612475481255006,0.016612475481255006,0.020653348528486354,0.020653348528486354,0.025468485876766537,0.025468485876766537,0.01987908422743752,0.01987908422743752,0.016612475481255006,0.016612475481255006,0.020653348528486354,0.020653348528486354,0.012904347332854135
nomao,XGBoost,3447,9.556992200958155e-06,0.0014441128888325516,0.0014441128888325516,0.00014459761019253322,0.00014459761019253322,0.0,-0.0010191841341845795,0.0,-0.0006969786447729154,4.819920339751107e-05,-0.0005238550562549873,0.0036505043409990217,0.0036505043409990217,0.0,-0.0023357027474305986,0.0,-0.003931307965490609,0.0012168347803330072,-0.0008721687906407285,0.0036505043409990217,0.0036505043409990217,0.0,-0.0023357027474305986,0.0,-0.003931307965490609,0.0012168347803330072,-0.0008721687906407285,0.013374846999795409
numerai28_6,CatBoost,9632,0.00035483117713662227,0.011971280148927357,0.011971280148927357,0.0,-0.00047889225979075707,0.0,-0.00028744082647332877,0.0,-0.00027227364973464934,0.0,-0.0003462022453329117,0.00629958454086337,0.00629958454086337,0.008014281141104493,0.008014281141104493,0.0016401579411718932,0.0016401579411718932,0.005318007874379919,0.005318007874379919,0.00629958454086337,0.00629958454086337,0.008014281141104493,0.008014281141104493,0.0016401579411718932,0.0016401579411718932,0.005318007874379919,0.005318007874379919,0.026837916666409
numerai28_6,ExtraTrees,9632,0.0001826482708778305,0.01051235737656537,0.01051235737656537,0.0,-0.00025052410226230113,0.0,-0.00011763528424760783,0.0,-0.00041489971766934587,0.0,-0.00026101970139308497,0.00021553340915627653,0.00021553340915627653,0.008563288564846365,0.008563288564846365,0.0,-0.003281413450639113,0.002926273991334214,0.0018324695077878428,0.00021553340915627653,0.00021553340915627653,0.008563288564846365,0.008563288564846365,0.0,-0.003281413450639113,0.002926273991334214,0.0018324695077878428,0.02652608333301032
numerai28_6,LightGBM,9632,0.0002515680942445501,0.011848843371823578,0.011848843371823578,0.0,-0.00039324885989574886,2.1477935499653296e-05,2.1477935499653296e-05,0.0,-0.0002435454171276824,7.159311833217766e-06,-0.00020510544717459265,0.0012018346317434231,0.0012018346317434231,0.01355949524740543,0.01355949524740543,0.0067679288509329685,0.0067679288509329685,0.007176419576693942,0.007176419576693942,0.0012018346317434231,0.0012018346317434231,0.01355949524740543,0.01355949524740543,0.0067679288509329685,0.0067679288509329685,0.007176419576693942,0.007176419576693942,0.026036041666278226
numerai28_6,LinearModel,9632,0.0002761142419707706,0.01254462680633975,0.01254462680633975,0.0,-0.0006330104148476415,0.0,-0.0002118212486455152,0.0,-0.0005493333130456351,0.0,-0.000464721658846264,0.0,-0.006060715313023111,0.006982766531185058,0.006982766531185058,0.0,-0.012851467294203878,0.0023275888437283526,-0.00397647202534731,0.0,-0.006060715313023111,0.006982766531185058,0.006982766531185058,0.0,-0.012851467294203878,0.0023275888437283526,-0.00397647202534731,0.026544985999256216
numerai28_6,NeuralNetFastAI,9632,0.0002771364253259482,0.013133332572654633,0.013133332572654633,0.0,-0.00044467545917747546,0.0,-4.640622075021848e-05,0.0,-0.0006024311615779519,0.0,-0.000364504280501882,0.0,-0.0032994370641452925,0.00493655796549546,0.00493655796549546,0.0,-0.003706454614987999,0.00164551932183182,-0.0006897779045459438,0.0,-0.0032994370641452925,0.00493655796549546,0.00493655796549546,0.0,-0.003706454614987999,0.00164551932183182,-0.0006897779045459438,0.02614249999896856
numerai28_6,NeuralNetTorch,9632,0.0002644595391366567,0.012526102667284567,0.012526102667284567,0.0,-0.00034825810600815565,0.0,-0.00013652724399370106,0.0,-0.00012810945522321573,0.0,-0.0002042982684083575,0.002651156606988059,0.002651156606988059,0.003230782030800054,0.003230782030800054,0.01388183964781488,0.01388183964781488,0.006587926095200998,0.006587926095200998,0.002651156606988059,0.002651156606988059,0.003230782030800054,0.003230782030800054,0.01388183964781488,0.01388183964781488,0.006587926095200998,0.006587926095200998,0.025953652667036902
numerai28_6,RandomForest,9632,0.00012645464047984857,0.0071427804631400745,0.0071427804631400745,0.0,-0.000523970308675503,0.0,-0.00010853407519752612,0.0,-0.00028996052468690674,0.0,-0.00030748830285331195,0.0,-0.0030256663155169583,0.0011438823202965266,0.0011438823202965266,0.0020140024718899663,0.0020140024718899663,0.0010526282640621644,4.407282555651157e-05,0.0,-0.0030256663155169583,0.0011438823202965266,0.0011438823202965266,0.0020140024718899663,0.0020140024718899663,0.0010526282640621644,4.407282555651157e-05,0.02629516666638665
numerai28_6,XGBoost,9632,0.0003256287364334502,0.01252303114377482,0.01252303114377482,0.0,-0.00026632959910919486,0.00014080854816295556,0.00014080854816295556,2.3138354296149657e-05,2.3138354296149657e-05,5.4648967486368407e-05,-3.412756555002988e-05,0.007726882553452075,0.007726882553452075,0.016749746642660265,0.016749746642660265,0.008185739870310028,0.008185739870310028,0.010887456355474124,0.010887456355474124,0.007726882553452075,0.007726882553452075,0.016749746642660265,0.016749746642660265,0.008185739870310028,0.008185739870310028,0.010887456355474124,0.010887456355474124,0.025815597333955036
