dataset,model,test_size,true_brier,true_l1,true_l2,Isotonic-ECE_brier_draw0,Isotonic-ECE_brier_draw0_unclipped,Isotonic-ECE_brier_draw1,Isotonic-ECE_brier_draw1_unclipped,Isotonic-ECE_brier_draw2,Isotonic-ECE_brier_draw2_unclipped,Isotonic-ECE_brier,Isotonic-ECE_brier_unclipped,Isotonic-ECE_l1_draw0,Isotonic-ECE_l1_draw0_unclipped,Isotonic-ECE_l1_draw1,Isotonic-ECE_l1_draw1_unclipped,Isotonic-ECE_l1_draw2,Isotonic-ECE_l1_draw2_unclipped,Isotonic-ECE_l1,Isotonic-ECE_l1_unclipped,Isotonic-ECE_l2_draw0,Isotonic-ECE_l2_draw0_unclipped,Isotonic-ECE_l2_draw1,Isotonic-ECE_l2_draw1_unclipped,Isotonic-ECE_l2_draw2,Isotonic-ECE_l2_draw2_unclipped,Isotonic-ECE_l2,Isotonic-ECE_l2_unclipped,Isotonic-ECE_time
2dplanes,CatBoost,4077,0.0010357467002906422,0.016759806470045092,0.016759806470045092,0.000982113219898843,0.000982113219898843,0.0011135809048177271,0.0011135809048177271,0.000681983560641147,0.000681983560641147,0.0009258925617859057,0.0009258925617859057,0.0160837076405374,0.0160837076405374,0.018436745464523577,0.018436745464523577,0.014145022019803223,0.014145022019803223,0.0162218250416214,0.0162218250416214,0.0160837076405374,0.0160837076405374,0.018436745464523577,0.018436745464523577,0.014145022019803223,0.014145022019803223,0.0162218250416214,0.0162218250416214,0.004124611000103566
2dplanes,ExtraTrees,4077,0.00060943821379165,0.013471089267672749,0.013471089267672749,0.000832885276547607,0.000832885276547607,0.0008386776478882737,0.0008386776478882737,0.000496234888220804,0.000496234888220804,0.0007225992708855615,0.0007225992708855615,0.01425062152999585,0.01425062152999585,0.016972382379815354,0.016972382379815354,0.012742246242736047,0.012742246242736047,0.014655083384182416,0.014655083384182416,0.01425062152999585,0.01425062152999585,0.016972382379815354,0.016972382379815354,0.012742246242736047,0.012742246242736047,0.014655083384182416,0.014655083384182416,0.003467277667368762
2dplanes,LightGBM,4077,0.0006452912859289947,0.014063984582822505,0.014063984582822505,0.0007720288881338933,0.0007720288881338933,0.0006201711109994185,0.0006201711109994185,0.00045909249178178573,0.00045909249178178573,0.0006170974969716992,0.0006170974969716992,0.014486220503579015,0.014486220503579015,0.014291508451353884,0.014291508451353884,0.012530029803943458,0.012530029803943458,0.013769252919625453,0.013769252919625453,0.014486220503579015,0.014486220503579015,0.014291508451353884,0.014291508451353884,0.012530029803943458,0.012530029803943458,0.013769252919625453,0.013769252919625453,0.0034138750003573173
2dplanes,LinearModel,4077,0.006020850286611491,0.05546835795935246,0.05546835795935246,0.0010722107656006017,0.0010722107656006017,0.0008788635056645463,0.0008788635056645463,0.0007915560585188389,0.0007915560585188389,0.0009142101099279956,0.0009142101099279956,0.023879250865653807,0.023879250865653807,0.022856910616885395,0.022856910616885395,0.02296631861081011,0.02296631861081011,0.023234160031116436,0.023234160031116436,0.023879250865653807,0.023879250865653807,0.022856910616885395,0.022856910616885395,0.02296631861081011,0.02296631861081011,0.023234160031116436,0.023234160031116436,0.0035281526664524185
2dplanes,NeuralNetFastAI,4077,0.0003691270459463433,0.010036207619855754,0.010036207619855754,0.0004721547363125051,0.0004721547363125051,0.0005894138115629809,0.0005894138115629809,0.0005573473817401847,0.0005573473817401847,0.0005396386432052236,0.0005396386432052236,0.011718406140338675,0.011718406140338675,0.012849683073542579,0.012849683073542579,0.010129845722759786,0.010129845722759786,0.011565978312213681,0.011565978312213681,0.011718406140338675,0.011718406140338675,0.012849683073542579,0.012849683073542579,0.010129845722759786,0.010129845722759786,0.011565978312213681,0.011565978312213681,0.0034449166669219267
2dplanes,NeuralNetTorch,4077,0.0003406932270880549,0.009938694772379074,0.009938694772379074,0.0006349483630009826,0.0006349483630009826,0.00045419582065012995,0.00045419582065012995,0.0008331261394046145,0.0008331261394046145,0.000640756774351909,0.000640756774351909,0.010573254145802432,0.010573254145802432,0.010473258934664696,0.010473258934664696,0.01351464889477879,0.01351464889477879,0.011520387325081973,0.011520387325081973,0.010573254145802432,0.010573254145802432,0.010473258934664696,0.010473258934664696,0.01351464889477879,0.01351464889477879,0.011520387325081973,0.011520387325081973,0.003478472333275325
2dplanes,RandomForest,4077,0.000662710189717478,0.012572317079092885,0.012572317079092885,0.0006143136100954853,0.0006143136100954853,0.0006341801190830486,0.0006341801190830486,0.00043504735968597646,0.00043504735968597646,0.0005611803629548367,0.0005611803629548367,0.012345856041200434,0.012345856041200434,0.013062451353530218,0.013062451353530218,0.010435080726441047,0.010435080726441047,0.011947796040390568,0.011947796040390568,0.012345856041200434,0.012345856041200434,0.013062451353530218,0.013062451353530218,0.010435080726441047,0.010435080726441047,0.011947796040390568,0.011947796040390568,0.0033311386663020435
2dplanes,XGBoost,4077,0.0007391555875778144,0.013616694989012785,0.013616694989012785,0.0008374746359259926,0.0008374746359259926,0.0007066225841596649,0.0007066225841596649,0.000622457000370796,0.000622457000370796,0.0007221847401521512,0.0007221847401521512,0.014852443783792618,0.014852443783792618,0.014644228961329149,0.014644228961329149,0.013127263416595225,0.013127263416595225,0.014207978720572329,0.014207978720572329,0.014852443783792618,0.014852443783792618,0.014644228961329149,0.014644228961329149,0.013127263416595225,0.013127263416595225,0.014207978720572329,0.014207978720572329,0.0033998890006235647
APSFailure,CatBoost,7600,0.00023072929039153674,0.0018584471185175446,0.0018584471185175446,0.0003930218554543132,0.0003930218554543132,0.00023538185762124995,0.00023538185762124995,0.0006950823703755952,0.0006950823703755952,0.0004411620278170528,0.0004411620278170528,0.0025783422995801666,0.0025783422995801666,0.0023302432342044645,0.0023302432342044645,0.0033015374877867557,0.0033015374877867557,0.002736707673857129,0.002736707673857129,0.0025783422995801666,0.0025783422995801666,0.0023302432342044645,0.0023302432342044645,0.0033015374877867557,0.0033015374877867557,0.002736707673857129,0.002736707673857129,0.004895055666565895
APSFailure,ExtraTrees,7600,0.0006226824370906533,0.0051914377608753915,0.0051914377608753915,0.0012939305840224335,0.0012939305840224335,0.0006993357042086987,0.0006993357042086987,0.001080846859699988,0.001080846859699988,0.0010247043826437068,0.0010247043826437068,0.006882080227531209,0.006882080227531209,0.0055549136005538105,0.0055549136005538105,0.006357467639296591,0.006357467639296591,0.006264820489127204,0.006264820489127204,0.006882080227531209,0.006882080227531209,0.0055549136005538105,0.0055549136005538105,0.006357467639296591,0.006357467639296591,0.006264820489127204,0.006264820489127204,0.004725361333839828
APSFailure,LightGBM,7600,0.00045686417862927437,0.0026085678974425864,0.0026085678974425864,0.00030140409801324874,0.00030140409801324874,0.00038097178382198173,0.00038097178382198173,0.0008316287476976694,0.0008316287476976694,0.0005046682098443,0.0005046682098443,0.0027292041632878262,0.0027292041632878262,0.0027094481883294212,0.0027094481883294212,0.003637890988796526,0.003637890988796526,0.003025514446804591,0.003025514446804591,0.0027292041632878262,0.0027292041632878262,0.0027094481883294212,0.0027094481883294212,0.003637890988796526,0.003637890988796526,0.003025514446804591,0.003025514446804591,0.00500537500071611
APSFailure,LinearModel,7600,0.0003803322741956466,0.0034943082985187082,0.0034943082985187082,0.0004061668676536667,0.0004061668676536667,0.0007978095533861687,0.0007978095533861687,0.0006668937803405643,0.0006668937803405643,0.0006236234004601333,0.0006236234004601333,0.0043496552687158395,0.0043496552687158395,0.00453473833706078,0.00453473833706078,0.004068353885082625,0.004068353885082625,0.004317582496953082,0.004317582496953082,0.0043496552687158395,0.0043496552687158395,0.00453473833706078,0.00453473833706078,0.004068353885082625,0.004068353885082625,0.004317582496953082,0.004317582496953082,0.004956500000844244
APSFailure,NeuralNetFastAI,7600,0.0005370516703016731,0.002903728571302389,0.002903728571302389,0.0007183043133639315,0.0007183043133639315,0.0006915076373257727,0.0006915076373257727,0.000597026093480953,0.000597026093480953,0.0006689460147235524,0.0006689460147235524,0.0035623947277261428,0.0035623947277261428,0.004031013579361795,0.004031013579361795,0.003483519435563704,0.003483519435563704,0.0036923092475505473,0.0036923092475505473,0.0035623947277261428,0.0035623947277261428,0.004031013579361795,0.004031013579361795,0.003483519435563704,0.003483519435563704,0.0036923092475505473,0.0036923092475505473,0.005249055666354252
APSFailure,NeuralNetTorch,7600,0.0003528082933513664,0.0026576990019937415,0.0026576990019937415,0.00046568234043849546,0.00046568234043849546,0.0006399374100535066,0.0006399374100535066,0.000528396759836849,0.000528396759836849,0.000544672170109617,0.000544672170109617,0.003423928368789633,0.003423928368789633,0.004375518762407486,0.004375518762407486,0.0033525680638092545,0.0033525680638092545,0.0037173383983354577,0.0037173383983354577,0.003423928368789633,0.003423928368789633,0.004375518762407486,0.004375518762407486,0.0033525680638092545,0.0033525680638092545,0.0037173383983354577,0.0037173383983354577,0.004899583333705475
APSFailure,RandomForest,7600,0.0007705903281132056,0.0069554844467050935,0.0069554844467050935,0.0011992985850637341,0.0011992985850637341,0.0008283471061478879,0.0008283471061478879,0.0011771046428400741,0.0011771046428400741,0.0010682501113505655,0.0010682501113505655,0.007176585872605393,0.007176585872605393,0.005646422176902275,0.005646422176902275,0.007126534389645199,0.007126534389645199,0.006649847479717623,0.006649847479717623,0.007176585872605393,0.007176585872605393,0.005646422176902275,0.005646422176902275,0.007126534389645199,0.007126534389645199,0.006649847479717623,0.006649847479717623,0.004354458333788595
APSFailure,XGBoost,7600,0.0004522037960324727,0.00276524990062937,0.00276524990062937,0.00042895013657410325,0.00042895013657410325,0.0003458900751181071,0.0003458900751181071,0.000692711204917237,0.000692711204917237,0.0004891838055364825,0.0004891838055364825,0.0029120920725004325,0.0029120920725004325,0.0025894801948512214,0.0025894801948512214,0.0032540242288545697,0.0032540242288545697,0.002918532165402075,0.002918532165402075,0.0029120920725004325,0.0029120920725004325,0.0025894801948512214,0.0025894801948512214,0.0032540242288545697,0.0032540242288545697,0.002918532165402075,0.002918532165402075,0.004937000000306095
Amazon_employee_access,CatBoost,3277,6.587767880525423e-05,0.007047274838570309,0.007047274838570309,0.0005711720554854163,0.0005711720554854163,0.0007412485147807774,0.0007412485147807774,0.0006601430584487903,0.0006601430584487903,0.0006575212095716612,0.0006575212095716612,0.012741262966547286,0.012741262966547286,0.01450052761986327,0.01450052761986327,0.014759225524950351,0.014759225524950351,0.014000338703786969,0.014000338703786969,0.012741262966547286,0.012741262966547286,0.01450052761986327,0.01450052761986327,0.014759225524950351,0.014759225524950351,0.014000338703786969,0.014000338703786969,0.0031758193338949545
Amazon_employee_access,ExtraTrees,3277,0.0011848128098959204,0.021936008014946693,0.021936008014946693,0.002278123982396529,0.002278123982396529,0.0028465039438664843,0.0028465039438664843,0.002148648181343549,0.002148648181343549,0.0024244253692021875,0.0024244253692021875,0.027136342965722683,0.027136342965722683,0.02902517454940387,0.02902517454940387,0.026915663902727784,0.026915663902727784,0.027692393805951444,0.027692393805951444,0.027136342965722683,0.027136342965722683,0.02902517454940387,0.02902517454940387,0.026915663902727784,0.026915663902727784,0.027692393805951444,0.027692393805951444,0.0031309030006620255
Amazon_employee_access,LightGBM,3277,0.00011584613744030146,0.006122729817486624,0.006122729817486624,0.0007999463804642812,0.0007999463804642812,0.0003013313601340736,0.0003013313601340736,0.0009168947007929248,0.0009168947007929248,0.0006727241471304266,0.0006727241471304266,0.010654025285848037,0.010654025285848037,0.007758476199123583,0.007758476199123583,0.013691880698017278,0.013691880698017278,0.010701460727662966,0.010701460727662966,0.010654025285848037,0.010654025285848037,0.007758476199123583,0.007758476199123583,0.013691880698017278,0.013691880698017278,0.010701460727662966,0.010701460727662966,0.0031175969998002984
Amazon_employee_access,LinearModel,3277,0.000577567983805529,0.015529851627251633,0.015529851627251633,0.0020900600247681536,0.0020900600247681536,0.0019520176613142283,0.0019520176613142283,0.001725399947544027,0.001725399947544027,0.001922492544542136,0.001922492544542136,0.021566940116531257,0.021566940116531257,0.024968418465778866,0.024968418465778866,0.020092678062006,0.020092678062006,0.022209345548105375,0.022209345548105375,0.021566940116531257,0.021566940116531257,0.024968418465778866,0.024968418465778866,0.020092678062006,0.020092678062006,0.022209345548105375,0.022209345548105375,0.003050027666176902
Amazon_employee_access,NeuralNetFastAI,3277,0.0003750018116364677,0.009594039574861163,0.009594039574861163,0.0006975440568506661,0.0006975440568506661,0.0010592638424556024,0.0010592638424556024,0.0017579548103384694,0.0017579548103384694,0.0011715875698815794,0.0011715875698815794,0.010920490744348558,0.010920490744348558,0.014647662565454187,0.014647662565454187,0.015016213573965232,0.015016213573965232,0.013528122294589327,0.013528122294589327,0.010920490744348558,0.010920490744348558,0.014647662565454187,0.014647662565454187,0.015016213573965232,0.015016213573965232,0.013528122294589327,0.013528122294589327,0.003044180333138987
Amazon_employee_access,NeuralNetTorch,3277,0.001192830126488589,0.0172959970043751,0.0172959970043751,0.0012107387378056547,0.0012107387378056547,0.0013095615522090486,0.0013095615522090486,0.0012467820650124612,0.0012467820650124612,0.001255694118342388,0.001255694118342388,0.01594535450536339,0.01594535450536339,0.017977414132614073,0.017977414132614073,0.0196330577770259,0.0196330577770259,0.017851942138334454,0.017851942138334454,0.01594535450536339,0.01594535450536339,0.017977414132614073,0.017977414132614073,0.0196330577770259,0.0196330577770259,0.017851942138334454,0.017851942138334454,0.0032194026668245592
Amazon_employee_access,RandomForest,3277,0.0010407990874690906,0.019401031244190358,0.019401031244190358,0.0019312904793331186,0.0019312904793331186,0.0021651320359259716,0.0021651320359259716,0.0016575336808295497,0.0016575336808295497,0.0019179853986962135,0.0019179853986962135,0.02354612350643091,0.02354612350643091,0.025192245881887686,0.025192245881887686,0.023760942094084424,0.023760942094084424,0.024166437160801007,0.024166437160801007,0.02354612350643091,0.02354612350643091,0.025192245881887686,0.025192245881887686,0.023760942094084424,0.023760942094084424,0.024166437160801007,0.024166437160801007,0.003575597334323296
Amazon_employee_access,XGBoost,3277,6.127144786686918e-05,0.006959118745905035,0.006959118745905035,0.0006373383729120136,0.0006373383729120136,0.0009276351145272724,0.0009276351145272724,0.000755689335274383,0.000755689335274383,0.0007735542742378897,0.0007735542742378897,0.013884170525479954,0.013884170525479954,0.01548165713447424,0.01548165713447424,0.01381722456328788,0.01381722456328788,0.01439435074108069,0.01439435074108069,0.013884170525479954,0.013884170525479954,0.01548165713447424,0.01548165713447424,0.01381722456328788,0.01381722456328788,0.01439435074108069,0.01439435074108069,0.0031102363330622516
Click_prediction_small,CatBoost,3995,0.00038633628898235186,0.01768859708588454,0.01768859708588454,0.001036995675386431,0.001036995675386431,0.0007760278896810437,0.0007760278896810437,0.0005477707280934167,0.0005477707280934167,0.0007869314310536304,0.0007869314310536304,0.027204659883320124,0.027204659883320124,0.020699082480762385,0.020699082480762385,0.018264405296096742,0.018264405296096742,0.022056049220059753,0.022056049220059753,0.027204659883320124,0.027204659883320124,0.020699082480762385,0.020699082480762385,0.018264405296096742,0.018264405296096742,0.022056049220059753,0.022056049220059753,0.0037078609990809732
Click_prediction_small,ExtraTrees,3995,0.0008215564260373532,0.023610837407146718,0.023610837407146718,0.0015703885911274246,0.0015703885911274246,0.0018522780523904413,0.0018522780523904413,0.0014635673475341718,0.0014635673475341718,0.0016287446636840126,0.0016287446636840126,0.030359840473896785,0.030359840473896785,0.029810070487581816,0.029810070487581816,0.03247533656500976,0.03247533656500976,0.03088174917549612,0.03088174917549612,0.030359840473896785,0.030359840473896785,0.029810070487581816,0.029810070487581816,0.03247533656500976,0.03247533656500976,0.03088174917549612,0.03088174917549612,0.004007638999610208
Click_prediction_small,LightGBM,3995,0.0004458847215889114,0.01815457796381882,0.01815457796381882,0.0015638355225570063,0.0015638355225570063,0.001351447550432757,0.001351447550432757,0.000695755745159407,0.000695755745159407,0.0012036796060497235,0.0012036796060497235,0.03232884549858836,0.03232884549858836,0.024289189745615267,0.024289189745615267,0.019670173816452387,0.019670173816452387,0.025429403020218674,0.025429403020218674,0.03232884549858836,0.03232884549858836,0.024289189745615267,0.024289189745615267,0.019670173816452387,0.019670173816452387,0.025429403020218674,0.025429403020218674,0.0036068193330720533
Click_prediction_small,LinearModel,3995,0.003433357252839177,0.038138102764381475,0.038138102764381475,0.00356595313486391,0.00356595313486391,0.002437805227382513,0.002437805227382513,0.0018482304033472588,0.0018482304033472588,0.0026173295885312275,0.0026173295885312275,0.03807679846381104,0.03807679846381104,0.033790206711324516,0.033790206711324516,0.03142108834024128,0.03142108834024128,0.03442936450512561,0.03442936450512561,0.03807679846381104,0.03807679846381104,0.033790206711324516,0.033790206711324516,0.03142108834024128,0.03142108834024128,0.03442936450512561,0.03442936450512561,0.0038006666666963915
Click_prediction_small,NeuralNetFastAI,3995,0.0006152494557119272,0.02168230629401941,0.02168230629401941,0.0014277195465294708,0.0014277195465294708,0.000801968771417014,0.000801968771417014,0.0005799518282767363,0.0005799518282767363,0.0009365467154077403,0.0009365467154077403,0.03262907427979179,0.03262907427979179,0.024129556233697013,0.024129556233697013,0.019312565034713524,0.019312565034713524,0.025357065182734107,0.025357065182734107,0.03262907427979179,0.03262907427979179,0.024129556233697013,0.024129556233697013,0.019312565034713524,0.019312565034713524,0.025357065182734107,0.025357065182734107,0.0038013613326863074
Click_prediction_small,NeuralNetTorch,3995,0.000906484864703196,0.025087184047802014,0.025087184047802014,0.0013943863438348177,0.0013943863438348177,0.0010294602113300273,0.0010294602113300273,0.0008454268874096922,0.0008454268874096922,0.0010897578141915124,0.0010897578141915124,0.031205241824482925,0.031205241824482925,0.026424536667402458,0.026424536667402458,0.024680027689782915,0.024680027689782915,0.027436602060556103,0.027436602060556103,0.031205241824482925,0.031205241824482925,0.026424536667402458,0.026424536667402458,0.024680027689782915,0.024680027689782915,0.027436602060556103,0.027436602060556103,0.003567972333257785
Click_prediction_small,RandomForest,3995,0.0011413213978873715,0.02535429986824517,0.02535429986824517,0.002177485128815726,0.002177485128815726,0.0028385678224041385,0.0028385678224041385,0.0012931684456038946,0.0012931684456038946,0.0021030737989412534,0.0021030737989412534,0.03590786529727856,0.03590786529727856,0.031898633516630893,0.031898633516630893,0.027104236480295214,0.027104236480295214,0.03163691176473489,0.03163691176473489,0.03590786529727856,0.03590786529727856,0.031898633516630893,0.031898633516630893,0.027104236480295214,0.027104236480295214,0.03163691176473489,0.03163691176473489,0.0034607916665360485
Click_prediction_small,XGBoost,3995,0.00047790328474461684,0.018971117007725632,0.018971117007725632,0.0009503467596551964,0.0009503467596551964,0.0008897928377236496,0.0008897928377236496,0.0007503301333292354,0.0007503301333292354,0.0008634899102360271,0.0008634899102360271,0.026093769423062095,0.026093769423062095,0.02135484852886765,0.02135484852886765,0.020848947087778374,0.020848947087778374,0.02276585501323604,0.02276585501323604,0.026093769423062095,0.026093769423062095,0.02135484852886765,0.02135484852886765,0.020848947087778374,0.020848947087778374,0.02276585501323604,0.02276585501323604,0.003557986000184125
PhishingWebsites,CatBoost,1106,0.00011501653449411958,0.003910267557744939,0.003910267557744939,0.0004448988207008992,0.0004448988207008992,0.000781569899933831,0.000781569899933831,0.0011636104994077298,0.0011636104994077298,0.0007966930733474866,0.0007966930733474866,0.008071518803770885,0.008071518803770885,0.009057531091970489,0.009057531091970489,0.010949997466155796,0.010949997466155796,0.009359682453965722,0.009359682453965722,0.008071518803770885,0.008071518803770885,0.009057531091970489,0.009057531091970489,0.010949997466155796,0.010949997466155796,0.009359682453965722,0.009359682453965722,0.002293763999963024
PhishingWebsites,ExtraTrees,1106,0.0066681586143801565,0.05625384704162044,0.05625384704162044,0.0069609988929902195,0.0069609988929902195,0.007973311832331957,0.007973311832331957,0.00858029056302886,0.00858029056302886,0.007838200429450345,0.007838200429450345,0.05610522202324488,0.05610522202324488,0.059654125826827255,0.059654125826827255,0.06169177925016591,0.06169177925016591,0.059150375700079354,0.059150375700079354,0.05610522202324488,0.05610522202324488,0.059654125826827255,0.059654125826827255,0.06169177925016591,0.06169177925016591,0.059150375700079354,0.059150375700079354,0.002097485999305112
PhishingWebsites,LightGBM,1106,9.452185636811948e-05,0.0038107923112926127,0.0038107923112926127,0.0009257884177426592,0.0009257884177426592,0.0008437847312679067,0.0008437847312679067,0.0015617410302455898,0.0015617410302455898,0.001110438059752052,0.001110438059752052,0.010123244104040013,0.010123244104040013,0.009274682019603983,0.009274682019603983,0.01168713941558732,0.01168713941558732,0.010361688513077104,0.010361688513077104,0.010123244104040013,0.010123244104040013,0.009274682019603983,0.009274682019603983,0.01168713941558732,0.01168713941558732,0.010361688513077104,0.010361688513077104,0.002094485999502164
PhishingWebsites,LinearModel,1106,0.00021872736660312296,0.00902476140604523,0.00902476140604523,0.0008657174301076786,0.0008657174301076786,0.0009791142794160304,0.0009791142794160304,0.0014855352508345988,0.0014855352508345988,0.001110122320119436,0.001110122320119436,0.01704416318561405,0.01704416318561405,0.017343003566596273,0.017343003566596273,0.021271295888154886,0.021271295888154886,0.018552820880121734,0.018552820880121734,0.01704416318561405,0.01704416318561405,0.017343003566596273,0.017343003566596273,0.021271295888154886,0.021271295888154886,0.018552820880121734,0.018552820880121734,0.00207349999982398
PhishingWebsites,NeuralNetFastAI,1106,4.744237505240245e-05,0.003141969719634052,0.003141969719634052,0.0007538253738124793,0.0007538253738124793,0.0010771007522171181,0.0010771007522171181,0.0007349090036403532,0.0007349090036403532,0.0008552783765566502,0.0008552783765566502,0.008754630718010734,0.008754630718010734,0.010472256516925137,0.010472256516925137,0.009094524055326101,0.009094524055326101,0.009440470430087325,0.009440470430087325,0.008754630718010734,0.008754630718010734,0.010472256516925137,0.010472256516925137,0.009094524055326101,0.009094524055326101,0.009440470430087325,0.009440470430087325,0.0020940973323983294
PhishingWebsites,NeuralNetTorch,1106,0.00011321565322257829,0.004358799474228134,0.004358799474228134,0.00028448060049254375,0.00028448060049254375,0.0008993865532683297,0.0008993865532683297,0.0013106179942696259,0.0013106179942696259,0.0008314950493434997,0.0008314950493434997,0.0054477542690113965,0.0054477542690113965,0.009050908563587116,0.009050908563587116,0.009970897290950022,0.009970897290950022,0.008156520041182844,0.008156520041182844,0.0054477542690113965,0.0054477542690113965,0.009050908563587116,0.009050908563587116,0.009970897290950022,0.009970897290950022,0.008156520041182844,0.008156520041182844,0.0020911803342945254
PhishingWebsites,RandomForest,1106,0.005133421861791541,0.04618638428999584,0.04618638428999584,0.005491810503322971,0.005491810503322971,0.006134550992079343,0.006134550992079343,0.006006034356510281,0.006006034356510281,0.005877465283970865,0.005877465283970865,0.04512718844704865,0.04512718844704865,0.04864032595727178,0.04864032595727178,0.0492063574685685,0.0492063574685685,0.04765795729096298,0.04765795729096298,0.04512718844704865,0.04512718844704865,0.04864032595727178,0.04864032595727178,0.0492063574685685,0.0492063574685685,0.04765795729096298,0.04765795729096298,0.0020450553335346435
PhishingWebsites,XGBoost,1106,8.611671452407753e-05,0.0031778621042838112,0.0031778621042838112,0.0005592861289781469,0.0005592861289781469,0.0010288693326852795,0.0010288693326852795,0.0012946555588528254,0.0012946555588528254,0.0009609370068387506,0.0009609370068387506,0.008511133345954967,0.008511133345954967,0.009252312628529777,0.009252312628529777,0.011358095765492224,0.011358095765492224,0.009707180579992323,0.009707180579992323,0.008511133345954967,0.008511133345954967,0.009252312628529777,0.009252312628529777,0.011358095765492224,0.011358095765492224,0.009707180579992323,0.009707180579992323,0.0020637363328811866
Run_or_walk_information,CatBoost,8859,0.00010483370935025374,0.001972443140557718,0.001972443140557718,0.00012388814564352028,0.00012388814564352028,0.000164545408722966,0.000164545408722966,0.00012317136185089958,0.00012317136185089958,0.0001372016387391286,0.0001372016387391286,0.0026315552445895407,0.0026315552445895407,0.0027139573620531916,0.0027139573620531916,0.0026115578811794684,0.0026115578811794684,0.002652356829274067,0.002652356829274067,0.0026315552445895407,0.0026315552445895407,0.0027139573620531916,0.0027139573620531916,0.0026115578811794684,0.0026115578811794684,0.002652356829274067,0.002652356829274067,0.005576027999874593
Run_or_walk_information,ExtraTrees,8859,0.002147695508629922,0.02022570610150847,0.02022570610150847,0.0022192232455487573,0.0022192232455487573,0.0021845032240349043,0.0021845032240349043,0.0025889702090073686,0.0025889702090073686,0.0023308988928636767,0.0023308988928636767,0.01963313994411618,0.01963313994411618,0.019093891430458646,0.019093891430458646,0.020679909711213123,0.020679909711213123,0.01980231369526265,0.01980231369526265,0.01963313994411618,0.01963313994411618,0.019093891430458646,0.019093891430458646,0.020679909711213123,0.020679909711213123,0.01980231369526265,0.01980231369526265,0.005213805332459742
Run_or_walk_information,LightGBM,8859,0.00010954628564335039,0.0022700646441504158,0.0022700646441504158,0.0001395994911997578,0.0001395994911997578,0.00025484592664766443,0.00025484592664766443,0.0003362652798202169,0.0003362652798202169,0.00024357023255587972,0.00024357023255587972,0.0029192758463283935,0.0029192758463283935,0.003206310455994535,0.003206310455994535,0.0036388809042640566,0.0036388809042640566,0.003254822402195662,0.003254822402195662,0.0029192758463283935,0.0029192758463283935,0.003206310455994535,0.003206310455994535,0.0036388809042640566,0.0036388809042640566,0.003254822402195662,0.003254822402195662,0.005506235999443258
Run_or_walk_information,LinearModel,8859,0.046580505774797464,0.15507859029528043,0.15507859029528043,0.026094190135926287,0.026094190135926287,0.02720428252710073,0.02720428252710073,0.02798314151820707,0.02798314151820707,0.027093871393744695,0.027093871393744695,0.12263809754076628,0.12263809754076628,0.1261873835294297,0.1261873835294297,0.1281095786204751,0.1281095786204751,0.12564501989689036,0.12564501989689036,0.12263809754076628,0.12263809754076628,0.1261873835294297,0.1261873835294297,0.1281095786204751,0.1281095786204751,0.12564501989689036,0.12564501989689036,0.006045319333982964
Run_or_walk_information,NeuralNetFastAI,8859,0.0001224129144028694,0.003099597334877249,0.003099597334877249,0.0002236281292619777,0.0002236281292619777,0.00018182246287422766,0.00018182246287422766,0.00016369665365025313,0.00016369665365025313,0.00018971574859548616,0.00018971574859548616,0.0037361782593648466,0.0037361782593648466,0.003983767642404067,0.003983767642404067,0.0037176126384202064,0.0037176126384202064,0.003812519513396373,0.003812519513396373,0.0037361782593648466,0.0037361782593648466,0.003983767642404067,0.003983767642404067,0.0037176126384202064,0.0037176126384202064,0.003812519513396373,0.003812519513396373,0.0054388750007395474
Run_or_walk_information,NeuralNetTorch,8859,7.932355281150218e-05,0.0019208274511967615,0.0019208274511967615,0.00013411771218498997,0.00013411771218498997,0.00018245378249225088,0.00018245378249225088,0.00018547482153037152,0.00018547482153037152,0.00016734877206920414,0.00016734877206920414,0.0026072290084368593,0.0026072290084368593,0.0031454329030066903,0.0031454329030066903,0.0030935593427693616,0.0030935593427693616,0.0029487404180709707,0.0029487404180709707,0.0026072290084368593,0.0026072290084368593,0.0031454329030066903,0.0031454329030066903,0.0030935593427693616,0.0030935593427693616,0.0029487404180709707,0.0029487404180709707,0.005358694333457
Run_or_walk_information,RandomForest,8859,0.0007853873470846317,0.010882730248931247,0.010882730248931247,0.0008787051910193692,0.0008787051910193692,0.0012037771751871437,0.0012037771751871437,0.0009076303359520607,0.0009076303359520607,0.000996704234052858,0.000996704234052858,0.011001864950350644,0.011001864950350644,0.012336945863219342,0.012336945863219342,0.011253832069431927,0.011253832069431927,0.011530880961000639,0.011530880961000639,0.011001864950350644,0.011001864950350644,0.012336945863219342,0.012336945863219342,0.011253832069431927,0.011253832069431927,0.011530880961000639,0.011530880961000639,0.005256750000019868
Run_or_walk_information,XGBoost,8859,9.801705724564982e-06,0.0010685539641082551,0.0010685539641082551,0.00015516205474262176,0.00015516205474262176,0.00030080016209729267,0.00030080016209729267,0.00010260543406668734,0.00010260543406668734,0.00018618921696886726,0.00018618921696886726,0.0029636685387208123,0.0029636685387208123,0.003325259833493642,0.003325259833493642,0.0022278556907197058,0.0022278556907197058,0.0028389280209780536,0.0028389280209780536,0.0029636685387208123,0.0029636685387208123,0.003325259833493642,0.003325259833493642,0.0022278556907197058,0.0022278556907197058,0.0028389280209780536,0.0028389280209780536,0.00542152766744645
adult,CatBoost,4885,0.0006152181577692995,0.01687512706217434,0.01687512706217434,0.0010981600975412584,0.0010981600975412584,0.0011931744990474284,0.0011931744990474284,0.001274566357621038,0.001274566357621038,0.0011886336514032416,0.0011886336514032416,0.021836967105371412,0.021836967105371412,0.02279898495913495,0.02279898495913495,0.022973201546725906,0.022973201546725906,0.02253638453707742,0.02253638453707742,0.021836967105371412,0.021836967105371412,0.02279898495913495,0.02279898495913495,0.022973201546725906,0.022973201546725906,0.02253638453707742,0.02253638453707742,0.003937569666353132
adult,ExtraTrees,4885,0.0011370991685457355,0.025229521107036034,0.025229521107036034,0.0020984771772837836,0.0020984771772837836,0.0021749125424047524,0.0021749125424047524,0.0013656306821519825,0.0013656306821519825,0.001879673467280173,0.001879673467280173,0.03231174993994031,0.03231174993994031,0.031367570721631516,0.031367570721631516,0.026159175129745714,0.026159175129745714,0.02994616526377251,0.02994616526377251,0.03231174993994031,0.03231174993994031,0.031367570721631516,0.031367570721631516,0.026159175129745714,0.026159175129745714,0.02994616526377251,0.02994616526377251,0.003924555333166306
adult,LightGBM,4885,0.0004237835510739854,0.013610577703054249,0.013610577703054249,0.0008488742317834936,0.0008488742317834936,0.0009770699580763191,0.0009770699580763191,0.0008092828244544907,0.0008092828244544907,0.0008784090047714346,0.0008784090047714346,0.018459050266465837,0.018459050266465837,0.019751472084183114,0.019751472084183114,0.019394761345647105,0.019394761345647105,0.019201761232098685,0.019201761232098685,0.018459050266465837,0.018459050266465837,0.019751472084183114,0.019751472084183114,0.019394761345647105,0.019394761345647105,0.019201761232098685,0.019201761232098685,0.003902166665890642
adult,LinearModel,4885,0.00027479023834166164,0.01382074661413434,0.01382074661413434,0.0007660120702496844,0.0007660120702496844,0.0008264325195211273,0.0008264325195211273,0.0005884299965674651,0.0005884299965674651,0.0007269581954460922,0.0007269581954460922,0.020844521455122698,0.020844521455122698,0.021151128889535922,0.021151128889535922,0.017288236476085465,0.017288236476085465,0.019761295606914694,0.019761295606914694,0.020844521455122698,0.020844521455122698,0.021151128889535922,0.021151128889535922,0.017288236476085465,0.017288236476085465,0.019761295606914694,0.019761295606914694,0.0039563613330149865
adult,NeuralNetFastAI,4885,0.0007270421928356895,0.019435569401433525,0.019435569401433525,0.0013822741109572887,0.0013822741109572887,0.0015507684552750515,0.0015507684552750515,0.0012866549598069355,0.0012866549598069355,0.0014065658420130917,0.0014065658420130917,0.026179625539348085,0.026179625539348085,0.026810625459020115,0.026810625459020115,0.024800721090476457,0.024800721090476457,0.025930324029614885,0.025930324029614885,0.026179625539348085,0.026179625539348085,0.026810625459020115,0.026810625459020115,0.024800721090476457,0.024800721090476457,0.025930324029614885,0.025930324029614885,0.003934083333054635
adult,NeuralNetTorch,4885,0.0009504127682872356,0.020245912457373255,0.020245912457373255,0.0010697528881992843,0.0010697528881992843,0.001707636270686091,0.001707636270686091,0.0010877784078680104,0.0010877784078680104,0.0012883891889177953,0.0012883891889177953,0.020891512802343668,0.020891512802343668,0.025199458907131093,0.025199458907131093,0.02155380285888459,0.02155380285888459,0.022548258189453118,0.022548258189453118,0.020891512802343668,0.020891512802343668,0.025199458907131093,0.025199458907131093,0.02155380285888459,0.02155380285888459,0.022548258189453118,0.022548258189453118,0.003952222334191902
adult,RandomForest,4885,0.0012868164993794738,0.026970672527330302,0.026970672527330302,0.0018777985720136725,0.0018777985720136725,0.0027140641979797875,0.0027140641979797875,0.0014703515132979683,0.0014703515132979683,0.0020207380944304762,0.0020207380944304762,0.029945262640668838,0.029945262640668838,0.03553247148067726,0.03553247148067726,0.02742686507855317,0.02742686507855317,0.030968199733299756,0.030968199733299756,0.029945262640668838,0.029945262640668838,0.03553247148067726,0.03553247148067726,0.02742686507855317,0.02742686507855317,0.030968199733299756,0.030968199733299756,0.003944180333443607
adult,XGBoost,4885,0.0005345494552161558,0.016391190786140295,0.016391190786140295,0.0007876373531320594,0.0007876373531320594,0.0012347583970628107,0.0012347583970628107,0.0009270692863839411,0.0009270692863839411,0.000983155012192937,0.000983155012192937,0.018369143610889087,0.018369143610889087,0.023128060488162044,0.023128060488162044,0.019392770542822218,0.019392770542822218,0.02029665821395778,0.02029665821395778,0.018369143610889087,0.018369143610889087,0.023128060488162044,0.023128060488162044,0.019392770542822218,0.019392770542822218,0.02029665821395778,0.02029665821395778,0.00392293033291935
ailerons,CatBoost,1375,0.00027630217784780714,0.011567778694020077,0.011567778694020077,0.0012259180070253839,0.0012259180070253839,0.001034958719835149,0.001034958719835149,0.001311766208830967,0.001311766208830967,0.0011908809785638333,0.0011908809785638333,0.02299706717315394,0.02299706717315394,0.02125135994699901,0.02125135994699901,0.021986358511678156,0.021986358511678156,0.022078261877277034,0.022078261877277034,0.02299706717315394,0.02299706717315394,0.02125135994699901,0.02125135994699901,0.021986358511678156,0.021986358511678156,0.022078261877277034,0.022078261877277034,0.002191833333199611
ailerons,ExtraTrees,1375,0.0013176445909882613,0.0290793574283598,0.0290793574283598,0.0024654804813960384,0.0024654804813960384,0.002120555470287784,0.002120555470287784,0.002196458001765471,0.002196458001765471,0.002260831317816431,0.002260831317816431,0.03515723791339463,0.03515723791339463,0.035286226815312786,0.035286226815312786,0.03249861195196434,0.03249861195196434,0.034314025560223914,0.034314025560223914,0.03515723791339463,0.03515723791339463,0.035286226815312786,0.035286226815312786,0.03249861195196434,0.03249861195196434,0.034314025560223914,0.034314025560223914,0.0022633473333068346
ailerons,LightGBM,1375,0.00011693810695666074,0.008554613836744631,0.008554613836744631,0.0011557339002775432,0.0011557339002775432,0.0014746559600425715,0.0014746559600425715,0.0020184849543244438,0.0020184849543244438,0.0015496249382148531,0.0015496249382148531,0.023602957066196004,0.023602957066196004,0.027368810156000057,0.027368810156000057,0.03030896138462441,0.03030896138462441,0.027093576202273494,0.027093576202273494,0.023602957066196004,0.023602957066196004,0.027368810156000057,0.027368810156000057,0.03030896138462441,0.03030896138462441,0.027093576202273494,0.027093576202273494,0.0022072499996284023
ailerons,LinearModel,1375,0.0001836785291027428,0.010391804801025004,0.010391804801025004,0.0009183224966155569,0.0009183224966155569,0.0011463533542002877,0.0011463533542002877,0.0013870951003264358,0.0013870951003264358,0.0011505903170474267,0.0011505903170474267,0.019806194378442304,0.019806194378442304,0.023236140299354717,0.023236140299354717,0.025276102360087965,0.025276102360087965,0.022772812345961662,0.022772812345961662,0.019806194378442304,0.019806194378442304,0.023236140299354717,0.023236140299354717,0.025276102360087965,0.025276102360087965,0.022772812345961662,0.022772812345961662,0.00222349999967264
ailerons,NeuralNetFastAI,1375,0.0001645495308457295,0.009278845729904126,0.009278845729904126,0.0010222945357307783,0.0010222945357307783,0.0015935909886964012,0.0015935909886964012,0.0017307860249831735,0.0017307860249831735,0.0014488905164701177,0.0014488905164701177,0.019214190291063686,0.019214190291063686,0.02519375922652061,0.02519375922652061,0.026879447178126858,0.026879447178126858,0.02376246556523705,0.02376246556523705,0.019214190291063686,0.019214190291063686,0.02519375922652061,0.02519375922652061,0.026879447178126858,0.026879447178126858,0.02376246556523705,0.02376246556523705,0.0022082916669508754
ailerons,NeuralNetTorch,1375,0.0002283116865340639,0.010233639353312108,0.010233639353312108,0.001272190936413468,0.001272190936413468,0.0013270852025944115,0.0013270852025944115,0.0014017277405524078,0.0014017277405524078,0.001333667959853429,0.001333667959853429,0.02105933452307979,0.02105933452307979,0.023324717903875507,0.023324717903875507,0.025640785853790874,0.025640785853790874,0.023341612760248723,0.023341612760248723,0.02105933452307979,0.02105933452307979,0.023324717903875507,0.023324717903875507,0.025640785853790874,0.025640785853790874,0.023341612760248723,0.023341612760248723,0.0022049723338568583
ailerons,RandomForest,1375,0.0006854447630043796,0.0203316415928791,0.0203316415928791,0.0013024784302019784,0.0013024784302019784,0.0018618596069662442,0.0018618596069662442,0.0021895348975958075,0.0021895348975958075,0.00178462431158801,0.00178462431158801,0.025615484954118084,0.025615484954118084,0.02979147624203339,0.02979147624203339,0.03287062314590915,0.03287062314590915,0.02942586144735354,0.02942586144735354,0.025615484954118084,0.025615484954118084,0.02979147624203339,0.02979147624203339,0.03287062314590915,0.03287062314590915,0.02942586144735354,0.02942586144735354,0.002203403000748949
ailerons,XGBoost,1375,7.454605353151486e-05,0.0065705054893200705,0.0065705054893200705,0.0009152114468416682,0.0009152114468416682,0.0012123004999412433,0.0012123004999412433,0.0015682879216490546,0.0015682879216490546,0.001231933289477322,0.001231933289477322,0.020269580887575456,0.020269580887575456,0.02228428082644944,0.02228428082644944,0.022501708480975827,0.022501708480975827,0.021685190065000238,0.021685190065000238,0.020269580887575456,0.020269580887575456,0.02228428082644944,0.02228428082644944,0.022501708480975827,0.022501708480975827,0.021685190065000238,0.021685190065000238,0.0021938333326640227
bank-marketing,CatBoost,4522,0.0005132235775827006,0.01307845357417823,0.01307845357417823,0.0007620494398642598,0.0007620494398642598,0.0009416121750417662,0.0009416121750417662,0.0009100249937308645,0.0009100249937308645,0.0008712288695456302,0.0008712288695456302,0.014430616222290669,0.014430616222290669,0.014781719702427623,0.014781719702427623,0.01732226491546282,0.01732226491546282,0.015511533613393705,0.015511533613393705,0.014430616222290669,0.014430616222290669,0.014781719702427623,0.014781719702427623,0.01732226491546282,0.01732226491546282,0.015511533613393705,0.015511533613393705,0.0036751806668083495
bank-marketing,ExtraTrees,4522,0.00027389379500799627,0.011776435399688001,0.011776435399688001,0.0005003143546133777,0.0005003143546133777,0.0005878029630097477,0.0005878029630097477,0.0008124821720181508,0.0008124821720181508,0.0006335331632137587,0.0006335331632137587,0.014056948675988477,0.014056948675988477,0.0157242778671035,0.0157242778671035,0.017630296403292896,0.017630296403292896,0.01580384098212829,0.01580384098212829,0.014056948675988477,0.014056948675988477,0.0157242778671035,0.0157242778671035,0.017630296403292896,0.017630296403292896,0.01580384098212829,0.01580384098212829,0.003650763666276665
bank-marketing,LightGBM,4522,0.00020177039456570074,0.008544793628403111,0.008544793628403111,0.0005967308861613599,0.0005967308861613599,0.0011129699601725232,0.0011129699601725232,0.0005677314800258513,0.0005677314800258513,0.0007591441087865781,0.0007591441087865781,0.014117695837468067,0.014117695837468067,0.015976218041208332,0.015976218041208332,0.01317388947322309,0.01317388947322309,0.01442260111729983,0.01442260111729983,0.014117695837468067,0.014117695837468067,0.015976218041208332,0.015976218041208332,0.01317388947322309,0.01317388947322309,0.01442260111729983,0.01442260111729983,0.003644402666395763
bank-marketing,LinearModel,4522,0.001231073646633584,0.01771170175477092,0.01771170175477092,0.0014774574120759922,0.0014774574120759922,0.0011856861758120449,0.0011856861758120449,0.0022360716282686594,0.0022360716282686594,0.001633071738718899,0.001633071738718899,0.023462912932355466,0.023462912932355466,0.01973061348030934,0.01973061348030934,0.024193456414748217,0.024193456414748217,0.02246232760913767,0.02246232760913767,0.023462912932355466,0.023462912932355466,0.01973061348030934,0.01973061348030934,0.024193456414748217,0.024193456414748217,0.02246232760913767,0.02246232760913767,0.003690972000185866
bank-marketing,NeuralNetFastAI,4522,0.0001663844076763581,0.006980738153360599,0.006980738153360599,0.0006838858203533865,0.0006838858203533865,0.0004233533741687131,0.0004233533741687131,0.0004874199093847915,0.0004874199093847915,0.0005315530346356303,0.0005315530346356303,0.013584181501129838,0.013584181501129838,0.010171218685451093,0.010171218685451093,0.01062941914475232,0.01062941914475232,0.01146160644377775,0.01146160644377775,0.013584181501129838,0.013584181501129838,0.010171218685451093,0.010171218685451093,0.01062941914475232,0.01062941914475232,0.01146160644377775,0.01146160644377775,0.0036418193327942086
bank-marketing,NeuralNetTorch,4522,0.0001924682271929433,0.006890143246673141,0.006890143246673141,0.0005908308982575128,0.0005908308982575128,0.0006732775571963076,0.0006732775571963076,0.0004144727411227045,0.0004144727411227045,0.0005595270655255083,0.0005595270655255083,0.011662587594560571,0.011662587594560571,0.013045748075444846,0.013045748075444846,0.009843645437402121,0.009843645437402121,0.011517327035802513,0.011517327035802513,0.011662587594560571,0.011662587594560571,0.013045748075444846,0.013045748075444846,0.009843645437402121,0.009843645437402121,0.011517327035802513,0.011517327035802513,0.0036435416671641483
bank-marketing,RandomForest,4522,0.0002454993245856833,0.011252096679536966,0.011252096679536966,0.0004650029364494462,0.0004650029364494462,0.000549052387356298,0.000549052387356298,0.0007672765576903628,0.0007672765576903628,0.0005937772938320356,0.0005937772938320356,0.01375336459558741,0.01375336459558741,0.01466637314216849,0.01466637314216849,0.017077376688501716,0.017077376688501716,0.01516570480875254,0.01516570480875254,0.01375336459558741,0.01375336459558741,0.01466637314216849,0.01466637314216849,0.017077376688501716,0.017077376688501716,0.01516570480875254,0.01516570480875254,0.003661875000640672
bank-marketing,XGBoost,4522,0.00047387595942246255,0.011958409853437551,0.011958409853437551,0.0006029266140887519,0.0006029266140887519,0.0011104591095674893,0.0011104591095674893,0.0011601079375404234,0.0011601079375404234,0.0009578312203988882,0.0009578312203988882,0.014023013967911066,0.014023013967911066,0.01592916289472405,0.01592916289472405,0.01923327670144459,0.01923327670144459,0.016395151188026567,0.016395151188026567,0.014023013967911066,0.014023013967911066,0.01592916289472405,0.01592916289472405,0.01923327670144459,0.01923327670144459,0.016395151188026567,0.016395151188026567,0.003650791667799543
delta_elevators,CatBoost,952,0.00020880514056423636,0.012558266367032505,0.012558266367032505,0.0012814521858181152,0.0012814521858181152,0.0025602061540825082,0.0025602061540825082,0.0025907212657807588,0.0025907212657807588,0.0021441265352271275,0.0021441265352271275,0.027162181321934726,0.027162181321934726,0.03242769443767739,0.03242769443767739,0.034932263034621554,0.034932263034621554,0.03150737959807789,0.03150737959807789,0.027162181321934726,0.027162181321934726,0.03242769443767739,0.03242769443767739,0.034932263034621554,0.034932263034621554,0.03150737959807789,0.03150737959807789,0.0019906526673973226
delta_elevators,ExtraTrees,952,0.0034708040120754553,0.054296452067342404,0.054296452067342404,0.005004887727388097,0.005004887727388097,0.004735707300926279,0.004735707300926279,0.0035700931610775084,0.0035700931610775084,0.004436896063130628,0.004436896063130628,0.062330179824437934,0.062330179824437934,0.059488639919903184,0.059488639919903184,0.05110688500428705,0.05110688500428705,0.057641901582876055,0.057641901582876055,0.062330179824437934,0.062330179824437934,0.059488639919903184,0.059488639919903184,0.05110688500428705,0.05110688500428705,0.057641901582876055,0.057641901582876055,0.0020517083333591777
delta_elevators,LightGBM,952,0.00031472046437343364,0.016041899277503845,0.016041899277503845,0.002084362701739374,0.002084362701739374,0.0021150097728964696,0.0021150097728964696,0.0021946130036199422,0.0021946130036199422,0.0021313284927519283,0.0021313284927519283,0.03573486710630235,0.03573486710630235,0.03242949209330607,0.03242949209330607,0.03540823346440003,0.03540823346440003,0.034524197554669483,0.034524197554669483,0.03573486710630235,0.03573486710630235,0.03242949209330607,0.03242949209330607,0.03540823346440003,0.03540823346440003,0.034524197554669483,0.034524197554669483,0.0020779306675346256
delta_elevators,LinearModel,952,0.0006587720091662157,0.01935168200737685,0.01935168200737685,0.0025728805898516216,0.0025728805898516216,0.002441764357812849,0.002441764357812849,0.0016985596074342846,0.0016985596074342846,0.0022377348516995853,0.0022377348516995853,0.03678402546818818,0.03678402546818818,0.036254121208398146,0.036254121208398146,0.028184779502604444,0.028184779502604444,0.03374097539306359,0.03374097539306359,0.03678402546818818,0.03678402546818818,0.036254121208398146,0.036254121208398146,0.028184779502604444,0.028184779502604444,0.03374097539306359,0.03374097539306359,0.0020329583336812598
delta_elevators,NeuralNetFastAI,952,0.000379645069313219,0.01539118967758907,0.01539118967758907,0.003796226400606288,0.003796226400606288,0.0020762866183321447,0.0020762866183321447,0.0013287049603730814,0.0013287049603730814,0.002400405993103838,0.002400405993103838,0.04239704698694729,0.04239704698694729,0.031642793715442374,0.031642793715442374,0.023207563558858158,0.023207563558858158,0.03241580142041594,0.03241580142041594,0.04239704698694729,0.04239704698694729,0.031642793715442374,0.031642793715442374,0.023207563558858158,0.023207563558858158,0.03241580142041594,0.03241580142041594,0.002022305333715243
delta_elevators,NeuralNetTorch,952,0.00040540976264224343,0.016273342592552687,0.016273342592552687,0.0020906823745359157,0.0020906823745359157,0.0016434054703990686,0.0016434054703990686,0.002111485336253711,0.002111485336253711,0.0019485243937295653,0.0019485243937295653,0.031326456663395987,0.031326456663395987,0.031420046333378325,0.031420046333378325,0.03233485711509204,0.03233485711509204,0.03169378670395545,0.03169378670395545,0.031326456663395987,0.031326456663395987,0.031420046333378325,0.031420046333378325,0.03233485711509204,0.03233485711509204,0.03169378670395545,0.03169378670395545,0.002097249999981917
delta_elevators,RandomForest,952,0.0011662909718192576,0.028698917492630326,0.028698917492630326,0.0019219829811797677,0.0019219829811797677,0.002437218680978209,0.002437218680978209,0.0019501204460682735,0.0019501204460682735,0.00210310736940875,0.00210310736940875,0.034051295241591624,0.034051295241591624,0.03899416360679756,0.03899416360679756,0.03487064268310052,0.03487064268310052,0.0359720338438299,0.0359720338438299,0.034051295241591624,0.034051295241591624,0.03899416360679756,0.03899416360679756,0.03487064268310052,0.03487064268310052,0.0359720338438299,0.0359720338438299,0.0020861113334831316
delta_elevators,XGBoost,952,0.00020807751953127272,0.013166452370370747,0.013166452370370747,0.001688731031037957,0.001688731031037957,0.001828461110075277,0.001828461110075277,0.0016745250742452981,0.0016745250742452981,0.0017305724051195107,0.0017305724051195107,0.031816823529817656,0.031816823529817656,0.03015792783755552,0.03015792783755552,0.031802674192173766,0.031802674192173766,0.031259141853182314,0.031259141853182314,0.031816823529817656,0.031816823529817656,0.03015792783755552,0.03015792783755552,0.031802674192173766,0.031802674192173766,0.031259141853182314,0.031259141853182314,0.002051861333408548
eeg-eye-state,CatBoost,1498,0.0006470860356479212,0.010574178733270599,0.010574178733270599,0.0013693018580803273,0.0013693018580803273,0.0017716181234693727,0.0017716181234693727,0.000662401629288392,0.000662401629288392,0.001267773870279364,0.001267773870279364,0.015216315131019072,0.015216315131019072,0.016699366783125676,0.016699366783125676,0.010227352566928844,0.010227352566928844,0.014047678160357865,0.014047678160357865,0.015216315131019072,0.015216315131019072,0.016699366783125676,0.016699366783125676,0.010227352566928844,0.010227352566928844,0.014047678160357865,0.014047678160357865,0.002208625000397054
eeg-eye-state,ExtraTrees,1498,0.025988050043628134,0.1408774455347409,0.1408774455347409,0.027551389055155265,0.027551389055155265,0.026764009579642194,0.026764009579642194,0.026209710483359728,0.026209710483359728,0.02684170303938573,0.02684170303938573,0.14513128643696294,0.14513128643696294,0.14022628460359682,0.14022628460359682,0.14098798430826917,0.14098798430826917,0.1421151851162763,0.1421151851162763,0.14513128643696294,0.14513128643696294,0.14022628460359682,0.14022628460359682,0.14098798430826917,0.14098798430826917,0.1421151851162763,0.1421151851162763,0.0023252223327290267
eeg-eye-state,LightGBM,1498,0.0003252814603870711,0.007621748294114375,0.007621748294114375,0.0015699103260782422,0.0015699103260782422,0.0014692544750509315,0.0014692544750509315,0.001688889013303299,0.001688889013303299,0.0015760179381441577,0.0015760179381441577,0.01284985350873128,0.01284985350873128,0.0127808638505888,0.0127808638505888,0.015624077627026495,0.015624077627026495,0.013751598328782193,0.013751598328782193,0.01284985350873128,0.01284985350873128,0.0127808638505888,0.0127808638505888,0.015624077627026495,0.015624077627026495,0.013751598328782193,0.013751598328782193,0.002234236333606532
eeg-eye-state,LinearModel,1498,0.001906843841220247,0.034798441667082375,0.034798441667082375,0.0023234251483497206,0.0023234251483497206,0.0027980110699296627,0.0027980110699296627,0.0019077156900799818,0.0019077156900799818,0.0023430506361197885,0.0023430506361197885,0.03730350058519148,0.03730350058519148,0.04281641312359164,0.04281641312359164,0.03285025916228243,0.03285025916228243,0.03765672429035519,0.03765672429035519,0.03730350058519148,0.03730350058519148,0.04281641312359164,0.04281641312359164,0.03285025916228243,0.03285025916228243,0.03765672429035519,0.03765672429035519,0.00240140266760136
eeg-eye-state,NeuralNetFastAI,1498,0.00014542071119450184,0.008729747439853074,0.008729747439853074,0.0021916136916020615,0.0021916136916020615,0.001383467902132079,0.001383467902132079,0.0012346991116669044,0.0012346991116669044,0.0016032602351336819,0.0016032602351336819,0.03575265692811501,0.03575265692811501,0.030604714481403696,0.030604714481403696,0.02646190017553102,0.02646190017553102,0.030939757195016574,0.030939757195016574,0.03575265692811501,0.03575265692811501,0.030604714481403696,0.030604714481403696,0.02646190017553102,0.02646190017553102,0.030939757195016574,0.030939757195016574,0.002389458333103297
eeg-eye-state,NeuralNetTorch,1498,0.00032580937256434893,0.00407839503036282,0.00407839503036282,0.00040549415528994936,0.00040549415528994936,0.0005326806214973561,0.0005326806214973561,0.001021615879554305,0.001021615879554305,0.0006532635521138702,0.0006532635521138702,0.00556557277758326,0.00556557277758326,0.007053273753283211,0.007053273753283211,0.007699784727890119,0.007699784727890119,0.006772877086252196,0.006772877086252196,0.00556557277758326,0.00556557277758326,0.007053273753283211,0.007053273753283211,0.007699784727890119,0.007699784727890119,0.006772877086252196,0.006772877086252196,0.002260222000283344
eeg-eye-state,RandomForest,1498,0.02405895088331239,0.1358734397884756,0.1358734397884756,0.028775951139555063,0.028775951139555063,0.0263111612064337,0.0263111612064337,0.024817320513315696,0.024817320513315696,0.026634810953101485,0.026634810953101485,0.14470182505322676,0.14470182505322676,0.1404472634887002,0.1404472634887002,0.1364552742364544,0.1364552742364544,0.1405347875927938,0.1405347875927938,0.14470182505322676,0.14470182505322676,0.1404472634887002,0.1404472634887002,0.1364552742364544,0.1364552742364544,0.1405347875927938,0.1405347875927938,0.0022675416657875758
eeg-eye-state,XGBoost,1498,0.0003079101549047496,0.00688104010978535,0.00688104010978535,0.0009821820420524952,0.0009821820420524952,0.0011785027035309222,0.0011785027035309222,0.001427925758807248,0.001427925758807248,0.0011962035014635552,0.0011962035014635552,0.012479966333644659,0.012479966333644659,0.014709657450485405,0.014709657450485405,0.014902406552639547,0.014902406552639547,0.014030676778923203,0.014030676778923203,0.012479966333644659,0.012479966333644659,0.014709657450485405,0.014709657450485405,0.014902406552639547,0.014902406552639547,0.014030676778923203,0.014030676778923203,0.002209972333124218
electricity,CatBoost,4532,0.00010843761911822794,0.004937411736887804,0.004937411736887804,0.0006239593341714728,0.0006239593341714728,0.0005463861321384264,0.0005463861321384264,0.00034010186927293216,0.00034010186927293216,0.0005034824451942771,0.0005034824451942771,0.011412082490776333,0.011412082490776333,0.010541185189710521,0.010541185189710521,0.009797920365288705,0.009797920365288705,0.010583729348591852,0.010583729348591852,0.011412082490776333,0.011412082490776333,0.010541185189710521,0.010541185189710521,0.009797920365288705,0.009797920365288705,0.010583729348591852,0.010583729348591852,0.0037659029997788216
electricity,ExtraTrees,4532,0.007086258880093106,0.06942670523509689,0.06942670523509689,0.008694609719228075,0.008694609719228075,0.008400961574918413,0.008400961574918413,0.0071190928547104305,0.0071190928547104305,0.00807155471628564,0.00807155471628564,0.07741835778635422,0.07741835778635422,0.07510389965382941,0.07510389965382941,0.06734012654749527,0.06734012654749527,0.0732874613292263,0.0732874613292263,0.07741835778635422,0.07741835778635422,0.07510389965382941,0.07510389965382941,0.06734012654749527,0.06734012654749527,0.0732874613292263,0.0732874613292263,0.004311722333416886
electricity,LightGBM,4532,0.00012710323371788613,0.005676105174072797,0.005676105174072797,0.000519094792323631,0.000519094792323631,0.0003049766057240083,0.0003049766057240083,0.00045559198216722595,0.00045559198216722595,0.0004265544600716218,0.0004265544600716218,0.011283993058555897,0.011283993058555897,0.0091804275383879,0.0091804275383879,0.010318768760332933,0.010318768760332933,0.010261063119092244,0.010261063119092244,0.011283993058555897,0.011283993058555897,0.0091804275383879,0.0091804275383879,0.010318768760332933,0.010318768760332933,0.010261063119092244,0.010261063119092244,0.003822305666593214
electricity,LinearModel,4532,0.0004035558214285251,0.017008395915046364,0.017008395915046364,0.001554687147179204,0.001554687147179204,0.0010821754505183669,0.0010821754505183669,0.0009831933278645437,0.0009831933278645437,0.0012066853085207047,0.0012066853085207047,0.03221310488610752,0.03221310488610752,0.02534648318951343,0.02534648318951343,0.025250673560409605,0.025250673560409605,0.02760342054534352,0.02760342054534352,0.03221310488610752,0.03221310488610752,0.02534648318951343,0.02534648318951343,0.025250673560409605,0.025250673560409605,0.02760342054534352,0.02760342054534352,0.004098944334449091
electricity,NeuralNetFastAI,4532,0.00033354277197180797,0.012777430792358987,0.012777430792358987,0.0011454996766753895,0.0011454996766753895,0.0010026460228764122,0.0010026460228764122,0.0007683392790486,0.0007683392790486,0.0009721616595334673,0.0009721616595334673,0.022090100559172276,0.022090100559172276,0.02223808215102093,0.02223808215102093,0.019910793188845463,0.019910793188845463,0.02141299196634622,0.02141299196634622,0.022090100559172276,0.022090100559172276,0.02223808215102093,0.02223808215102093,0.019910793188845463,0.019910793188845463,0.02141299196634622,0.02141299196634622,0.004088153000338934
electricity,NeuralNetTorch,4532,0.0002008343004878142,0.012690960519868476,0.012690960519868476,0.0008524793374193667,0.0008524793374193667,0.0010128093878389738,0.0010128093878389738,0.0009202636426272852,0.0009202636426272852,0.0009285174559618753,0.0009285174559618753,0.02100121482377786,0.02100121482377786,0.021656210250975458,0.021656210250975458,0.021004908334964094,0.021004908334964094,0.021220777803239138,0.021220777803239138,0.02100121482377786,0.02100121482377786,0.021656210250975458,0.021656210250975458,0.021004908334964094,0.021004908334964094,0.021220777803239138,0.021220777803239138,0.003841180667222943
electricity,RandomForest,4532,0.004441776453166886,0.0496580173616181,0.0496580173616181,0.00446505846028198,0.00446505846028198,0.004775724855906606,0.004775724855906606,0.004166842303614873,0.004166842303614873,0.0044692085399344866,0.0044692085399344866,0.0486893195290873,0.0486893195290873,0.049015001395129945,0.049015001395129945,0.04546646885317254,0.04546646885317254,0.04772359659246326,0.04772359659246326,0.0486893195290873,0.0486893195290873,0.049015001395129945,0.049015001395129945,0.04546646885317254,0.04546646885317254,0.04772359659246326,0.04772359659246326,0.0036583333336845194
electricity,XGBoost,4532,4.8861021365858896e-05,0.0031008525334646356,0.0031008525334646356,0.0004839667718369862,0.0004839667718369862,0.0005493293191447533,0.0005493293191447533,0.0006058891708153064,0.0006058891708153064,0.000546395087265682,0.000546395087265682,0.010679686050143942,0.010679686050143942,0.012359399546814136,0.012359399546814136,0.011421290736113145,0.011421290736113145,0.011486792111023741,0.011486792111023741,0.010679686050143942,0.010679686050143942,0.012359399546814136,0.012359399546814136,0.011421290736113145,0.011421290736113145,0.011486792111023741,0.011486792111023741,0.003657528000379292
fried,CatBoost,4077,0.001154454166467346,0.022346031385042747,0.022346031385042747,0.0019190866962407718,0.0019190866962407718,0.0019984017069655286,0.0019984017069655286,0.0017835452471645235,0.0017835452471645235,0.001900344550123608,0.001900344550123608,0.026834313514790688,0.026834313514790688,0.02742298297914463,0.02742298297914463,0.026712675523836153,0.026712675523836153,0.026989990672590492,0.026989990672590492,0.026834313514790688,0.026834313514790688,0.02742298297914463,0.02742298297914463,0.026712675523836153,0.026712675523836153,0.026989990672590492,0.026989990672590492,0.0033888053343010447
fried,ExtraTrees,4077,0.006903059541016786,0.06332892553083012,0.06332892553083012,0.008101369615190155,0.008101369615190155,0.0066829907809917485,0.0066829907809917485,0.007660448252289595,0.007660448252289595,0.007481602882823833,0.007481602882823833,0.06914234210090354,0.06914234210090354,0.06261521168301128,0.06261521168301128,0.06671245105307379,0.06671245105307379,0.0661566682789962,0.0661566682789962,0.06914234210090354,0.06914234210090354,0.06261521168301128,0.06261521168301128,0.06671245105307379,0.06671245105307379,0.0661566682789962,0.0661566682789962,0.0034055693322443403
fried,LightGBM,4077,0.00026798282706437396,0.010261553242490265,0.010261553242490265,0.0008474693984319455,0.0008474693984319455,0.0008751697951438264,0.0008751697951438264,0.0006890635568344493,0.0006890635568344493,0.0008039009168034071,0.0008039009168034071,0.01631819874287294,0.01631819874287294,0.01616903216406675,0.01616903216406675,0.014261001048656142,0.014261001048656142,0.015582743985198612,0.015582743985198612,0.01631819874287294,0.01631819874287294,0.01616903216406675,0.01616903216406675,0.014261001048656142,0.014261001048656142,0.015582743985198612,0.015582743985198612,0.003392666666816998
fried,LinearModel,4077,0.001254826499521398,0.029152005908696158,0.029152005908696158,0.0015984426754498799,0.0015984426754498799,0.0017844113984979862,0.0017844113984979862,0.0024370204323040383,0.0024370204323040383,0.0019399581687506347,0.0019399581687506347,0.032265176584127975,0.032265176584127975,0.030240771327008385,0.030240771327008385,0.03808918289885267,0.03808918289885267,0.033531710269996344,0.033531710269996344,0.032265176584127975,0.032265176584127975,0.030240771327008385,0.030240771327008385,0.03808918289885267,0.03808918289885267,0.033531710269996344,0.033531710269996344,0.003529749999870546
fried,NeuralNetFastAI,4077,0.00012129928235200947,0.007206099160809135,0.007206099160809135,0.0007068790415536948,0.0007068790415536948,0.000590731733856684,0.000590731733856684,0.0006365869420721659,0.0006365869420721659,0.0006447325724941816,0.0006447325724941816,0.014858074282879859,0.014858074282879859,0.013747057215839938,0.013747057215839938,0.013937749287509411,0.013937749287509411,0.014180960262076403,0.014180960262076403,0.014858074282879859,0.014858074282879859,0.013747057215839938,0.013747057215839938,0.013937749287509411,0.013937749287509411,0.014180960262076403,0.014180960262076403,0.003366472332951768
fried,NeuralNetTorch,4077,0.0007219724496050008,0.01778407569967757,0.01778407569967757,0.001688848562221852,0.001688848562221852,0.00133366750177238,0.00133366750177238,0.0015982765305644583,0.0015982765305644583,0.0015402641981862302,0.0015402641981862302,0.02325591218072044,0.02325591218072044,0.020954551633726923,0.020954551633726923,0.022976733898528477,0.022976733898528477,0.022395732570991946,0.022395732570991946,0.02325591218072044,0.02325591218072044,0.020954551633726923,0.020954551633726923,0.022976733898528477,0.022976733898528477,0.022395732570991946,0.022395732570991946,0.00344611099959972
fried,RandomForest,4077,0.0036032137281073865,0.04565656378096693,0.04565656378096693,0.004088201817260099,0.004088201817260099,0.003926031110629473,0.003926031110629473,0.004533426869494014,0.004533426869494014,0.004182553265794528,0.004182553265794528,0.046978169437350045,0.046978169437350045,0.046159035260553136,0.046159035260553136,0.04860715049790313,0.04860715049790313,0.0472481183986021,0.0472481183986021,0.046978169437350045,0.046978169437350045,0.046159035260553136,0.046159035260553136,0.04860715049790313,0.04860715049790313,0.0472481183986021,0.0472481183986021,0.0034173056677294276
fried,XGBoost,4077,0.0002778545380507471,0.010808944365157695,0.010808944365157695,0.0008290722934713417,0.0008290722934713417,0.001156444827241629,0.001156444827241629,0.0009806221266217398,0.0009806221266217398,0.0009887130824449036,0.0009887130824449036,0.016177315887136254,0.016177315887136254,0.018581844237554906,0.018581844237554906,0.01761229672433379,0.01761229672433379,0.017457152283008315,0.017457152283008315,0.016177315887136254,0.016177315887136254,0.018581844237554906,0.018581844237554906,0.01761229672433379,0.01761229672433379,0.017457152283008315,0.017457152283008315,0.003403916667593876
houses,CatBoost,2064,1.4204701228638996e-05,0.001192008610834639,0.001192008610834639,0.00036919797852917054,0.00036919797852917054,0.0002575857973779078,0.0002575857973779078,0.00047645000159908166,0.00047645000159908166,0.00036774459250205337,0.00036774459250205337,0.004657579928000751,0.004657579928000751,0.004210998027656254,0.004210998027656254,0.005269159701877155,0.005269159701877155,0.004712579219178053,0.004712579219178053,0.004657579928000751,0.004657579928000751,0.004210998027656254,0.004210998027656254,0.005269159701877155,0.005269159701877155,0.004712579219178053,0.004712579219178053,0.002443388667112837
houses,ExtraTrees,2064,0.00037951987919955944,0.007923446218264624,0.007923446218264624,0.000504520080186737,0.000504520080186737,0.0007513474297046272,0.0007513474297046272,0.0009475370949336659,0.0009475370949336659,0.0007344682016083435,0.0007344682016083435,0.007495410699456796,0.007495410699456796,0.010142447540136143,0.010142447540136143,0.009101371390497222,0.009101371390497222,0.008913076543363386,0.008913076543363386,0.007495410699456796,0.007495410699456796,0.010142447540136143,0.010142447540136143,0.009101371390497222,0.009101371390497222,0.008913076543363386,0.008913076543363386,0.0023353889991994947
houses,LightGBM,2064,1.3250593926179e-05,0.000957850827254587,0.000957850827254587,0.0005442891028622615,0.0005442891028622615,0.0002541503039724748,0.0002541503039724748,0.0006824911717358207,0.0006824911717358207,0.0004936435261901857,0.0004936435261901857,0.005410334301668291,0.005410334301668291,0.0042069809155222205,0.0042069809155222205,0.006145964230841097,0.006145964230841097,0.005254426482677203,0.005254426482677203,0.005410334301668291,0.005410334301668291,0.0042069809155222205,0.0042069809155222205,0.006145964230841097,0.006145964230841097,0.005254426482677203,0.005254426482677203,0.0024041666668684534
houses,LinearModel,2064,0.001905403901629658,0.018221830937356798,0.018221830937356798,0.0018764804006957154,0.0018764804006957154,0.0011348436779867763,0.0011348436779867763,0.0010638645988456869,0.0010638645988456869,0.001358396225842726,0.001358396225842726,0.01984275192664435,0.01984275192664435,0.013792049391697718,0.013792049391697718,0.014679968217464796,0.014679968217464796,0.01610492317860229,0.01610492317860229,0.01984275192664435,0.01984275192664435,0.013792049391697718,0.013792049391697718,0.014679968217464796,0.014679968217464796,0.01610492317860229,0.01610492317860229,0.002443486333504552
houses,NeuralNetFastAI,2064,5.755704362879802e-05,0.0019120419770464242,0.0019120419770464242,0.000596934890157766,0.000596934890157766,0.00026528683577391627,0.00026528683577391627,0.0005572792317524791,0.0005572792317524791,0.0004731669858947204,0.0004731669858947204,0.006386115610438652,0.006386115610438652,0.004711525396289677,0.004711525396289677,0.006184002789794758,0.006184002789794758,0.005760547932174362,0.005760547932174362,0.006386115610438652,0.006386115610438652,0.004711525396289677,0.004711525396289677,0.006184002789794758,0.006184002789794758,0.005760547932174362,0.005760547932174362,0.002377680666540982
houses,NeuralNetTorch,2064,0.000413800447970954,0.006170077965516859,0.006170077965516859,0.0009339670933728973,0.0009339670933728973,0.001072410728450355,0.001072410728450355,0.001441527388787442,0.001441527388787442,0.0011493017368702314,0.0011493017368702314,0.008829022583672212,0.008829022583672212,0.009513223754718594,0.009513223754718594,0.011015922962148867,0.011015922962148867,0.009786056433513225,0.009786056433513225,0.008829022583672212,0.008829022583672212,0.009513223754718594,0.009513223754718594,0.011015922962148867,0.011015922962148867,0.009786056433513225,0.009786056433513225,0.0024548470003840825
houses,RandomForest,2064,0.0002291509747290798,0.005750992408290283,0.005750992408290283,0.0009953643208777097,0.0009953643208777097,0.0007201351675288563,0.0007201351675288563,0.0013347586404641998,0.0013347586404641998,0.0010167527096235885,0.0010167527096235885,0.009403041181364183,0.009403041181364183,0.008053940983917911,0.008053940983917911,0.009849205054139698,0.009849205054139698,0.009102062406473932,0.009102062406473932,0.009403041181364183,0.009403041181364183,0.008053940983917911,0.008053940983917911,0.009849205054139698,0.009849205054139698,0.009102062406473932,0.009102062406473932,0.00237833333327823
houses,XGBoost,2064,1.4119616642225715e-05,0.001111732412486931,0.001111732412486931,0.0002637226291778226,0.0002637226291778226,0.0004349210816691866,0.0004349210816691866,0.0008235077350814778,0.0008235077350814778,0.0005073838153094957,0.0005073838153094957,0.004309175784255101,0.004309175784255101,0.0051868949924195615,0.0051868949924195615,0.007214804523180063,0.007214804523180063,0.005570291766618242,0.005570291766618242,0.004309175784255101,0.004309175784255101,0.0051868949924195615,0.0051868949924195615,0.007214804523180063,0.007214804523180063,0.005570291766618242,0.005570291766618242,0.0024090276662415513
jm1,CatBoost,1089,0.0004593651716264114,0.016492085288474602,0.016492085288474602,0.0018676753792992596,0.0018676753792992596,0.001855199491677656,0.001855199491677656,0.00124060856364463,0.00124060856364463,0.0016544944782071818,0.0016544944782071818,0.027630677424856937,0.027630677424856937,0.03229190997131076,0.03229190997131076,0.02797603244697265,0.02797603244697265,0.02929953994771345,0.02929953994771345,0.027630677424856937,0.027630677424856937,0.03229190997131076,0.03229190997131076,0.02797603244697265,0.02797603244697265,0.02929953994771345,0.02929953994771345,0.0020593056663832008
jm1,ExtraTrees,1089,0.0010491897673640903,0.02842682492911783,0.02842682492911783,0.0022420887002720263,0.0022420887002720263,0.002552130846789422,0.002552130846789422,0.0014849526212102832,0.0014849526212102832,0.002093057389423911,0.002093057389423911,0.03561408387704314,0.03561408387704314,0.03246340510976227,0.03246340510976227,0.029797638157204057,0.029797638157204057,0.03262504238133649,0.03262504238133649,0.03561408387704314,0.03561408387704314,0.03246340510976227,0.03246340510976227,0.029797638157204057,0.029797638157204057,0.03262504238133649,0.03262504238133649,0.0020751109999158266
jm1,LightGBM,1089,0.0002128138158242075,0.013651963000085728,0.013651963000085728,0.001459634558033762,0.001459634558033762,0.0019091950367079297,0.0019091950367079297,0.0013253340356424346,0.0013253340356424346,0.0015647212101280422,0.0015647212101280422,0.0253248565257794,0.0253248565257794,0.03097886611721506,0.03097886611721506,0.03039420884883432,0.03039420884883432,0.02889931049727626,0.02889931049727626,0.0253248565257794,0.0253248565257794,0.03097886611721506,0.03097886611721506,0.03039420884883432,0.03039420884883432,0.02889931049727626,0.02889931049727626,0.0020605556662000404
jm1,LinearModel,1089,0.0004755464473911734,0.01843881275491144,0.01843881275491144,0.002002679723372426,0.002002679723372426,0.00314353677421861,0.00314353677421861,0.001055823542471728,0.001055823542471728,0.0020673466800209214,0.0020673466800209214,0.03127244273516254,0.03127244273516254,0.03611253202109724,0.03611253202109724,0.02642194681021304,0.02642194681021304,0.03126897385549094,0.03126897385549094,0.03127244273516254,0.03127244273516254,0.03611253202109724,0.03611253202109724,0.02642194681021304,0.02642194681021304,0.03126897385549094,0.03126897385549094,0.002074639000056777
jm1,NeuralNetFastAI,1089,0.0008481313064926765,0.019026765100404797,0.019026765100404797,0.002291836263657985,0.002291836263657985,0.0014651737171967624,0.0014651737171967624,0.0013342200910829698,0.0013342200910829698,0.0016970766906459058,0.0016970766906459058,0.029042334906276463,0.029042334906276463,0.03069877185836205,0.03069877185836205,0.025678442275868754,0.025678442275868754,0.028473183013502424,0.028473183013502424,0.029042334906276463,0.029042334906276463,0.03069877185836205,0.03069877185836205,0.025678442275868754,0.025678442275868754,0.028473183013502424,0.028473183013502424,0.002040749999044541
jm1,NeuralNetTorch,1089,0.0005744025831623151,0.021173878675078694,0.021173878675078694,0.0024191477676371274,0.0024191477676371274,0.002855296668217498,0.002855296668217498,0.0009255194796500154,0.0009255194796500154,0.002066654638501547,0.002066654638501547,0.035602364609889255,0.035602364609889255,0.034656229677909024,0.034656229677909024,0.023922361750922477,0.023922361750922477,0.03139365201290692,0.03139365201290692,0.035602364609889255,0.035602364609889255,0.034656229677909024,0.034656229677909024,0.023922361750922477,0.023922361750922477,0.03139365201290692,0.03139365201290692,0.002060486333599935
jm1,RandomForest,1089,0.0009024565193582983,0.02430348862947116,0.02430348862947116,0.002730519997397207,0.002730519997397207,0.0015454522592189737,0.0015454522592189737,0.0012779665862160969,0.0012779665862160969,0.001851312947610759,0.001851312947610759,0.03879124085653226,0.03879124085653226,0.02463312597823259,0.02463312597823259,0.026524175304648193,0.026524175304648193,0.029982847379804348,0.029982847379804348,0.03879124085653226,0.03879124085653226,0.02463312597823259,0.02463312597823259,0.026524175304648193,0.026524175304648193,0.029982847379804348,0.029982847379804348,0.0020457639996796693
jm1,XGBoost,1089,0.00032598756892539385,0.015437645146655752,0.015437645146655752,0.001484896022303745,0.001484896022303745,0.0025067868465615964,0.0025067868465615964,0.0013091367246443114,0.0013091367246443114,0.0017669398645032176,0.0017669398645032176,0.027561331715820765,0.027561331715820765,0.03780032742860454,0.03780032742860454,0.02541868150279088,0.02541868150279088,0.03026011354907206,0.03026011354907206,0.027561331715820765,0.027561331715820765,0.03780032742860454,0.03780032742860454,0.02541868150279088,0.02541868150279088,0.03026011354907206,0.03026011354907206,0.0020450696671711435
kdd_internet_usage,CatBoost,1011,0.00011989314943202964,0.008030440630033128,0.008030440630033128,0.0013221766421881809,0.0013221766421881809,0.00171141105452064,0.00171141105452064,0.0019254565545343118,0.0019254565545343118,0.0016530147504143775,0.0016530147504143775,0.023101766362846467,0.023101766362846467,0.026323921529612486,0.026323921529612486,0.028715888552464684,0.028715888552464684,0.026047192148307877,0.026047192148307877,0.023101766362846467,0.023101766362846467,0.026323921529612486,0.026323921529612486,0.028715888552464684,0.028715888552464684,0.026047192148307877,0.026047192148307877,0.0019964863337615193
kdd_internet_usage,ExtraTrees,1011,0.002305234841809879,0.034895905272840685,0.034895905272840685,0.002686972088772261,0.002686972088772261,0.004936267772999097,0.004936267772999097,0.0068001976228939534,0.0068001976228939534,0.004807812494888437,0.004807812494888437,0.03359021379989391,0.03359021379989391,0.04182615494376003,0.04182615494376003,0.056363779948368546,0.056363779948368546,0.04392671623067416,0.04392671623067416,0.03359021379989391,0.03359021379989391,0.04182615494376003,0.04182615494376003,0.056363779948368546,0.056363779948368546,0.04392671623067416,0.04392671623067416,0.0019866526672558393
kdd_internet_usage,LightGBM,1011,0.00019709012292062653,0.011555293486926854,0.011555293486926854,0.0017353542725948475,0.0017353542725948475,0.001725965265090797,0.001725965265090797,0.0015927728141471136,0.0015927728141471136,0.0016846974506109192,0.0016846974506109192,0.023357907182944917,0.023357907182944917,0.026481302738904353,0.026481302738904353,0.026301559671129474,0.026301559671129474,0.025380256530992917,0.025380256530992917,0.023357907182944917,0.023357907182944917,0.026481302738904353,0.026481302738904353,0.026301559671129474,0.026301559671129474,0.025380256530992917,0.025380256530992917,0.0019762500002495167
kdd_internet_usage,LinearModel,1011,0.0005205022132861698,0.013718643449135908,0.013718643449135908,0.0006676689380807746,0.0006676689380807746,0.0020454675643698226,0.0020454675643698226,0.0018004000696327659,0.0018004000696327659,0.0015045121906944545,0.0015045121906944545,0.01696306647887857,0.01696306647887857,0.028994288014300016,0.028994288014300016,0.024896419424669913,0.024896419424669913,0.023617924639282833,0.023617924639282833,0.01696306647887857,0.01696306647887857,0.028994288014300016,0.028994288014300016,0.024896419424669913,0.024896419424669913,0.023617924639282833,0.023617924639282833,0.001994236333606144
kdd_internet_usage,NeuralNetFastAI,1011,0.0006063670016805417,0.013139750460642008,0.013139750460642008,0.0018417969712643408,0.0018417969712643408,0.002204940689453742,0.002204940689453742,0.0022328485817520146,0.0022328485817520146,0.002093195414156699,0.002093195414156699,0.02389801988021036,0.02389801988021036,0.02422675215541516,0.02422675215541516,0.025898098768394787,0.025898098768394787,0.02467429026800677,0.02467429026800677,0.02389801988021036,0.02389801988021036,0.02422675215541516,0.02422675215541516,0.025898098768394787,0.025898098768394787,0.02467429026800677,0.02467429026800677,0.001993708333126657
kdd_internet_usage,NeuralNetTorch,1011,0.0004818589126725466,0.01775397100298975,0.01775397100298975,0.0011393051615047134,0.0011393051615047134,0.0018201352587670294,0.0018201352587670294,0.0024127032302673017,0.0024127032302673017,0.0017907145501796812,0.0017907145501796812,0.023974574073512726,0.023974574073512726,0.029545153995545078,0.029545153995545078,0.03236553780001107,0.03236553780001107,0.02862842195635629,0.02862842195635629,0.023974574073512726,0.023974574073512726,0.029545153995545078,0.029545153995545078,0.03236553780001107,0.03236553780001107,0.02862842195635629,0.02862842195635629,0.002029347332912342
kdd_internet_usage,RandomForest,1011,0.0014103647049324539,0.026669656403356303,0.026669656403356303,0.0027152114342470276,0.0027152114342470276,0.002437949147978707,0.002437949147978707,0.003911109965144278,0.003911109965144278,0.0030214235157900045,0.0030214235157900045,0.03296438543566291,0.03296438543566291,0.030779935269617042,0.030779935269617042,0.04085339116880022,0.04085339116880022,0.034865903958026724,0.034865903958026724,0.03296438543566291,0.03296438543566291,0.030779935269617042,0.030779935269617042,0.04085339116880022,0.04085339116880022,0.034865903958026724,0.034865903958026724,0.0019915553336128746
kdd_internet_usage,XGBoost,1011,0.0002602774634580257,0.011638285660769415,0.011638285660769415,0.0014872007696319833,0.0014872007696319833,0.002113380187328373,0.002113380187328373,0.003718231041122633,0.003718231041122633,0.0024396039993609966,0.0024396039993609966,0.021927054771200143,0.021927054771200143,0.028000777649886673,0.028000777649886673,0.038738580193812475,0.038738580193812475,0.0295554708716331,0.0295554708716331,0.021927054771200143,0.021927054771200143,0.028000777649886673,0.028000777649886673,0.038738580193812475,0.038738580193812475,0.0295554708716331,0.0295554708716331,0.0020005833333319365
kick,CatBoost,7299,0.0003284324724235084,0.01568537063988908,0.01568537063988908,0.0005069594481888479,0.0005069594481888479,0.0006111495560434314,0.0006111495560434314,0.0004787143650534458,0.0004787143650534458,0.0005322744564285751,0.0005322744564285751,0.01679566903382254,0.01679566903382254,0.02071832600117204,0.02071832600117204,0.016541936821117275,0.016541936821117275,0.018018643952037287,0.018018643952037287,0.01679566903382254,0.01679566903382254,0.02071832600117204,0.02071832600117204,0.016541936821117275,0.016541936821117275,0.018018643952037287,0.018018643952037287,0.004934500000672415
kick,ExtraTrees,7299,0.0007693803283363651,0.022206391086151307,0.022206391086151307,0.0009308741654113436,0.0009308741654113436,0.0011391229645533742,0.0011391229645533742,0.0008537161765306473,0.0008537161765306473,0.0009745711021651218,0.0009745711021651218,0.02438556185997014,0.02438556185997014,0.027031517039841853,0.027031517039841853,0.020726640781814236,0.020726640781814236,0.024047906560542075,0.024047906560542075,0.02438556185997014,0.02438556185997014,0.027031517039841853,0.027031517039841853,0.020726640781814236,0.020726640781814236,0.024047906560542075,0.024047906560542075,0.004851430666652353
kick,LightGBM,7299,0.000758403691047608,0.0190159195066514,0.0190159195066514,0.0010932299449971034,0.0010932299449971034,0.0010512328680836144,0.0010512328680836144,0.0009121174310068917,0.0009121174310068917,0.0010188600813625366,0.0010188600813625366,0.020144824888147506,0.020144824888147506,0.023226467922567863,0.023226467922567863,0.020554405332580843,0.020554405332580843,0.021308566047765404,0.021308566047765404,0.020144824888147506,0.020144824888147506,0.023226467922567863,0.023226467922567863,0.020554405332580843,0.020554405332580843,0.021308566047765404,0.021308566047765404,0.004880986000595537
kick,LinearModel,7299,0.0005939979673438714,0.01760061161563192,0.01760061161563192,0.0007955795103815477,0.0007955795103815477,0.0009590837872195371,0.0009590837872195371,0.0008748802135721901,0.0008748802135721901,0.000876514503724425,0.000876514503724425,0.018237167468733592,0.018237167468733592,0.020780557454990627,0.020780557454990627,0.018004678198791375,0.018004678198791375,0.019007467707505197,0.019007467707505197,0.018237167468733592,0.018237167468733592,0.020780557454990627,0.020780557454990627,0.018004678198791375,0.018004678198791375,0.019007467707505197,0.019007467707505197,0.004940013666782761
kick,NeuralNetFastAI,7299,0.0005771733416787403,0.017684241476468614,0.017684241476468614,0.0007503027209989119,0.0007503027209989119,0.0006266083192047805,0.0006266083192047805,0.0007611698957550333,0.0007611698957550333,0.0007126936453195754,0.0007126936453195754,0.02028327810547874,0.02028327810547874,0.020218817399955527,0.020218817399955527,0.021115676562193247,0.021115676562193247,0.020539257355875837,0.020539257355875837,0.02028327810547874,0.02028327810547874,0.020218817399955527,0.020218817399955527,0.021115676562193247,0.021115676562193247,0.020539257355875837,0.020539257355875837,0.004907555667159613
kick,NeuralNetTorch,7299,0.00023458592068901205,0.013487245802634747,0.013487245802634747,0.0004834960453989295,0.0004834960453989295,0.0004826897577977684,0.0004826897577977684,0.000432344912783113,0.000432344912783113,0.0004661769053266036,0.0004661769053266036,0.0180121601035581,0.0180121601035581,0.01755453888548425,0.01755453888548425,0.017257611144865626,0.017257611144865626,0.017608103377969326,0.017608103377969326,0.0180121601035581,0.0180121601035581,0.01755453888548425,0.01755453888548425,0.017257611144865626,0.017257611144865626,0.017608103377969326,0.017608103377969326,0.005043930332855477
kick,RandomForest,7299,0.002828115379297646,0.03225391854775516,0.03225391854775516,0.0030858158894426493,0.0030858158894426493,0.003680847363859657,0.003680847363859657,0.0030509894731324755,0.0030509894731324755,0.003272550908811594,0.003272550908811594,0.03528325245640159,0.03528325245640159,0.038359856028180095,0.038359856028180095,0.03397158530882854,0.03397158530882854,0.03587156459780341,0.03587156459780341,0.03528325245640159,0.03528325245640159,0.038359856028180095,0.038359856028180095,0.03397158530882854,0.03397158530882854,0.03587156459780341,0.03587156459780341,0.004946902667143149
kick,XGBoost,7299,0.00046227426086040705,0.018060586153021627,0.018060586153021627,0.0008530186431839408,0.0008530186431839408,0.0006848383821870172,0.0006848383821870172,0.000721191989747668,0.000721191989747668,0.0007530163383728753,0.0007530163383728753,0.01971346977448222,0.01971346977448222,0.021264662400879337,0.021264662400879337,0.019406829169983767,0.019406829169983767,0.02012832044844844,0.02012832044844844,0.01971346977448222,0.01971346977448222,0.021264662400879337,0.021264662400879337,0.019406829169983767,0.019406829169983767,0.02012832044844844,0.02012832044844844,0.005019458333360187
mammography,CatBoost,1119,0.0003067871709737866,0.002987250300573251,0.002987250300573251,0.0007528927394348514,0.0007528927394348514,0.00028895012813991605,0.00028895012813991605,0.0018524811344229786,0.0018524811344229786,0.0009647746673325819,0.0009647746673325819,0.006616738700528615,0.006616738700528615,0.004328633753144054,0.004328633753144054,0.008202342263451748,0.008202342263451748,0.0063825715723748065,0.0063825715723748065,0.006616738700528615,0.006616738700528615,0.004328633753144054,0.004328633753144054,0.008202342263451748,0.008202342263451748,0.0063825715723748065,0.0063825715723748065,0.0020186943329463247
mammography,ExtraTrees,1119,0.0009083719555935277,0.00982183899564482,0.00982183899564482,0.0009525267849275181,0.0009525267849275181,0.0015390621083621436,0.0015390621083621436,0.0009450718528794601,0.0009450718528794601,0.001145553582056374,0.001145553582056374,0.011336664524483293,0.011336664524483293,0.012125551111176748,0.012125551111176748,0.00834758947361615,0.00834758947361615,0.01060326836975873,0.01060326836975873,0.011336664524483293,0.011336664524483293,0.012125551111176748,0.012125551111176748,0.00834758947361615,0.00834758947361615,0.01060326836975873,0.01060326836975873,0.002031819665717194
mammography,LightGBM,1119,0.00031100477806888605,0.004549416189807716,0.004549416189807716,0.0015778489227323482,0.0015778489227323482,0.0005190081785686283,0.0005190081785686283,0.0004909471203015386,0.0004909471203015386,0.0008626014072008383,0.0008626014072008383,0.007450388837248349,0.007450388837248349,0.006643438095648869,0.006643438095648869,0.005356978832707303,0.005356978832707303,0.006483601921868174,0.006483601921868174,0.007450388837248349,0.007450388837248349,0.006643438095648869,0.006643438095648869,0.005356978832707303,0.005356978832707303,0.006483601921868174,0.006483601921868174,0.002001638999596859
mammography,LinearModel,1119,0.00047097862035540007,0.0075422727862264815,0.0075422727862264815,0.00040229895130836383,0.00040229895130836383,0.0010713237100661301,0.0010713237100661301,0.0007140313387762777,0.0007140313387762777,0.0007292180000502572,0.0007292180000502572,0.0077375467349339935,0.0077375467349339935,0.010520271801136129,0.010520271801136129,0.0071704234053174476,0.0071704234053174476,0.00847608064712919,0.00847608064712919,0.0077375467349339935,0.0077375467349339935,0.010520271801136129,0.010520271801136129,0.0071704234053174476,0.0071704234053174476,0.00847608064712919,0.00847608064712919,0.002012972333128952
mammography,NeuralNetFastAI,1119,0.00021599745896071988,0.0038140064351425873,0.0038140064351425873,0.0008622834768060922,0.0008622834768060922,0.0008435129158533587,0.0008435129158533587,0.00040373084297796026,0.00040373084297796026,0.0007031757452124703,0.0007031757452124703,0.006999405559570942,0.006999405559570942,0.00666520911285632,0.00666520911285632,0.005750759717085688,0.005750759717085688,0.006471791463170983,0.006471791463170983,0.006999405559570942,0.006999405559570942,0.00666520911285632,0.00666520911285632,0.005750759717085688,0.005750759717085688,0.006471791463170983,0.006471791463170983,0.001995902667355646
mammography,NeuralNetTorch,1119,0.0002914973659975757,0.004787277400137917,0.004787277400137917,0.0007465614600394448,0.0007465614600394448,0.0013127854763671047,0.0013127854763671047,0.0005000050514884552,0.0005000050514884552,0.000853117329298335,0.000853117329298335,0.007876521300304041,0.007876521300304041,0.00931748087206154,0.00931748087206154,0.0060752883499056625,0.0060752883499056625,0.007756430174090414,0.007756430174090414,0.007876521300304041,0.007876521300304041,0.00931748087206154,0.00931748087206154,0.0060752883499056625,0.0060752883499056625,0.007756430174090414,0.007756430174090414,0.001995458333112765
mammography,RandomForest,1119,0.0009077515840056415,0.010416327105699756,0.010416327105699756,0.0008365976280944005,0.0008365976280944005,0.0010537287145759638,0.0010537287145759638,0.0015822913505812108,0.0015822913505812108,0.0011575392310838584,0.0011575392310838584,0.012134150893751222,0.012134150893751222,0.011079123008176737,0.011079123008176737,0.011543097265952262,0.011543097265952262,0.011585457055960072,0.011585457055960072,0.012134150893751222,0.012134150893751222,0.011079123008176737,0.011079123008176737,0.011543097265952262,0.011543097265952262,0.011585457055960072,0.011585457055960072,0.002008291667152662
mammography,XGBoost,1119,0.00038680258371852957,0.004986199969852342,0.004986199969852342,0.00150192623910428,0.00150192623910428,0.00029922173981536155,0.00029922173981536155,0.0015808949240454062,0.0015808949240454062,0.0011273476343216825,0.0011273476343216825,0.007490218437312892,0.007490218437312892,0.0051481512658623696,0.0051481512658623696,0.008323370019051611,0.008323370019051611,0.006987246574075624,0.006987246574075624,0.007490218437312892,0.007490218437312892,0.0051481512658623696,0.0051481512658623696,0.008323370019051611,0.008323370019051611,0.006987246574075624,0.006987246574075624,0.0020115969988789098
mc1,CatBoost,947,8.474567040156436e-05,0.001448690264707574,0.001448690264707574,0.00048008665025914656,0.00048008665025914656,0.001056597537828358,0.001056597537828358,0.00021402358568569513,0.00021402358568569513,0.0005835692579244,0.0005835692579244,0.0033567146610056376,0.0033567146610056376,0.007623709231933949,0.007623709231933949,0.0029791413594208783,0.0029791413594208783,0.004653188417453488,0.004653188417453488,0.0033567146610056376,0.0033567146610056376,0.007623709231933949,0.007623709231933949,0.0029791413594208783,0.0029791413594208783,0.004653188417453488,0.004653188417453488,0.001919111332730002
mc1,ExtraTrees,947,0.00010842411057971378,0.00240776792749526,0.00240776792749526,0.00031790686587364586,0.00031790686587364586,0.0005397604511099588,0.0005397604511099588,0.0007630532551711607,0.0007630532551711607,0.0005402401907182551,0.0005402401907182551,0.0039518563310230416,0.0039518563310230416,0.005143558220878737,0.005143558220878737,0.0060820386735712315,0.0060820386735712315,0.00505915107515767,0.00505915107515767,0.0039518563310230416,0.0039518563310230416,0.005143558220878737,0.005143558220878737,0.0060820386735712315,0.0060820386735712315,0.00505915107515767,0.00505915107515767,0.0019018749990209471
mc1,LightGBM,947,9.440718488325625e-05,0.002233540501656573,0.002233540501656573,0.00012459733766132766,0.00012459733766132766,0.0011444372206872266,0.0011444372206872266,0.00043722446974274405,0.00043722446974274405,0.0005687530093637661,0.0005687530093637661,0.002990737264774791,0.002990737264774791,0.007636653954315424,0.007636653954315424,0.0031229170774142953,0.0031229170774142953,0.004583436098834837,0.004583436098834837,0.002990737264774791,0.002990737264774791,0.007636653954315424,0.007636653954315424,0.0031229170774142953,0.0031229170774142953,0.004583436098834837,0.004583436098834837,0.0019455556672861956
mc1,LinearModel,947,0.00014638436646146276,0.0026338506459625682,0.0026338506459625682,0.0003343207735678212,0.0003343207735678212,0.0006543689574983346,0.0006543689574983346,0.0004902678182832603,0.0004902678182832603,0.0004929858497831388,0.0004929858497831388,0.003788291546879374,0.003788291546879374,0.005064719852832453,0.005064719852832453,0.0036877400616203543,0.0036877400616203543,0.0041802504871107276,0.0041802504871107276,0.003788291546879374,0.003788291546879374,0.005064719852832453,0.005064719852832453,0.0036877400616203543,0.0036877400616203543,0.0041802504871107276,0.0041802504871107276,0.0019245276659300241
mc1,NeuralNetFastAI,947,0.0002510707807121435,0.0026250846864085877,0.0026250846864085877,0.00038987022270106224,0.00038987022270106224,0.00093137389136479,0.00093137389136479,0.00038713521262746407,0.00038713521262746407,0.0005694597755644388,0.0005694597755644388,0.004424075400722124,0.004424075400722124,0.00660125428175039,0.00660125428175039,0.005192165760985494,0.005192165760985494,0.005405831814486003,0.005405831814486003,0.004424075400722124,0.004424075400722124,0.00660125428175039,0.00660125428175039,0.005192165760985494,0.005192165760985494,0.005405831814486003,0.005405831814486003,0.0019329999995534308
mc1,NeuralNetTorch,947,0.00010110961490308469,0.002626690070216347,0.002626690070216347,0.00034341050408491296,0.00034341050408491296,0.0006151688692227618,0.0006151688692227618,0.00024629962172588855,0.00024629962172588855,0.00040162633167785443,0.00040162633167785443,0.004555139065796268,0.004555139065796268,0.0065301315366329046,0.0065301315366329046,0.0047212064750408195,0.0047212064750408195,0.005268825692489998,0.005268825692489998,0.004555139065796268,0.004555139065796268,0.0065301315366329046,0.0065301315366329046,0.0047212064750408195,0.0047212064750408195,0.005268825692489998,0.005268825692489998,0.0019464306666729196
mc1,RandomForest,947,5.816639252468534e-05,0.002580967733421892,0.002580967733421892,0.000581128444862599,0.000581128444862599,0.0006030137911562113,0.0006030137911562113,0.00040375282373368316,0.00040375282373368316,0.0005292983532508311,0.0005292983532508311,0.0050308811635935095,0.0050308811635935095,0.004926727745117144,0.004926727745117144,0.0056305542854640026,0.0056305542854640026,0.005196054398058219,0.005196054398058219,0.0050308811635935095,0.0050308811635935095,0.004926727745117144,0.004926727745117144,0.0056305542854640026,0.0056305542854640026,0.005196054398058219,0.005196054398058219,0.0018908473333188642
mc1,XGBoost,947,6.719166348136656e-05,0.0017722229712900024,0.0017722229712900024,0.00021842691089856033,0.00021842691089856033,0.0006281279905498519,0.0006281279905498519,0.0006353343366408914,0.0006353343366408914,0.0004939630793631012,0.0004939630793631012,0.0032988167874115687,0.0032988167874115687,0.007010985948558436,0.007010985948558436,0.004632208897309918,0.004632208897309918,0.0049806705444266405,0.0049806705444266405,0.0032988167874115687,0.0032988167874115687,0.007010985948558436,0.007010985948558436,0.004632208897309918,0.004632208897309918,0.0049806705444266405,0.0049806705444266405,0.0019423196669473934
mozilla4,CatBoost,1555,0.00010475732649914228,0.004283992180305419,0.004283992180305419,0.0007011552559001545,0.0007011552559001545,0.00054412487457989,0.00054412487457989,0.000333683422036236,0.000333683422036236,0.0005263211841720934,0.0005263211841720934,0.012490526641459018,0.012490526641459018,0.01059698235582727,0.01059698235582727,0.009659042567393809,0.009659042567393809,0.010915517188226698,0.010915517188226698,0.012490526641459018,0.012490526641459018,0.01059698235582727,0.01059698235582727,0.009659042567393809,0.009659042567393809,0.010915517188226698,0.010915517188226698,0.002206847333582118
mozilla4,ExtraTrees,1555,0.0009227105781339121,0.019337496672612108,0.019337496672612108,0.001314640306155757,0.001314640306155757,0.0020804563251081982,0.0020804563251081982,0.0014932541537109234,0.0014932541537109234,0.001629450261658293,0.001629450261658293,0.019746009913744273,0.019746009913744273,0.022865718157801966,0.022865718157801966,0.022188575127225395,0.022188575127225395,0.021600101066257215,0.021600101066257215,0.019746009913744273,0.019746009913744273,0.022865718157801966,0.022865718157801966,0.022188575127225395,0.022188575127225395,0.021600101066257215,0.021600101066257215,0.002232138667750405
mozilla4,LightGBM,1555,0.000159472009788727,0.00936400598354699,0.00936400598354699,0.0006061886168370488,0.0006061886168370488,0.0011248515763676852,0.0011248515763676852,0.00077458531859526,0.00077458531859526,0.0008352085039333313,0.0008352085039333313,0.015453956218982634,0.015453956218982634,0.017499268216133713,0.017499268216133713,0.013046174632322135,0.013046174632322135,0.015333133022479494,0.015333133022479494,0.015453956218982634,0.015453956218982634,0.017499268216133713,0.017499268216133713,0.013046174632322135,0.013046174632322135,0.015333133022479494,0.015333133022479494,0.002261305333377095
mozilla4,LinearModel,1555,0.00220445800765884,0.015876230313230686,0.015876230313230686,0.001423496075617839,0.001423496075617839,0.0011282350843841292,0.0011282350843841292,0.0023876141353416174,0.0023876141353416174,0.0016464484317811952,0.0016464484317811952,0.018098928680099297,0.018098928680099297,0.017821154999104465,0.017821154999104465,0.021617684104334692,0.021617684104334692,0.01917925592784615,0.01917925592784615,0.018098928680099297,0.018098928680099297,0.017821154999104465,0.017821154999104465,0.021617684104334692,0.021617684104334692,0.01917925592784615,0.01917925592784615,0.002246305333149697
mozilla4,NeuralNetFastAI,1555,0.0010055261190156874,0.020562476577339065,0.020562476577339065,0.0020572195339785813,0.0020572195339785813,0.0029822016267679633,0.0029822016267679633,0.002022932039822449,0.002022932039822449,0.002354117733522998,0.002354117733522998,0.028484170823747067,0.028484170823747067,0.032609772972628015,0.032609772972628015,0.028015989488255417,0.028015989488255417,0.029703311094876835,0.029703311094876835,0.028484170823747067,0.028484170823747067,0.032609772972628015,0.032609772972628015,0.028015989488255417,0.028015989488255417,0.029703311094876835,0.029703311094876835,0.002244625000457745
mozilla4,NeuralNetTorch,1555,0.0007979974933060649,0.013448329768381714,0.013448329768381714,0.0016334276615468314,0.0016334276615468314,0.0010640256440008025,0.0010640256440008025,0.0007089956811553833,0.0007089956811553833,0.0011354829955676725,0.0011354829955676725,0.01899630259348716,0.01899630259348716,0.015276096217727271,0.015276096217727271,0.01260464933852449,0.01260464933852449,0.01562568271657964,0.01562568271657964,0.01899630259348716,0.01899630259348716,0.015276096217727271,0.015276096217727271,0.01260464933852449,0.01260464933852449,0.01562568271657964,0.01562568271657964,0.0022468886660741796
mozilla4,RandomForest,1555,0.0006578447157407265,0.014748294860964668,0.014748294860964668,0.0012427157395018184,0.0012427157395018184,0.0020994631506824207,0.0020994631506824207,0.0017124918632126732,0.0017124918632126732,0.001684890251132304,0.001684890251132304,0.01704319241777731,0.01704319241777731,0.018194551602529845,0.018194551602529845,0.021008426751534453,0.021008426751534453,0.018748723590613872,0.018748723590613872,0.01704319241777731,0.01704319241777731,0.018194551602529845,0.018194551602529845,0.021008426751534453,0.021008426751534453,0.018748723590613872,0.018748723590613872,0.0022201250006522364
mozilla4,XGBoost,1555,0.00013384213959910505,0.004527395625543843,0.004527395625543843,0.0006811364444984296,0.0006811364444984296,0.0007366772233954852,0.0007366772233954852,0.0006127495983440534,0.0006127495983440534,0.0006768544220793227,0.0006768544220793227,0.012066984844266002,0.012066984844266002,0.010890247925608694,0.010890247925608694,0.011607587506319187,0.011607587506319187,0.011521606758731295,0.011521606758731295,0.012066984844266002,0.012066984844266002,0.010890247925608694,0.010890247925608694,0.011607587506319187,0.011607587506319187,0.011521606758731295,0.011521606758731295,0.0022373613331486317
nomao,CatBoost,3447,0.00014470361669024728,0.003625955038653568,0.003625955038653568,0.0008364430184961593,0.0008364430184961593,0.0007143210074469204,0.0007143210074469204,0.0004495722410942145,0.0004495722410942145,0.0006667787556790981,0.0006667787556790981,0.008421220894925058,0.008421220894925058,0.007940770563401603,0.007940770563401603,0.006944902505278833,0.006944902505278833,0.0077689646545351645,0.0077689646545351645,0.008421220894925058,0.008421220894925058,0.007940770563401603,0.007940770563401603,0.006944902505278833,0.006944902505278833,0.0077689646545351645,0.0077689646545351645,0.0030500556664871206
nomao,ExtraTrees,3447,0.0017768789407561548,0.022720582999909377,0.022720582999909377,0.002481132267141918,0.002481132267141918,0.0026110082415376754,0.0026110082415376754,0.002154302492478863,0.002154302492478863,0.002415481000386152,0.002415481000386152,0.025488323041173846,0.025488323041173846,0.025224405183620575,0.025224405183620575,0.023553538668581914,0.023553538668581914,0.02475542229779211,0.02475542229779211,0.025488323041173846,0.025488323041173846,0.025224405183620575,0.025224405183620575,0.023553538668581914,0.023553538668581914,0.02475542229779211,0.02475542229779211,0.0029752500001147078
nomao,LightGBM,3447,2.7357595544002276e-05,0.002103834546971972,0.002103834546971972,0.0008682452500939554,0.0008682452500939554,0.0006942680906017258,0.0006942680906017258,0.0003327636762340218,0.0003327636762340218,0.0006317590056432344,0.0006317590056432344,0.008372346123944878,0.008372346123944878,0.008666184003411369,0.008666184003411369,0.005801137049023063,0.005801137049023063,0.007613222392126436,0.007613222392126436,0.008372346123944878,0.008372346123944878,0.008666184003411369,0.008666184003411369,0.005801137049023063,0.005801137049023063,0.007613222392126436,0.007613222392126436,0.003083291666068059
nomao,LinearModel,3447,7.56566533120852e-05,0.004612081453781588,0.004612081453781588,0.0006683170174177201,0.0006683170174177201,0.000833175568203763,0.000833175568203763,0.00041378572029105646,0.00041378572029105646,0.0006384261019708466,0.0006384261019708466,0.011904572159549638,0.011904572159549638,0.012309248662791912,0.012309248662791912,0.009192990503220394,0.009192990503220394,0.011135603775187316,0.011135603775187316,0.011904572159549638,0.011904572159549638,0.012309248662791912,0.012309248662791912,0.009192990503220394,0.009192990503220394,0.011135603775187316,0.011135603775187316,0.0031087220001306073
nomao,NeuralNetFastAI,3447,8.557584359431473e-05,0.004501180151485815,0.004501180151485815,0.0005931128456309428,0.0005931128456309428,0.00032005428842409766,0.00032005428842409766,0.00040443946855536983,0.00040443946855536983,0.00043920220087013674,0.00043920220087013674,0.008629089316000637,0.008629089316000637,0.007330778741147306,0.007330778741147306,0.00845565674585282,0.00845565674585282,0.00813850826766692,0.00813850826766692,0.008629089316000637,0.008629089316000637,0.007330778741147306,0.007330778741147306,0.00845565674585282,0.00845565674585282,0.00813850826766692,0.00813850826766692,0.003052666666917503
nomao,NeuralNetTorch,3447,9.360997247336185e-05,0.00656317371732796,0.00656317371732796,0.0006556489822715903,0.0006556489822715903,0.0004513575584627313,0.0004513575584627313,0.0005736247374832023,0.0005736247374832023,0.000560210426072508,0.000560210426072508,0.011377389275460153,0.011377389275460153,0.009850998921900585,0.009850998921900585,0.013069651087714301,0.013069651087714301,0.011432679761691681,0.011432679761691681,0.011377389275460153,0.011377389275460153,0.009850998921900585,0.009850998921900585,0.013069651087714301,0.013069651087714301,0.011432679761691681,0.011432679761691681,0.0030883610003608433
nomao,RandomForest,3447,0.00211467999050397,0.025183486880836287,0.025183486880836287,0.0030429822438312604,0.0030429822438312604,0.0020603792016325017,0.0020603792016325017,0.0022909082329535444,0.0022909082329535444,0.0024647565594724356,0.0024647565594724356,0.027945693849181025,0.027945693849181025,0.024282913305403556,0.024282913305403556,0.024653218098432142,0.024653218098432142,0.025627275084338905,0.025627275084338905,0.027945693849181025,0.027945693849181025,0.024282913305403556,0.024282913305403556,0.024653218098432142,0.024653218098432142,0.025627275084338905,0.025627275084338905,0.0029782776667464836
nomao,XGBoost,3447,9.556992200958155e-06,0.0014441128888325516,0.0014441128888325516,0.0007844571762634478,0.0007844571762634478,0.0003130619067871071,0.0003130619067871071,0.00028879284738618136,0.00028879284738618136,0.0004621039768122454,0.0004621039768122454,0.00824925457888163,0.00824925457888163,0.006108275487435813,0.006108275487435813,0.005439025020492306,0.005439025020492306,0.006598851695603249,0.006598851695603249,0.00824925457888163,0.00824925457888163,0.006108275487435813,0.006108275487435813,0.005439025020492306,0.005439025020492306,0.006598851695603249,0.006598851695603249,0.003052958333379744
numerai28_6,CatBoost,9632,0.00035483117713662227,0.011971280148927357,0.011971280148927357,0.0005532698138882498,0.0005532698138882498,0.0006949062367443508,0.0006949062367443508,0.000562056646305169,0.000562056646305169,0.0006034108989792566,0.0006034108989792566,0.013709440352763794,0.013709440352763794,0.018702050138555245,0.018702050138555245,0.014419278226280953,0.014419278226280953,0.015610256239199998,0.015610256239199998,0.013709440352763794,0.013709440352763794,0.018702050138555245,0.018702050138555245,0.014419278226280953,0.014419278226280953,0.015610256239199998,0.015610256239199998,0.006534708333977808
numerai28_6,ExtraTrees,9632,0.0001826482708778305,0.01051235737656537,0.01051235737656537,0.0002782711829270556,0.0002782711829270556,0.0004596029578020208,0.0004596029578020208,0.0002514038802148437,0.0002514038802148437,0.00032975934031463996,0.00032975934031463996,0.011120768365241701,0.011120768365241701,0.016057298989626215,0.016057298989626215,0.011138702959211612,0.011138702959211612,0.012772256771359842,0.012772256771359842,0.011120768365241701,0.011120768365241701,0.016057298989626215,0.016057298989626215,0.011138702959211612,0.011138702959211612,0.012772256771359842,0.012772256771359842,0.00643723599932855
numerai28_6,LightGBM,9632,0.0002515680942445501,0.011848843371823578,0.011848843371823578,0.0003665600495817354,0.0003665600495817354,0.0006745481961758205,0.0006745481961758205,0.00046574083159485,0.00046574083159485,0.0005022830257841353,0.0005022830257841353,0.01191572947220212,0.01191572947220212,0.018723631196050756,0.018723631196050756,0.015164994336963755,0.015164994336963755,0.01526811833507221,0.01526811833507221,0.01191572947220212,0.01191572947220212,0.018723631196050756,0.018723631196050756,0.015164994336963755,0.015164994336963755,0.01526811833507221,0.01526811833507221,0.006465083333750954
numerai28_6,LinearModel,9632,0.0002761142419707706,0.01254462680633975,0.01254462680633975,0.0003362198103653363,0.0003362198103653363,0.00046617015788720013,0.00046617015788720013,0.0004740604131611731,0.0004740604131611731,0.00042548346047123654,0.00042548346047123654,0.010426335605758558,0.010426335605758558,0.014550640708656781,0.014550640708656781,0.009222669501948373,0.009222669501948373,0.011399881938787904,0.011399881938787904,0.010426335605758558,0.010426335605758558,0.014550640708656781,0.014550640708656781,0.009222669501948373,0.009222669501948373,0.011399881938787904,0.011399881938787904,0.006472541666880716
numerai28_6,NeuralNetFastAI,9632,0.0002771364253259482,0.013133332572654633,0.013133332572654633,0.0003023783776250716,0.0003023783776250716,0.00045438875372437904,0.00045438875372437904,0.00021667738422406294,0.00021667738422406294,0.0003244815051911712,0.0003244815051911712,0.01193988766823239,0.01193988766823239,0.015125284158248193,0.015125284158248193,0.009899852379235295,0.009899852379235295,0.012321674735238626,0.012321674735238626,0.01193988766823239,0.01193988766823239,0.015125284158248193,0.015125284158248193,0.009899852379235295,0.009899852379235295,0.012321674735238626,0.012321674735238626,0.006498444333071045
numerai28_6,NeuralNetTorch,9632,0.0002644595391366567,0.012526102667284567,0.012526102667284567,0.0003335311919761341,0.0003335311919761341,0.000444832320175364,0.000444832320175364,0.00044537181557740207,0.00044537181557740207,0.00040791177590963337,0.00040791177590963337,0.012826317794937037,0.012826317794937037,0.01276434987774103,0.01276434987774103,0.013385309320924597,0.013385309320924597,0.012991992331200889,0.012991992331200889,0.012826317794937037,0.012826317794937037,0.01276434987774103,0.01276434987774103,0.013385309320924597,0.013385309320924597,0.012991992331200889,0.012991992331200889,0.006537125000856274
numerai28_6,RandomForest,9632,0.00012645464047984857,0.0071427804631400745,0.0071427804631400745,0.00015958466803033309,0.00015958466803033309,0.0002902367689861165,0.0002902367689861165,0.0001622576398469408,0.0001622576398469408,0.00020402635895446346,0.00020402635895446346,0.008142639708200759,0.008142639708200759,0.011819965544549931,0.011819965544549931,0.010000462048397005,0.010000462048397005,0.009987689100382564,0.009987689100382564,0.008142639708200759,0.008142639708200759,0.011819965544549931,0.011819965544549931,0.010000462048397005,0.010000462048397005,0.009987689100382564,0.009987689100382564,0.006468222333448163
numerai28_6,XGBoost,9632,0.0003256287364334502,0.01252303114377482,0.01252303114377482,0.0004292901883532944,0.0004292901883532944,0.0008258109797646453,0.0008258109797646453,0.0007010420316966662,0.0007010420316966662,0.0006520477332715353,0.0006520477332715353,0.014894534959630258,0.014894534959630258,0.022560292942775097,0.022560292942775097,0.015197113371751858,0.015197113371751858,0.01755064709138574,0.01755064709138574,0.014894534959630258,0.014894534959630258,0.022560292942775097,0.022560292942775097,0.015197113371751858,0.015197113371751858,0.01755064709138574,0.01755064709138574,0.006443750000471482
