dataset,model,test_size,true_brier,true_l1,true_l2,Isotonic-IS_brier_draw0,Isotonic-IS_brier_draw0_unclipped,Isotonic-IS_brier_draw1,Isotonic-IS_brier_draw1_unclipped,Isotonic-IS_brier_draw2,Isotonic-IS_brier_draw2_unclipped,Isotonic-IS_brier,Isotonic-IS_brier_unclipped,Isotonic-IS_l1_draw0,Isotonic-IS_l1_draw0_unclipped,Isotonic-IS_l1_draw1,Isotonic-IS_l1_draw1_unclipped,Isotonic-IS_l1_draw2,Isotonic-IS_l1_draw2_unclipped,Isotonic-IS_l1,Isotonic-IS_l1_unclipped,Isotonic-IS_l2_draw0,Isotonic-IS_l2_draw0_unclipped,Isotonic-IS_l2_draw1,Isotonic-IS_l2_draw1_unclipped,Isotonic-IS_l2_draw2,Isotonic-IS_l2_draw2_unclipped,Isotonic-IS_l2,Isotonic-IS_l2_unclipped,Isotonic-IS_time
2dplanes,CatBoost,4077,0.0010357467002906422,0.016759806470045092,0.016759806470045092,0.0017964373220683823,0.0017964373220683823,0.001887383129552739,0.001887383129552739,0.0015218086050118622,0.0015218086050118622,0.0017352096855443278,0.0017352096855443278,0.020873390307175627,0.020873390307175627,0.019787390288504066,0.019787390288504066,0.019394493514923998,0.019394493514923998,0.020018424703534564,0.020018424703534564,0.020873390307175627,0.020873390307175627,0.019787390288504066,0.019787390288504066,0.019394493514923998,0.019394493514923998,0.020018424703534564,0.020018424703534564,0.004557902999901368
2dplanes,ExtraTrees,4077,0.00060943821379165,0.013471089267672749,0.013471089267672749,0.001248452283661331,0.001248452283661331,0.0012800320047450112,0.0012800320047450112,0.0010510835010684677,0.0010510835010684677,0.00119318926315827,0.00119318926315827,0.02172742629289749,0.02172742629289749,0.017801831266988855,0.017801831266988855,0.01715039751466044,0.01715039751466044,0.01889321835818226,0.01889321835818226,0.02172742629289749,0.02172742629289749,0.017801831266988855,0.017801831266988855,0.01715039751466044,0.01715039751466044,0.01889321835818226,0.01889321835818226,0.0037403333335532807
2dplanes,LightGBM,4077,0.0006452912859289947,0.014063984582822505,0.014063984582822505,0.0015381758860443444,0.0015381758860443444,0.0012061247291854991,0.0012061247291854991,0.001253926549578965,0.001253926549578965,0.001332742388269603,0.001332742388269603,0.020237651847506276,0.020237651847506276,0.01732292638343406,0.01732292638343406,0.018567480436060064,0.018567480436060064,0.018709352889000132,0.018709352889000132,0.020237651847506276,0.020237651847506276,0.01732292638343406,0.01732292638343406,0.018567480436060064,0.018567480436060064,0.018709352889000132,0.018709352889000132,0.00353593066635464
2dplanes,LinearModel,4077,0.006020850286611491,0.05546835795935246,0.05546835795935246,0.003229220622866209,0.003229220622866209,0.0029455329565402193,0.0029455329565402193,0.0026674533253747317,0.0026674533253747317,0.00294740230159372,0.00294740230159372,0.04810233648091684,0.04810233648091684,0.04034433279966929,0.04034433279966929,0.044179214203476896,0.044179214203476896,0.044208627828021006,0.044208627828021006,0.04810233648091684,0.04810233648091684,0.04034433279966929,0.04034433279966929,0.044179214203476896,0.044179214203476896,0.044208627828021006,0.044208627828021006,0.0038148473322507925
2dplanes,NeuralNetFastAI,4077,0.0003691270459463433,0.010036207619855754,0.010036207619855754,0.0008399525200191115,0.0008399525200191115,0.001094793733019302,0.001094793733019302,0.001006580834864387,0.001006580834864387,0.0009804423626342668,0.0009804423626342668,0.015346752580198254,0.015346752580198254,0.016975302871917543,0.016975302871917543,0.015604713217155525,0.015604713217155525,0.015975589556423777,0.015975589556423777,0.015346752580198254,0.015346752580198254,0.016975302871917543,0.016975302871917543,0.015604713217155525,0.015604713217155525,0.015975589556423777,0.015975589556423777,0.0035551803339330945
2dplanes,NeuralNetTorch,4077,0.0003406932270880549,0.009938694772379074,0.009938694772379074,0.0014250630169076442,0.0014250630169076442,0.0008974557602474124,0.0008974557602474124,0.00141027795388852,0.00141027795388852,0.0012442655770145254,0.0012442655770145254,0.017226246655068743,0.017226246655068743,0.016849000639940367,0.016849000639940367,0.018332437056147226,0.018332437056147226,0.01746922811705211,0.01746922811705211,0.017226246655068743,0.017226246655068743,0.016849000639940367,0.016849000639940367,0.018332437056147226,0.018332437056147226,0.01746922811705211,0.01746922811705211,0.0035709026669792365
2dplanes,RandomForest,4077,0.000662710189717478,0.012572317079092885,0.012572317079092885,0.0012697264565379135,0.0012697264565379135,0.0013438774469179556,0.0013438774469179556,0.0013298757310738595,0.0013298757310738595,0.0013144932115099095,0.0013144932115099095,0.017665152320473856,0.017665152320473856,0.02131990497904897,0.02131990497904897,0.016055940970113754,0.016055940970113754,0.018346999423212194,0.018346999423212194,0.017665152320473856,0.017665152320473856,0.02131990497904897,0.02131990497904897,0.016055940970113754,0.016055940970113754,0.018346999423212194,0.018346999423212194,0.0035400556674479353
2dplanes,XGBoost,4077,0.0007391555875778144,0.013616694989012785,0.013616694989012785,0.0016530328877400313,0.0016530328877400313,0.0014364946706630283,0.0014364946706630283,0.0013279003653182456,0.0013279003653182456,0.0014724759745737687,0.0014724759745737687,0.01943136425810218,0.01943136425810218,0.020901069627528922,0.020901069627528922,0.01571620337163727,0.01571620337163727,0.018682879085756124,0.018682879085756124,0.01943136425810218,0.01943136425810218,0.020901069627528922,0.020901069627528922,0.01571620337163727,0.01571620337163727,0.018682879085756124,0.018682879085756124,0.00826343066728441
APSFailure,CatBoost,7600,0.00023072929039153674,0.0018584471185175446,0.0018584471185175446,0.0005903616251830698,0.0005903616251830698,0.0004236714381708202,0.0004236714381708202,0.0009002958438243832,0.0009002958438243832,0.000638109635726091,0.000638109635726091,0.0036280501654461037,0.0036280501654461037,0.0035154737961932514,0.0035154737961932514,0.004195142707273446,0.004195142707273446,0.003779555556304267,0.003779555556304267,0.0036280501654461037,0.0036280501654461037,0.0035154737961932514,0.0035154737961932514,0.004195142707273446,0.004195142707273446,0.003779555556304267,0.003779555556304267,0.007296028000079484
APSFailure,ExtraTrees,7600,0.0006226824370906533,0.0051914377608753915,0.0051914377608753915,0.0014628474004461439,0.0014628474004461439,0.0009147070387572417,0.0009147070387572417,0.0012389547962572511,0.0012389547962572511,0.0012055030784868788,0.0012055030784868788,0.007107107743820387,0.007107107743820387,0.006149455510885194,0.006149455510885194,0.006399006840248675,0.006399006840248675,0.006551856698318086,0.006551856698318086,0.007107107743820387,0.007107107743820387,0.006149455510885194,0.006149455510885194,0.006399006840248675,0.006399006840248675,0.006551856698318086,0.006551856698318086,0.004516888999205548
APSFailure,LightGBM,7600,0.00045686417862927437,0.0026085678974425864,0.0026085678974425864,0.0005040497364999951,0.0005040497364999951,0.0006305761916192599,0.0006305761916192599,0.0010530466502778272,0.0010530466502778272,0.0007292241927990274,0.0007292241927990274,0.0032378496968605854,0.0032378496968605854,0.003276707128518769,0.003276707128518769,0.004293972640188928,0.004293972640188928,0.0036028431551894274,0.0036028431551894274,0.0032378496968605854,0.0032378496968605854,0.003276707128518769,0.003276707128518769,0.004293972640188928,0.004293972640188928,0.0036028431551894274,0.0036028431551894274,0.004990472333399036
APSFailure,LinearModel,7600,0.0003803322741956466,0.0034943082985187082,0.0034943082985187082,0.0006640866573519771,0.0006640866573519771,0.0011636138605211714,0.0011636138605211714,0.0008889371112165218,0.0008889371112165218,0.0009055458763632235,0.0009055458763632235,0.004618033322587255,0.004618033322587255,0.005719072335070819,0.005719072335070819,0.004582945981593026,0.004582945981593026,0.004973350546417034,0.004973350546417034,0.004618033322587255,0.004618033322587255,0.005719072335070819,0.005719072335070819,0.004582945981593026,0.004582945981593026,0.004973350546417034,0.004973350546417034,0.005217055666435044
APSFailure,NeuralNetFastAI,7600,0.0005370516703016731,0.002903728571302389,0.002903728571302389,0.0008993533910162343,0.0008993533910162343,0.0008884765187926564,0.0008884765187926564,0.0007841683732840223,0.0007841683732840223,0.000857332761030971,0.000857332761030971,0.004670868293008329,0.004670868293008329,0.0046181818323635816,0.0046181818323635816,0.004048655855473092,0.004048655855473092,0.0044459019936150005,0.0044459019936150005,0.004670868293008329,0.004670868293008329,0.0046181818323635816,0.0046181818323635816,0.004048655855473092,0.004048655855473092,0.0044459019936150005,0.0044459019936150005,0.0048752639995655045
APSFailure,NeuralNetTorch,7600,0.0003528082933513664,0.0026576990019937415,0.0026576990019937415,0.0008313264322532913,0.0008313264322532913,0.0009023820257854206,0.0009023820257854206,0.00081912656893727,0.00081912656893727,0.000850945008991994,0.000850945008991994,0.004933884043211707,0.004933884043211707,0.005104158543678846,0.005104158543678846,0.005417481089061527,0.005417481089061527,0.00515184122531736,0.00515184122531736,0.004933884043211707,0.004933884043211707,0.005104158543678846,0.005104158543678846,0.005417481089061527,0.005417481089061527,0.00515184122531736,0.00515184122531736,0.004839013666545118
APSFailure,RandomForest,7600,0.0007705903281132056,0.0069554844467050935,0.0069554844467050935,0.0013796502056848227,0.0013796502056848227,0.0010661568026858056,0.0010661568026858056,0.0013900974746491649,0.0013900974746491649,0.0012786348276732644,0.0012786348276732644,0.007964912292510761,0.007964912292510761,0.007025438584203489,0.007025438584203489,0.008913157888455316,0.008913157888455316,0.007967836255056522,0.007967836255056522,0.007964912292510761,0.007964912292510761,0.007025438584203489,0.007025438584203489,0.008913157888455316,0.008913157888455316,0.007967836255056522,0.007967836255056522,0.004690903000058218
APSFailure,XGBoost,7600,0.0004522037960324727,0.00276524990062937,0.00276524990062937,0.0006126908484164873,0.0006126908484164873,0.0005151397270152482,0.0005151397270152482,0.000914640702529674,0.000914640702529674,0.0006808237593204699,0.0006808237593204699,0.003705377731241338,0.003705377731241338,0.003338630483315348,0.003338630483315348,0.004146547540882526,0.004146547540882526,0.003730185251813071,0.003730185251813071,0.003705377731241338,0.003705377731241338,0.003338630483315348,0.003338630483315348,0.004146547540882526,0.004146547540882526,0.003730185251813071,0.003730185251813071,0.004874861000037829
Amazon_employee_access,CatBoost,3277,6.587767880525423e-05,0.007047274838570309,0.007047274838570309,0.001337127870139367,0.001337127870139367,0.001356558262450874,0.001356558262450874,0.0013603786290281774,0.0013603786290281774,0.001351354920539473,0.001351354920539473,0.021593204438277124,0.021593204438277124,0.01773012954563239,0.01773012954563239,0.018472631435487778,0.018472631435487778,0.01926532180646576,0.01926532180646576,0.021593204438277124,0.021593204438277124,0.01773012954563239,0.01773012954563239,0.018472631435487778,0.018472631435487778,0.01926532180646576,0.01926532180646576,0.003274069333807953
Amazon_employee_access,ExtraTrees,3277,0.0011848128098959204,0.021936008014946693,0.021936008014946693,0.002925746118930302,0.002925746118930302,0.0033421313262182906,0.0033421313262182906,0.002637892836542997,0.002637892836542997,0.002968590093897197,0.002968590093897197,0.0276785291683612,0.0276785291683612,0.029517905369996662,0.029517905369996662,0.029479835845182174,0.029479835845182174,0.028892090127846676,0.028892090127846676,0.0276785291683612,0.0276785291683612,0.029517905369996662,0.029517905369996662,0.029479835845182174,0.029479835845182174,0.028892090127846676,0.028892090127846676,0.003275624999029484
Amazon_employee_access,LightGBM,3277,0.00011584613744030146,0.006122729817486624,0.006122729817486624,0.0014564859544556636,0.0014564859544556636,0.000871312785221213,0.000871312785221213,0.00180890024073821,0.00180890024073821,0.001378899660138362,0.001378899660138362,0.01994130904577402,0.01994130904577402,0.01757178516523628,0.01757178516523628,0.019277989661999145,0.019277989661999145,0.01893036129100315,0.01893036129100315,0.01994130904577402,0.01994130904577402,0.01757178516523628,0.01757178516523628,0.019277989661999145,0.019277989661999145,0.01893036129100315,0.01893036129100315,0.0033617776668203683
Amazon_employee_access,LinearModel,3277,0.000577567983805529,0.015529851627251633,0.015529851627251633,0.0026549488266867515,0.0026549488266867515,0.002605342617419048,0.002605342617419048,0.002357993195859388,0.002357993195859388,0.002539428213321729,0.002539428213321729,0.02190776499199147,0.02190776499199147,0.02496841846577889,0.02496841846577889,0.024257864201709122,0.024257864201709122,0.023711349219826497,0.023711349219826497,0.02190776499199147,0.02190776499199147,0.02496841846577889,0.02496841846577889,0.024257864201709122,0.024257864201709122,0.023711349219826497,0.023711349219826497,0.003170805333259826
Amazon_employee_access,NeuralNetFastAI,3277,0.0003750018116364677,0.009594039574861163,0.009594039574861163,0.0013088291211087381,0.0013088291211087381,0.001755884277586797,0.001755884277586797,0.0026736811329088825,0.0026736811329088825,0.0019127981772014725,0.0019127981772014725,0.018067334755586712,0.018067334755586712,0.016846570470800914,0.016846570470800914,0.019117521760410604,0.019117521760410604,0.018010475662266077,0.018010475662266077,0.018067334755586712,0.018067334755586712,0.016846570470800914,0.016846570470800914,0.019117521760410604,0.019117521760410604,0.018010475662266077,0.018010475662266077,0.0032126666665135417
Amazon_employee_access,NeuralNetTorch,3277,0.001192830126488589,0.0172959970043751,0.0172959970043751,0.0018638551334925764,0.0018638551334925764,0.001951146684122876,0.001951146684122876,0.001913822958811438,0.001913822958811438,0.0019096082588089633,0.0019096082588089633,0.019483442486769403,0.019483442486769403,0.024053845844473967,0.024053845844473967,0.022762591664406234,0.022762591664406234,0.02209995999854987,0.02209995999854987,0.019483442486769403,0.019483442486769403,0.024053845844473967,0.024053845844473967,0.022762591664406234,0.022762591664406234,0.02209995999854987,0.02209995999854987,0.0035668193328698785
Amazon_employee_access,RandomForest,3277,0.0010407990874690906,0.019401031244190358,0.019401031244190358,0.0024530231495025544,0.0024530231495025544,0.0029141220551400842,0.0029141220551400842,0.0021590232043467786,0.0021590232043467786,0.0025087228029964724,0.0025087228029964724,0.02537620240844602,0.02537620240844602,0.026522241485057024,0.026522241485057024,0.02628266726338285,0.02628266726338285,0.02606037038562863,0.02606037038562863,0.02537620240844602,0.02537620240844602,0.026522241485057024,0.026522241485057024,0.02628266726338285,0.02628266726338285,0.02606037038562863,0.02606037038562863,0.0034964723333056704
Amazon_employee_access,XGBoost,3277,6.127144786686918e-05,0.006959118745905035,0.006959118745905035,0.0014135823708326738,0.0014135823708326738,0.0016166995736816613,0.0016166995736816613,0.0014714964925310553,0.0014714964925310553,0.0015005928123484633,0.0015005928123484633,0.02016966570217616,0.02016966570217616,0.01771593360451434,0.01771593360451434,0.017223691492181455,0.017223691492181455,0.018369763599623983,0.018369763599623983,0.02016966570217616,0.02016966570217616,0.01771593360451434,0.01771593360451434,0.017223691492181455,0.017223691492181455,0.018369763599623983,0.018369763599623983,0.0033257640000859587
Click_prediction_small,CatBoost,3995,0.00038633628898235186,0.01768859708588454,0.01768859708588454,0.0018437137908012596,0.0018437137908012596,0.0016546911058767622,0.0016546911058767622,0.0014258987343641566,0.0014258987343641566,0.001641434543680726,0.001641434543680726,0.03407864548902357,0.03407864548902357,0.033373234628143726,0.033373234628143726,0.030562377226969067,0.030562377226969067,0.03267141911471212,0.03267141911471212,0.03407864548902357,0.03407864548902357,0.033373234628143726,0.033373234628143726,0.030562377226969067,0.030562377226969067,0.03267141911471212,0.03267141911471212,0.0035368333337828517
Click_prediction_small,ExtraTrees,3995,0.0008215564260373532,0.023610837407146718,0.023610837407146718,0.0023394588320708475,0.0023394588320708475,0.0027052582567018125,0.0027052582567018125,0.002289888639977298,0.002289888639977298,0.002444868576249986,0.002444868576249986,0.03700587467106295,0.03700587467106295,0.034445053149534575,0.034445053149534575,0.035043458631075684,0.035043458631075684,0.03549812881722441,0.03549812881722441,0.03700587467106295,0.03700587467106295,0.034445053149534575,0.034445053149534575,0.035043458631075684,0.035043458631075684,0.03549812881722441,0.03549812881722441,0.0036276943331661946
Click_prediction_small,LightGBM,3995,0.0004458847215889114,0.01815457796381882,0.01815457796381882,0.0025009281165225745,0.0025009281165225745,0.0022757719360453448,0.0022757719360453448,0.0015983333022787105,0.0015983333022787105,0.0021250111182822095,0.0021250111182822095,0.04015484608870666,0.04015484608870666,0.03157813166686624,0.03157813166686624,0.028084368548368818,0.028084368548368818,0.03327244876798057,0.03327244876798057,0.04015484608870666,0.04015484608870666,0.03157813166686624,0.03157813166686624,0.028084368548368818,0.028084368548368818,0.03327244876798057,0.03327244876798057,0.0036186666669285237
Click_prediction_small,LinearModel,3995,0.003433357252839177,0.038138102764381475,0.038138102764381475,0.004576964225390966,0.004576964225390966,0.003938780689986517,0.003938780689986517,0.0030610080802582367,0.0030610080802582367,0.0038589176652119063,0.0038589176652119063,0.04395696728365573,0.04395696728365573,0.040129874966390554,0.040129874966390554,0.038428764498311195,0.038428764498311195,0.04083853558278583,0.04083853558278583,0.04395696728365573,0.04395696728365573,0.040129874966390554,0.040129874966390554,0.038428764498311195,0.038428764498311195,0.04083853558278583,0.04083853558278583,0.003949847334297374
Click_prediction_small,NeuralNetFastAI,3995,0.0006152494557119272,0.02168230629401941,0.02168230629401941,0.0024726600595102225,0.0024726600595102225,0.00153640450288682,0.00153640450288682,0.0015084474742807783,0.0015084474742807783,0.001839170678892607,0.001839170678892607,0.03463782479879312,0.03463782479879312,0.02999434075324105,0.02999434075324105,0.03892489356654364,0.03892489356654364,0.03451901970619261,0.03451901970619261,0.03463782479879312,0.03463782479879312,0.02999434075324105,0.02999434075324105,0.03892489356654364,0.03892489356654364,0.03451901970619261,0.03451901970619261,0.003649055666755885
Click_prediction_small,NeuralNetTorch,3995,0.000906484864703196,0.025087184047802014,0.025087184047802014,0.0024176778577747397,0.0024176778577747397,0.0019669204205458903,0.0019669204205458903,0.0018597905625530719,0.0018597905625530719,0.0020814629469579006,0.0020814629469579006,0.03754967330892026,0.03754967330892026,0.033018141714925967,0.033018141714925967,0.03269276567944588,0.03269276567944588,0.03442019356776404,0.03442019356776404,0.03754967330892026,0.03754967330892026,0.033018141714925967,0.033018141714925967,0.03269276567944588,0.03269276567944588,0.03442019356776404,0.03442019356776404,0.0035844859994540457
Click_prediction_small,RandomForest,3995,0.0011413213978873715,0.02535429986824517,0.02535429986824517,0.0029963391888882343,0.0029963391888882343,0.0036810227380648826,0.0036810227380648826,0.0019245238180083685,0.0019245238180083685,0.002867295248320495,0.002867295248320495,0.03803290797782,0.03803290797782,0.04247222925469749,0.04247222925469749,0.028170084919876947,0.028170084919876947,0.036225074050798146,0.036225074050798146,0.03803290797782,0.03803290797782,0.04247222925469749,0.04247222925469749,0.028170084919876947,0.028170084919876947,0.036225074050798146,0.036225074050798146,0.0037321803332209433
Click_prediction_small,XGBoost,3995,0.00047790328474461684,0.018971117007725632,0.018971117007725632,0.0020320151738387696,0.0020320151738387696,0.0017520659265086705,0.0017520659265086705,0.001679046314257406,0.001679046314257406,0.0018210424715349486,0.0018210424715349486,0.03485609910218337,0.03485609910218337,0.0317048101957237,0.0317048101957237,0.03160742348516348,0.03160742348516348,0.03272277759435685,0.03272277759435685,0.03485609910218337,0.03485609910218337,0.0317048101957237,0.0317048101957237,0.03160742348516348,0.03160742348516348,0.03272277759435685,0.03272277759435685,0.003673472333806179
PhishingWebsites,CatBoost,1106,0.00011501653449411958,0.003910267557744939,0.003910267557744939,0.0017021870049585073,0.0017021870049585073,0.0025074525559120294,0.0025074525559120294,0.0028259797833519187,0.0028259797833519187,0.002345206448074152,0.002345206448074152,0.016406943987733826,0.016406943987733826,0.014587073406513279,0.014587073406513279,0.015553346786070883,0.015553346786070883,0.015515788060105997,0.015515788060105997,0.016406943987733826,0.016406943987733826,0.014587073406513279,0.014587073406513279,0.015553346786070883,0.015553346786070883,0.015515788060105997,0.015515788060105997,0.0021658196662125797
PhishingWebsites,ExtraTrees,1106,0.0066681586143801565,0.05625384704162044,0.05625384704162044,0.00775231526645526,0.00775231526645526,0.008927187805284892,0.008927187805284892,0.009460492940838758,0.009460492940838758,0.008713332004192971,0.008713332004192971,0.05835866478301675,0.05835866478301675,0.062223841254637285,0.062223841254637285,0.06468485775612089,0.06468485775612089,0.061755787931258306,0.061755787931258306,0.05835866478301675,0.05835866478301675,0.062223841254637285,0.062223841254637285,0.06468485775612089,0.06468485775612089,0.061755787931258306,0.061755787931258306,0.002089916666591307
PhishingWebsites,LightGBM,1106,9.452185636811948e-05,0.0038107923112926127,0.0038107923112926127,0.002372153660180358,0.002372153660180358,0.0025090496684048707,0.0025090496684048707,0.0025031251235215516,0.0025031251235215516,0.0024614428173689268,0.0024614428173689268,0.015928294015555178,0.015928294015555178,0.017491471912626285,0.017491471912626285,0.014937806771137136,0.014937806771137136,0.01611919089977287,0.01611919089977287,0.015928294015555178,0.015928294015555178,0.017491471912626285,0.017491471912626285,0.014937806771137136,0.014937806771137136,0.01611919089977287,0.01611919089977287,0.0022237223335347758
PhishingWebsites,LinearModel,1106,0.00021872736660312296,0.00902476140604523,0.00902476140604523,0.0021972697348806537,0.0021972697348806537,0.0029160998904865097,0.0029160998904865097,0.003782815757709648,0.003782815757709648,0.002965395127692271,0.002965395127692271,0.028681695835804922,0.028681695835804922,0.025930004205560044,0.025930004205560044,0.02808262801594271,0.02808262801594271,0.027564776019102556,0.027564776019102556,0.028681695835804922,0.028681695835804922,0.025930004205560044,0.025930004205560044,0.02808262801594271,0.02808262801594271,0.027564776019102556,0.027564776019102556,0.0020854723334196024
PhishingWebsites,NeuralNetFastAI,1106,4.744237505240245e-05,0.003141969719634052,0.003141969719634052,0.00211463060385853,0.00211463060385853,0.0028860663842385265,0.0028860663842385265,0.001744813325973642,0.001744813325973642,0.002248503438023566,0.002248503438023566,0.01761407910307501,0.01761407910307501,0.019226943662209027,0.019226943662209027,0.013904726741716701,0.013904726741716701,0.016915249835666914,0.016915249835666914,0.01761407910307501,0.01761407910307501,0.019226943662209027,0.019226943662209027,0.013904726741716701,0.013904726741716701,0.016915249835666914,0.016915249835666914,0.0021079999993768674
PhishingWebsites,NeuralNetTorch,1106,0.00011321565322257829,0.004358799474228134,0.004358799474228134,0.0014687269024538678,0.0014687269024538678,0.002175846468249943,0.002175846468249943,0.0023939591510108585,0.0023939591510108585,0.00201284417390489,0.00201284417390489,0.015227024626943596,0.015227024626943596,0.014838115238825606,0.014838115238825606,0.014488222441186561,0.014488222441186561,0.014851120768985255,0.014851120768985255,0.015227024626943596,0.015227024626943596,0.014838115238825606,0.014838115238825606,0.014488222441186561,0.014488222441186561,0.014851120768985255,0.014851120768985255,0.0020646249989416296
PhishingWebsites,RandomForest,1106,0.005133421861791541,0.04618638428999584,0.04618638428999584,0.006146129040057245,0.006146129040057245,0.006968945660481713,0.006968945660481713,0.006827651531427844,0.006827651531427844,0.0066475754106556,0.0066475754106556,0.049143064072327526,0.049143064072327526,0.05258574762421243,0.05258574762421243,0.0492063574685685,0.0492063574685685,0.05031172305503615,0.05031172305503615,0.049143064072327526,0.049143064072327526,0.05258574762421243,0.05258574762421243,0.0492063574685685,0.0492063574685685,0.05031172305503615,0.05031172305503615,0.002133611333799005
PhishingWebsites,XGBoost,1106,8.611671452407753e-05,0.0031778621042838112,0.0031778621042838112,0.0020056218741185032,0.0020056218741185032,0.0028678007641041977,0.0028678007641041977,0.0024508774571169404,0.0024508774571169404,0.0024414333651132138,0.0024414333651132138,0.018825502521083635,0.018825502521083635,0.015939263076782215,0.015939263076782215,0.015002131055097132,0.015002131055097132,0.01658896555098766,0.01658896555098766,0.018825502521083635,0.018825502521083635,0.015939263076782215,0.015939263076782215,0.015002131055097132,0.015002131055097132,0.01658896555098766,0.01658896555098766,0.0021508750008554975
Run_or_walk_information,CatBoost,8859,0.00010483370935025374,0.001972443140557718,0.001972443140557718,0.0003373905904466601,0.0003373905904466601,0.00034754827976654596,0.00034754827976654596,0.00030509259331164203,0.00030509259331164203,0.00033001048784161605,0.00033001048784161605,0.003988887788496436,0.003988887788496436,0.0038926041248948883,0.0038926041248948883,0.0032635206648765416,0.0032635206648765416,0.003715004192755955,0.003715004192755955,0.003988887788496436,0.003988887788496436,0.0038926041248948883,0.0038926041248948883,0.0032635206648765416,0.0032635206648765416,0.003715004192755955,0.003715004192755955,0.005751250000078774
Run_or_walk_information,ExtraTrees,8859,0.002147695508629922,0.02022570610150847,0.02022570610150847,0.0023787215713751216,0.0023787215713751216,0.00238035148090494,0.00238035148090494,0.0027183295895446473,0.0027183295895446473,0.002492467547274903,0.002492467547274903,0.01973849419779417,0.01973849419779417,0.02019753817528594,0.02019753817528594,0.020679909711213133,0.020679909711213133,0.020205314028097745,0.020205314028097745,0.01973849419779417,0.01973849419779417,0.02019753817528594,0.02019753817528594,0.020679909711213133,0.020679909711213133,0.020205314028097745,0.020205314028097745,0.005474291666663096
Run_or_walk_information,LightGBM,8859,0.00010954628564335039,0.0022700646441504158,0.0022700646441504158,0.0003288416266259196,0.0003288416266259196,0.00044039087123329707,0.00044039087123329707,0.0004962634545538807,0.0004962634545538807,0.00042183198413769913,0.00042183198413769913,0.0040694864681228215,0.0040694864681228215,0.003658572519116151,0.003658572519116151,0.004097664243171595,0.004097664243171595,0.003941907743470189,0.003941907743470189,0.0040694864681228215,0.0040694864681228215,0.003658572519116151,0.003658572519116151,0.004097664243171595,0.004097664243171595,0.003941907743470189,0.003941907743470189,0.006065264001032726
Run_or_walk_information,LinearModel,8859,0.046580505774797464,0.15507859029528043,0.15507859029528043,0.03260242947650715,0.03260242947650715,0.03412389936479181,0.03412389936479181,0.034455075519468754,0.034455075519468754,0.03372713478692257,0.03372713478692257,0.1310087457012488,0.1310087457012488,0.13425681739263828,0.13425681739263828,0.1365444965494934,0.1365444965494934,0.13393668654779348,0.13393668654779348,0.1310087457012488,0.1310087457012488,0.13425681739263828,0.13425681739263828,0.1365444965494934,0.1365444965494934,0.13393668654779348,0.13393668654779348,0.006367458332533715
Run_or_walk_information,NeuralNetFastAI,8859,0.0001224129144028694,0.003099597334877249,0.003099597334877249,0.0004409270591574894,0.0004409270591574894,0.00038117705782198804,0.00038117705782198804,0.00036114508167232016,0.00036114508167232016,0.00039441639955059923,0.00039441639955059923,0.005256412159717373,0.005256412159717373,0.004891209801575195,0.004891209801575195,0.005619055494481594,0.005619055494481594,0.00525555915192472,0.00525555915192472,0.005256412159717373,0.005256412159717373,0.004891209801575195,0.004891209801575195,0.005619055494481594,0.005619055494481594,0.00525555915192472,0.00525555915192472,0.005792514000252898
Run_or_walk_information,NeuralNetTorch,8859,7.932355281150218e-05,0.0019208274511967615,0.0019208274511967615,0.0004079291189045505,0.0004079291189045505,0.00037494796909161304,0.00037494796909161304,0.00041424722057036565,0.00041424722057036565,0.000399041436188843,0.000399041436188843,0.005198677998976576,0.005198677998976576,0.004900644680594212,0.004900644680594212,0.004378505894441788,0.004378505894441788,0.004825942858004192,0.004825942858004192,0.005198677998976576,0.005198677998976576,0.004900644680594212,0.004900644680594212,0.004378505894441788,0.004378505894441788,0.004825942858004192,0.004825942858004192,0.005673124999399685
Run_or_walk_information,RandomForest,8859,0.0007853873470846317,0.010882730248931247,0.010882730248931247,0.0010810940219226186,0.0010810940219226186,0.0014188205481779693,0.0014188205481779693,0.0011066817776527959,0.0011066817776527959,0.0012021987825844612,0.0012021987825844612,0.011473692735838413,0.011473692735838413,0.0124632179106058,0.0124632179106058,0.01179274092465115,0.01179274092465115,0.011909883857031789,0.011909883857031789,0.011473692735838413,0.011473692735838413,0.0124632179106058,0.0124632179106058,0.01179274092465115,0.01179274092465115,0.011909883857031789,0.011909883857031789,0.005482430666840325
Run_or_walk_information,XGBoost,8859,9.801705724564982e-06,0.0010685539641082551,0.0010685539641082551,0.0004185639098372561,0.0004185639098372561,0.00045229316302061463,0.00045229316302061463,0.0003200870239941239,0.0003200870239941239,0.0003969813656173315,0.0003969813656173315,0.00453767972679098,0.00453767972679098,0.003618889809054977,0.003618889809054977,0.0033275198301528043,0.0033275198301528043,0.003828029788666254,0.003828029788666254,0.00453767972679098,0.00453767972679098,0.003618889809054977,0.003618889809054977,0.0033275198301528043,0.0033275198301528043,0.003828029788666254,0.003828029788666254,0.00599019466729563
adult,CatBoost,4885,0.0006152181577692995,0.01687512706217434,0.01687512706217434,0.0019202548199801842,0.0019202548199801842,0.002164325460710763,0.002164325460710763,0.0021670302875441624,0.0021670302875441624,0.002083870189411703,0.002083870189411703,0.026013797943431213,0.026013797943431213,0.029838178226106078,0.029838178226106078,0.027325650339886924,0.027325650339886924,0.027725875503141404,0.027725875503141404,0.026013797943431213,0.026013797943431213,0.029838178226106078,0.029838178226106078,0.027325650339886924,0.027325650339886924,0.027725875503141404,0.027725875503141404,0.004196680334037713
adult,ExtraTrees,4885,0.0011370991685457355,0.025229521107036034,0.025229521107036034,0.0029139977503722385,0.0029139977503722385,0.0031807783454449044,0.0031807783454449044,0.0022500509963664615,0.0022500509963664615,0.0027816090307278677,0.0027816090307278677,0.0366747281781144,0.0366747281781144,0.03627708712150727,0.03627708712150727,0.02931903500524261,0.02931903500524261,0.03409028343495476,0.03409028343495476,0.0366747281781144,0.0366747281781144,0.03627708712150727,0.03627708712150727,0.02931903500524261,0.02931903500524261,0.03409028343495476,0.03409028343495476,0.004019097334094113
adult,LightGBM,4885,0.0004237835510739854,0.013610577703054249,0.013610577703054249,0.0017393313304747112,0.0017393313304747112,0.0018699468287514751,0.0018699468287514751,0.0017670850603261695,0.0017670850603261695,0.0017921210731841185,0.0017921210731841185,0.0274023660773896,0.0274023660773896,0.027004019557611295,0.027004019557611295,0.028597586001782783,0.028597586001782783,0.02766799054559456,0.02766799054559456,0.0274023660773896,0.0274023660773896,0.027004019557611295,0.027004019557611295,0.028597586001782783,0.028597586001782783,0.02766799054559456,0.02766799054559456,0.0040640416664246
adult,LinearModel,4885,0.00027479023834166164,0.01382074661413434,0.01382074661413434,0.0017578105706608739,0.0017578105706608739,0.0018830756288228906,0.0018830756288228906,0.0015356384622081496,0.0015356384622081496,0.0017255082205639713,0.0017255082205639713,0.029510119702032968,0.029510119702032968,0.027704536205368186,0.027704536205368186,0.03044507989870275,0.03044507989870275,0.02921991193536797,0.02921991193536797,0.029510119702032968,0.029510119702032968,0.027704536205368186,0.027704536205368186,0.03044507989870275,0.03044507989870275,0.02921991193536797,0.02921991193536797,0.00429309733347812
adult,NeuralNetFastAI,4885,0.0007270421928356895,0.019435569401433525,0.019435569401433525,0.002326127887584753,0.002326127887584753,0.002521014920588992,0.002521014920588992,0.002106171193949455,0.002106171193949455,0.0023177713340410667,0.0023177713340410667,0.0323341027054946,0.0323341027054946,0.030908203514948555,0.030908203514948555,0.027676389137298103,0.027676389137298103,0.03030623178591375,0.03030623178591375,0.0323341027054946,0.0323341027054946,0.030908203514948555,0.030908203514948555,0.027676389137298103,0.027676389137298103,0.03030623178591375,0.03030623178591375,0.004291597000701586
adult,NeuralNetTorch,4885,0.0009504127682872356,0.020245912457373255,0.020245912457373255,0.002054760183901073,0.002054760183901073,0.0026529664499256767,0.0026529664499256767,0.002134065292343806,0.002134065292343806,0.002280597308723518,0.002280597308723518,0.0300018466491731,0.0300018466491731,0.03394773689548496,0.03394773689548496,0.031422120050870354,0.031422120050870354,0.03179056786517614,0.03179056786517614,0.0300018466491731,0.0300018466491731,0.03394773689548496,0.03394773689548496,0.031422120050870354,0.031422120050870354,0.03179056786517614,0.03179056786517614,0.0044300693334662355
adult,RandomForest,4885,0.0012868164993794738,0.026970672527330302,0.026970672527330302,0.0027615888499622995,0.0027615888499622995,0.003613477834765084,0.003613477834765084,0.0022942103361891343,0.0022942103361891343,0.002889759006972173,0.002889759006972173,0.03695602947728184,0.03695602947728184,0.03809395974018049,0.03809395974018049,0.030636954682195173,0.030636954682195173,0.03522898129988584,0.03522898129988584,0.03695602947728184,0.03695602947728184,0.03809395974018049,0.03809395974018049,0.030636954682195173,0.030636954682195173,0.03522898129988584,0.03522898129988584,0.004221653000665053
adult,XGBoost,4885,0.0005345494552161558,0.016391190786140295,0.016391190786140295,0.0016456699383658293,0.0016456699383658293,0.0020709152802343327,0.0020709152802343327,0.0017933527414081003,0.0017933527414081003,0.001836645986669421,0.001836645986669421,0.026807302362514857,0.026807302362514857,0.026346362470764093,0.026346362470764093,0.025515967953465484,0.025515967953465484,0.026223210928914813,0.026223210928914813,0.026807302362514857,0.026807302362514857,0.026346362470764093,0.026346362470764093,0.025515967953465484,0.025515967953465484,0.026223210928914813,0.026223210928914813,0.004355819333189477
ailerons,CatBoost,1375,0.00027630217784780714,0.011567778694020077,0.011567778694020077,0.0031048590361214897,0.0031048590361214897,0.0026908814385512786,0.0026908814385512786,0.004369629941826104,0.004369629941826104,0.0033884568054996247,0.0033884568054996247,0.03927185309157622,0.03927185309157622,0.03893473933184181,0.03893473933184181,0.038808815476103604,0.038808815476103604,0.03900513596650721,0.03900513596650721,0.03927185309157622,0.03927185309157622,0.03893473933184181,0.03893473933184181,0.038808815476103604,0.038808815476103604,0.03900513596650721,0.03900513596650721,0.002302333333015364
ailerons,ExtraTrees,1375,0.0013176445909882613,0.0290793574283598,0.0290793574283598,0.0047955608407496955,0.0047955608407496955,0.0038143963194130727,0.0038143963194130727,0.0036639116933675064,0.0036639116933675064,0.0040912896178434245,0.0040912896178434245,0.05004459218000358,0.05004459218000358,0.041362017691103654,0.041362017691103654,0.04950790452412118,0.04950790452412118,0.046971504798409475,0.046971504798409475,0.05004459218000358,0.05004459218000358,0.041362017691103654,0.041362017691103654,0.04950790452412118,0.04950790452412118,0.046971504798409475,0.046971504798409475,0.0023085696666385047
ailerons,LightGBM,1375,0.00011693810695666074,0.008554613836744631,0.008554613836744631,0.003118604676477416,0.003118604676477416,0.003086739415620125,0.003086739415620125,0.0041020164163274395,0.0041020164163274395,0.0034357868361416604,0.0034357868361416604,0.03716700765651397,0.03716700765651397,0.03569081803775308,0.03569081803775308,0.03654223606693135,0.03654223606693135,0.0364666872537328,0.0364666872537328,0.03716700765651397,0.03716700765651397,0.03569081803775308,0.03569081803775308,0.03654223606693135,0.03654223606693135,0.0364666872537328,0.0364666872537328,0.00223799999973077
ailerons,LinearModel,1375,0.0001836785291027428,0.010391804801025004,0.010391804801025004,0.002908691220589949,0.002908691220589949,0.00303631418537513,0.00303631418537513,0.0036138703651456064,0.0036138703651456064,0.003186291923703562,0.003186291923703562,0.04717555318036201,0.04717555318036201,0.042105145437558264,0.042105145437558264,0.040379196775992485,0.040379196775992485,0.04321996513130425,0.04321996513130425,0.04717555318036201,0.04717555318036201,0.042105145437558264,0.042105145437558264,0.040379196775992485,0.040379196775992485,0.04321996513130425,0.04321996513130425,0.00225468066734417
ailerons,NeuralNetFastAI,1375,0.0001645495308457295,0.009278845729904126,0.009278845729904126,0.0030529484297131676,0.0030529484297131676,0.003852356157978159,0.003852356157978159,0.003560589292733026,0.003560589292733026,0.0034886312934747847,0.0034886312934747847,0.037099296867037994,0.037099296867037994,0.04011059726422817,0.04011059726422817,0.037085019300474996,0.037085019300474996,0.038098304477247054,0.038098304477247054,0.037099296867037994,0.037099296867037994,0.04011059726422817,0.04011059726422817,0.037085019300474996,0.037085019300474996,0.038098304477247054,0.038098304477247054,0.00224579166751937
ailerons,NeuralNetTorch,1375,0.0002283116865340639,0.010233639353312108,0.010233639353312108,0.003191856845060937,0.003191856845060937,0.003047653651140391,0.003047653651140391,0.003535191649013578,0.003535191649013578,0.0032582340484049684,0.0032582340484049684,0.04102984518418353,0.04102984518418353,0.039555016488474475,0.039555016488474475,0.035767715527890355,0.035767715527890355,0.03878419240018279,0.03878419240018279,0.04102984518418353,0.04102984518418353,0.039555016488474475,0.039555016488474475,0.035767715527890355,0.035767715527890355,0.03878419240018279,0.03878419240018279,0.002202389000255304
ailerons,RandomForest,1375,0.0006854447630043796,0.0203316415928791,0.0203316415928791,0.003341766303304053,0.003341766303304053,0.0038790893092473192,0.0038790893092473192,0.003722958744940603,0.003722958744940603,0.0036479381191639915,0.0036479381191639915,0.039115421322946944,0.039115421322946944,0.04507466068119869,0.04507466068119869,0.04123026523198298,0.04123026523198298,0.041806782412042866,0.041806782412042866,0.039115421322946944,0.039115421322946944,0.04507466068119869,0.04507466068119869,0.04123026523198298,0.04123026523198298,0.041806782412042866,0.041806782412042866,0.0025691113332868554
ailerons,XGBoost,1375,7.454605353151486e-05,0.0065705054893200705,0.0065705054893200705,0.002782896570184103,0.002782896570184103,0.00329868853947654,0.00329868853947654,0.003717623194373578,0.003717623194373578,0.0032664027680114074,0.0032664027680114074,0.035912627331849016,0.035912627331849016,0.03510094194311056,0.03510094194311056,0.040617315203565256,0.040617315203565256,0.037210294826174946,0.037210294826174946,0.035912627331849016,0.035912627331849016,0.03510094194311056,0.03510094194311056,0.040617315203565256,0.040617315203565256,0.037210294826174946,0.037210294826174946,0.0023583193336283634
bank-marketing,CatBoost,4522,0.0005132235775827006,0.01307845357417823,0.01307845357417823,0.0017523288341129639,0.0017523288341129639,0.0021601272382908688,0.0021601272382908688,0.0020365935059219434,0.0020365935059219434,0.001983016526108592,0.001983016526108592,0.028247553899052497,0.028247553899052497,0.02789028725998689,0.02789028725998689,0.02448258078762489,0.02448258078762489,0.026873473982221424,0.026873473982221424,0.028247553899052497,0.028247553899052497,0.02789028725998689,0.02789028725998689,0.02448258078762489,0.02448258078762489,0.026873473982221424,0.026873473982221424,0.003791819667336919
bank-marketing,ExtraTrees,4522,0.00027389379500799627,0.011776435399688001,0.011776435399688001,0.0011794031691723266,0.0011794031691723266,0.0013030147023170462,0.0013030147023170462,0.0015457531746111662,0.0015457531746111662,0.0013427236820335129,0.0013427236820335129,0.020124143258160317,0.020124143258160317,0.022879827594689903,0.022879827594689903,0.025152947247926025,0.025152947247926025,0.022718972700258747,0.022718972700258747,0.020124143258160317,0.020124143258160317,0.022879827594689903,0.022879827594689903,0.025152947247926025,0.025152947247926025,0.022718972700258747,0.022718972700258747,0.003802861333194111
bank-marketing,LightGBM,4522,0.00020177039456570074,0.008544793628403111,0.008544793628403111,0.001610974582680206,0.001610974582680206,0.0020801616085731915,0.0020801616085731915,0.0013859680157008365,0.0013859680157008365,0.0016923680689847447,0.0016923680689847447,0.021412144001900443,0.021412144001900443,0.023672266691484114,0.023672266691484114,0.021937025389615603,0.021937025389615603,0.022340478694333383,0.022340478694333383,0.021412144001900443,0.021412144001900443,0.023672266691484114,0.023672266691484114,0.021937025389615603,0.021937025389615603,0.022340478694333383,0.022340478694333383,0.0036857916675216984
bank-marketing,LinearModel,4522,0.001231073646633584,0.01771170175477092,0.01771170175477092,0.0025931382381979193,0.0025931382381979193,0.0024104519359137455,0.0024104519359137455,0.0033270388569553336,0.0033270388569553336,0.0027768763436889997,0.0027768763436889997,0.02663365528733805,0.02663365528733805,0.033236347082746434,0.033236347082746434,0.030626417781377816,0.030626417781377816,0.030165473383820765,0.030165473383820765,0.02663365528733805,0.02663365528733805,0.033236347082746434,0.033236347082746434,0.030626417781377816,0.030626417781377816,0.030165473383820765,0.030165473383820765,0.003795944333736164
bank-marketing,NeuralNetFastAI,4522,0.0001663844076763581,0.006980738153360599,0.006980738153360599,0.0015465218961275378,0.0015465218961275378,0.0012873099525122277,0.0012873099525122277,0.0013144545224746294,0.0013144545224746294,0.0013827621237047982,0.0013827621237047982,0.024809794748672575,0.024809794748672575,0.019749443334906067,0.019749443334906067,0.022243982622751905,0.022243982622751905,0.022267740235443517,0.022267740235443517,0.024809794748672575,0.024809794748672575,0.019749443334906067,0.019749443334906067,0.022243982622751905,0.022243982622751905,0.022267740235443517,0.022267740235443517,0.003914180666470202
bank-marketing,NeuralNetTorch,4522,0.0001924682271929433,0.006890143246673141,0.006890143246673141,0.00161772743277992,0.00161772743277992,0.0014339933247540198,0.0014339933247540198,0.0012186617593179907,0.0012186617593179907,0.0014234608389506436,0.0014234608389506436,0.023846047097469927,0.023846047097469927,0.0187236257530029,0.0187236257530029,0.018293452493041238,0.018293452493041238,0.02028770844783802,0.02028770844783802,0.023846047097469927,0.023846047097469927,0.0187236257530029,0.0187236257530029,0.018293452493041238,0.018293452493041238,0.02028770844783802,0.02028770844783802,0.004194305332930526
bank-marketing,RandomForest,4522,0.0002454993245856833,0.011252096679536966,0.011252096679536966,0.0013224330194209423,0.0013224330194209423,0.001322999778746316,0.001322999778746316,0.0016160039645753464,0.0016160039645753464,0.0014204789209142016,0.0014204789209142016,0.022838599417234522,0.022838599417234522,0.02374003102294052,0.02374003102294052,0.021702276552549495,0.021702276552549495,0.022760302330908182,0.022760302330908182,0.022838599417234522,0.022838599417234522,0.02374003102294052,0.02374003102294052,0.021702276552549495,0.021702276552549495,0.022760302330908182,0.022760302330908182,0.004057902666924444
bank-marketing,XGBoost,4522,0.00047387595942246255,0.011958409853437551,0.011958409853437551,0.001502836060075345,0.001502836060075345,0.0021389015702824306,0.0021389015702824306,0.0020631144984713384,0.0020631144984713384,0.0019016173762763714,0.0019016173762763714,0.023116262356951935,0.023116262356951935,0.025359952751485983,0.025359952751485983,0.024012699306399887,0.024012699306399887,0.0241629714716126,0.0241629714716126,0.023116262356951935,0.023116262356951935,0.025359952751485983,0.025359952751485983,0.024012699306399887,0.024012699306399887,0.0241629714716126,0.0241629714716126,0.004174652667037056
delta_elevators,CatBoost,952,0.00020880514056423636,0.012558266367032505,0.012558266367032505,0.00337777836433995,0.00337777836433995,0.00534744419890147,0.00534744419890147,0.005680268430906213,0.005680268430906213,0.004801830331382544,0.004801830331382544,0.050550563673624774,0.050550563673624774,0.0523226353663417,0.0523226353663417,0.04984604011027107,0.04984604011027107,0.05090641305007918,0.05090641305007918,0.050550563673624774,0.050550563673624774,0.0523226353663417,0.0523226353663417,0.04984604011027107,0.04984604011027107,0.05090641305007918,0.05090641305007918,0.0022138473323138896
delta_elevators,ExtraTrees,952,0.0034708040120754553,0.054296452067342404,0.054296452067342404,0.007287479614317476,0.007287479614317476,0.0066936919298167755,0.0066936919298167755,0.0068593869976217876,0.0068593869976217876,0.006946852847252012,0.006946852847252012,0.06323053996849555,0.06323053996849555,0.06331793083359308,0.06331793083359308,0.06976832389076311,0.06976832389076311,0.06543893156428392,0.06543893156428392,0.06323053996849555,0.06323053996849555,0.06331793083359308,0.06331793083359308,0.06976832389076311,0.06976832389076311,0.06543893156428392,0.06543893156428392,0.0020860276660338664
delta_elevators,LightGBM,952,0.00031472046437343364,0.016041899277503845,0.016041899277503845,0.004498970116595859,0.004498970116595859,0.004394361160269461,0.004394361160269461,0.0054556958798834205,0.0054556958798834205,0.00478300905224958,0.00478300905224958,0.04795360075360743,0.04795360075360743,0.0421899487235106,0.0421899487235106,0.050209673513861824,0.050209673513861824,0.04678440766365995,0.04678440766365995,0.04795360075360743,0.04795360075360743,0.0421899487235106,0.0421899487235106,0.050209673513861824,0.050209673513861824,0.04678440766365995,0.04678440766365995,0.0021924719997817497
delta_elevators,LinearModel,952,0.0006587720091662157,0.01935168200737685,0.01935168200737685,0.004817131462894149,0.004817131462894149,0.004775646279864515,0.004775646279864515,0.004619509484702872,0.004619509484702872,0.004737429075820512,0.004737429075820512,0.05535223483634543,0.05535223483634543,0.052201768998783024,0.052201768998783024,0.04503754471696986,0.04503754471696986,0.050863849517366104,0.050863849517366104,0.05535223483634543,0.05535223483634543,0.052201768998783024,0.052201768998783024,0.04503754471696986,0.04503754471696986,0.050863849517366104,0.050863849517366104,0.002082611333510916
delta_elevators,NeuralNetFastAI,952,0.000379645069313219,0.01539118967758907,0.01539118967758907,0.00611243566513694,0.00611243566513694,0.004953295879706573,0.004953295879706573,0.0037536088727503675,0.0037536088727503675,0.00493978013919796,0.00493978013919796,0.054488701569334046,0.054488701569334046,0.0466580231681322,0.0466580231681322,0.05333778631296916,0.05333778631296916,0.05149483701681181,0.05149483701681181,0.054488701569334046,0.054488701569334046,0.0466580231681322,0.0466580231681322,0.05333778631296916,0.05333778631296916,0.05149483701681181,0.05149483701681181,0.002049110999602514
delta_elevators,NeuralNetTorch,952,0.00040540976264224343,0.016273342592552687,0.016273342592552687,0.004452061495292872,0.004452061495292872,0.003977017478569618,0.003977017478569618,0.0049438051076844194,0.0049438051076844194,0.004457628027182303,0.004457628027182303,0.053082006979179024,0.053082006979179024,0.04216405561650192,0.04216405561650192,0.05281109935489088,0.05281109935489088,0.04935238731685728,0.04935238731685728,0.053082006979179024,0.053082006979179024,0.04216405561650192,0.04216405561650192,0.05281109935489088,0.05281109935489088,0.04935238731685728,0.04935238731685728,0.002034902667219285
delta_elevators,RandomForest,952,0.0011662909718192576,0.028698917492630326,0.028698917492630326,0.004000438964491193,0.004000438964491193,0.00460942964445739,0.00460942964445739,0.005060882385285173,0.005060882385285173,0.004556916998077918,0.004556916998077918,0.052523465969814026,0.052523465969814026,0.04359747551979806,0.04359747551979806,0.058673674821684396,0.058673674821684396,0.05159820543709883,0.05159820543709883,0.052523465969814026,0.052523465969814026,0.04359747551979806,0.04359747551979806,0.058673674821684396,0.058673674821684396,0.05159820543709883,0.05159820543709883,0.002006249999491653
delta_elevators,XGBoost,952,0.00020807751953127272,0.013166452370370747,0.013166452370370747,0.003859273058249759,0.003859273058249759,0.003814835181189687,0.003814835181189687,0.004645199280049744,0.004645199280049744,0.0041064358398297295,0.0041064358398297295,0.042121586540739345,0.042121586540739345,0.03877311480302997,0.03877311480302997,0.05043330826398431,0.05043330826398431,0.04377600320258454,0.04377600320258454,0.042121586540739345,0.042121586540739345,0.03877311480302997,0.03877311480302997,0.05043330826398431,0.05043330826398431,0.04377600320258454,0.04377600320258454,0.0019868749999053157
eeg-eye-state,CatBoost,1498,0.0006470860356479212,0.010574178733270599,0.010574178733270599,0.0029234193513508104,0.0029234193513508104,0.0028139782432659854,0.0028139782432659854,0.0018474210990851523,0.0018474210990851523,0.0025282728979006495,0.0025282728979006495,0.023393368036127796,0.023393368036127796,0.019968991548077547,0.019968991548077547,0.020993405840422735,0.020993405840422735,0.02145192180820936,0.02145192180820936,0.023393368036127796,0.023393368036127796,0.019968991548077547,0.019968991548077547,0.020993405840422735,0.020993405840422735,0.02145192180820936,0.02145192180820936,0.002251208332988123
eeg-eye-state,ExtraTrees,1498,0.025988050043628134,0.1408774455347409,0.1408774455347409,0.028119796609132816,0.028119796609132816,0.027273846169956418,0.027273846169956418,0.02675136121959838,0.02675136121959838,0.02738166799956254,0.02738166799956254,0.14513128643696294,0.14513128643696294,0.14043168667815775,0.14043168667815775,0.14098798430826917,0.14098798430826917,0.1421836524744633,0.1421836524744633,0.14513128643696294,0.14513128643696294,0.14043168667815775,0.14043168667815775,0.14098798430826917,0.14098798430826917,0.1421836524744633,0.1421836524744633,0.0022335556665590652
eeg-eye-state,LightGBM,1498,0.0003252814603870711,0.007621748294114375,0.007621748294114375,0.002876258420339088,0.002876258420339088,0.002618647976221663,0.002618647976221663,0.0029337550967128106,0.0029337550967128106,0.002809553831091187,0.002809553831091187,0.021564226310002554,0.021564226310002554,0.020904519687215167,0.020904519687215167,0.020851330970750887,0.020851330970750887,0.021106692322656204,0.021106692322656204,0.021564226310002554,0.021564226310002554,0.020904519687215167,0.020904519687215167,0.020851330970750887,0.020851330970750887,0.021106692322656204,0.021106692322656204,0.0022337223332821545
eeg-eye-state,LinearModel,1498,0.001906843841220247,0.034798441667082375,0.034798441667082375,0.00482488212567938,0.00482488212567938,0.006194939036711299,0.006194939036711299,0.003978957927081524,0.003978957927081524,0.004999593029824068,0.004999593029824068,0.05080705969153004,0.05080705969153004,0.061146776496528464,0.061146776496528464,0.051657676522698356,0.051657676522698356,0.05453717090358562,0.05453717090358562,0.05080705969153004,0.05080705969153004,0.061146776496528464,0.061146776496528464,0.051657676522698356,0.051657676522698356,0.05453717090358562,0.05453717090358562,0.0023805693332784963
eeg-eye-state,NeuralNetFastAI,1498,0.00014542071119450184,0.008729747439853074,0.008729747439853074,0.005555044983979681,0.005555044983979681,0.003666063361450054,0.003666063361450054,0.004210128701563253,0.004210128701563253,0.004477079015664329,0.004477079015664329,0.06952515763083898,0.06952515763083898,0.050587417456807594,0.050587417456807594,0.06872426899360153,0.06872426899360153,0.06294561469374937,0.06294561469374937,0.06952515763083898,0.06952515763083898,0.050587417456807594,0.050587417456807594,0.06872426899360153,0.06872426899360153,0.06294561469374937,0.06294561469374937,0.00230395833326232
eeg-eye-state,NeuralNetTorch,1498,0.00032580937256434893,0.00407839503036282,0.00407839503036282,0.0012601534406636258,0.0012601534406636258,0.0012961116834200978,0.0012961116834200978,0.002032912199116667,0.002032912199116667,0.0015297257744001302,0.0015297257744001302,0.012406397642745688,0.012406397642745688,0.01228685736935847,0.01228685736935847,0.01212098918252019,0.01212098918252019,0.012271414731541449,0.012271414731541449,0.012406397642745688,0.012406397642745688,0.01228685736935847,0.01228685736935847,0.01212098918252019,0.01212098918252019,0.012271414731541449,0.012271414731541449,0.0023512780001813858
eeg-eye-state,RandomForest,1498,0.02405895088331239,0.1358734397884756,0.1358734397884756,0.029593305323423,0.029593305323423,0.027256300509164038,0.027256300509164038,0.02557096698035124,0.02557096698035124,0.02747352427097943,0.02747352427097943,0.14728304445687607,0.14728304445687607,0.1404472634887002,0.1404472634887002,0.1364552742364544,0.1364552742364544,0.1413951940606769,0.1413951940606769,0.14728304445687607,0.14728304445687607,0.1404472634887002,0.1404472634887002,0.1364552742364544,0.1364552742364544,0.1413951940606769,0.1413951940606769,0.002239222333931442
eeg-eye-state,XGBoost,1498,0.0003079101549047496,0.00688104010978535,0.00688104010978535,0.0023033317586129685,0.0023033317586129685,0.002579563592381018,0.002579563592381018,0.0028193368829078163,0.0028193368829078163,0.002567410744633934,0.002567410744633934,0.017570883746874173,0.017570883746874173,0.019746134658190913,0.019746134658190913,0.023934475150563395,0.023934475150563395,0.020417164518542825,0.020417164518542825,0.017570883746874173,0.017570883746874173,0.019746134658190913,0.019746134658190913,0.023934475150563395,0.023934475150563395,0.020417164518542825,0.020417164518542825,0.002237944667285774
electricity,CatBoost,4532,0.00010843761911822794,0.004937411736887804,0.004937411736887804,0.0012881497307112243,0.0012881497307112243,0.0012118006004966692,0.0012118006004966692,0.0010807068720074123,0.0010807068720074123,0.0011935524010717685,0.0011935524010717685,0.017317901574160566,0.017317901574160566,0.017208352764314497,0.017208352764314497,0.017586433727887544,0.017586433727887544,0.017370896022120868,0.017370896022120868,0.017317901574160566,0.017317901574160566,0.017208352764314497,0.017208352764314497,0.017586433727887544,0.017586433727887544,0.017370896022120868,0.017370896022120868,0.0036646943335654214
electricity,ExtraTrees,4532,0.007086258880093106,0.06942670523509689,0.06942670523509689,0.009322019144944335,0.009322019144944335,0.008902419144284307,0.008902419144284307,0.00770294488147852,0.00770294488147852,0.008642461056902388,0.008642461056902388,0.0777802289249244,0.0777802289249244,0.07546778376835225,0.07546778376835225,0.06948808417131505,0.06948808417131505,0.07424536562153057,0.07424536562153057,0.0777802289249244,0.0777802289249244,0.07546778376835225,0.07546778376835225,0.06948808417131505,0.06948808417131505,0.07424536562153057,0.07424536562153057,0.0037922363335383125
electricity,LightGBM,4532,0.00012710323371788613,0.005676105174072797,0.005676105174072797,0.0011880440966101913,0.0011880440966101913,0.0010555471379280373,0.0010555471379280373,0.0010579115920709176,0.0010579115920709176,0.0011005009422030488,0.0011005009422030488,0.019938287112282835,0.019938287112282835,0.01810352154583812,0.01810352154583812,0.018059401641784434,0.018059401641784434,0.018700403433301798,0.018700403433301798,0.019938287112282835,0.019938287112282835,0.01810352154583812,0.01810352154583812,0.018059401641784434,0.018059401641784434,0.018700403433301798,0.018700403433301798,0.003730860999591338
electricity,LinearModel,4532,0.0004035558214285251,0.017008395915046364,0.017008395915046364,0.002825234970082287,0.002825234970082287,0.0025680266570716017,0.0025680266570716017,0.0021973417769489923,0.0021973417769489923,0.00253020113470096,0.00253020113470096,0.04296995568634942,0.04296995568634942,0.04353988622833857,0.04353988622833857,0.03727046231910969,0.03727046231910969,0.0412601014112659,0.0412601014112659,0.04296995568634942,0.04296995568634942,0.04353988622833857,0.04353988622833857,0.03727046231910969,0.03727046231910969,0.0412601014112659,0.0412601014112659,0.00392791666672565
electricity,NeuralNetFastAI,4532,0.00033354277197180797,0.012777430792358987,0.012777430792358987,0.002324617424099448,0.002324617424099448,0.002324361153941461,0.002324361153941461,0.0018369779914005032,0.0018369779914005032,0.0021619855231471375,0.0021619855231471375,0.033492188574040044,0.033492188574040044,0.036015579285912945,0.036015579285912945,0.034240768656508505,0.034240768656508505,0.03458284550548717,0.03458284550548717,0.033492188574040044,0.033492188574040044,0.036015579285912945,0.036015579285912945,0.034240768656508505,0.034240768656508505,0.03458284550548717,0.03458284550548717,0.0039278886664154316
electricity,NeuralNetTorch,4532,0.0002008343004878142,0.012690960519868476,0.012690960519868476,0.001970226053093157,0.001970226053093157,0.0022247503059407555,0.0022247503059407555,0.0019924901107952076,0.0019924901107952076,0.002062488823276373,0.002062488823276373,0.03240946861424736,0.03240946861424736,0.032223305513098516,0.032223305513098516,0.0315003062668901,0.0315003062668901,0.03204436013141199,0.03204436013141199,0.03240946861424736,0.03240946861424736,0.032223305513098516,0.032223305513098516,0.0315003062668901,0.0315003062668901,0.03204436013141199,0.03204436013141199,0.0038266250000257664
electricity,RandomForest,4532,0.004441776453166886,0.0496580173616181,0.0496580173616181,0.005118029380997355,0.005118029380997355,0.0053399130008658716,0.0053399130008658716,0.004756733928325312,0.004756733928325312,0.005071558770062846,0.005071558770062846,0.048689319529087303,0.048689319529087303,0.05160635382597502,0.05160635382597502,0.04839511552695284,0.04839511552695284,0.04956359629400505,0.04956359629400505,0.048689319529087303,0.048689319529087303,0.05160635382597502,0.05160635382597502,0.04839511552695284,0.04839511552695284,0.04956359629400505,0.04956359629400505,0.003688069666774633
electricity,XGBoost,4532,4.8861021365858896e-05,0.0031008525334646356,0.0031008525334646356,0.0012922531435746436,0.0012922531435746436,0.0012516357834733362,0.0012516357834733362,0.0013252332609414153,0.0013252332609414153,0.001289707395996465,0.001289707395996465,0.019013738150846886,0.019013738150846886,0.018648110019118713,0.018648110019118713,0.017675527030014782,0.017675527030014782,0.01844579173332679,0.01844579173332679,0.019013738150846886,0.019013738150846886,0.018648110019118713,0.018648110019118713,0.017675527030014782,0.017675527030014782,0.01844579173332679,0.01844579173332679,0.0036885973337727287
fried,CatBoost,4077,0.001154454166467346,0.022346031385042747,0.022346031385042747,0.0028482710099338266,0.0028482710099338266,0.0028525917247210603,0.0028525917247210603,0.0024499191616738796,0.0024499191616738796,0.002716927298776255,0.002716927298776255,0.030322492181125416,0.030322492181125416,0.03018236487759937,0.03018236487759937,0.028429624260652434,0.028429624260652434,0.029644827106459073,0.029644827106459073,0.030322492181125416,0.030322492181125416,0.03018236487759937,0.03018236487759937,0.028429624260652434,0.028429624260652434,0.029644827106459073,0.029644827106459073,0.0036771529994439334
fried,ExtraTrees,4077,0.006903059541016786,0.06332892553083012,0.06332892553083012,0.008666023874062977,0.008666023874062977,0.007218464847134488,0.007218464847134488,0.008302988093860129,0.008302988093860129,0.008062492271685864,0.008062492271685864,0.06914234210090354,0.06914234210090354,0.0634600594741431,0.0634600594741431,0.06671245105307379,0.06671245105307379,0.06643828420937348,0.06643828420937348,0.06914234210090354,0.06914234210090354,0.0634600594741431,0.0634600594741431,0.06671245105307379,0.06671245105307379,0.06643828420937348,0.06643828420937348,0.0035619723336518896
fried,LightGBM,4077,0.00026798282706437396,0.010261553242490265,0.010261553242490265,0.0017060157902417028,0.0017060157902417028,0.0018105905577349784,0.0018105905577349784,0.0014865560997546206,0.0014865560997546206,0.001667720815910434,0.001667720815910434,0.018979836455994274,0.018979836455994274,0.02212139846837828,0.02212139846837828,0.019255989863019393,0.019255989863019393,0.020119074929130648,0.020119074929130648,0.018979836455994274,0.018979836455994274,0.02212139846837828,0.02212139846837828,0.019255989863019393,0.019255989863019393,0.020119074929130648,0.020119074929130648,0.003471513665620781
fried,LinearModel,4077,0.001254826499521398,0.029152005908696158,0.029152005908696158,0.002849756726865837,0.002849756726865837,0.002867170029380557,0.002867170029380557,0.0035776272674439926,0.0035776272674439926,0.0030981846745634623,0.0030981846745634623,0.03962519643978325,0.03962519643978325,0.04154602594828882,0.04154602594828882,0.04215308065591548,0.04215308065591548,0.04110810101466252,0.04110810101466252,0.03962519643978325,0.03962519643978325,0.04154602594828882,0.04154602594828882,0.04215308065591548,0.04215308065591548,0.04110810101466252,0.04110810101466252,0.0036381806664091223
fried,NeuralNetFastAI,4077,0.00012129928235200947,0.007206099160809135,0.007206099160809135,0.0013552811259676411,0.0013552811259676411,0.0014780884744382316,0.0014780884744382316,0.0015303346444297398,0.0015303346444297398,0.0014545680816118707,0.0014545680816118707,0.018963571966567283,0.018963571966567283,0.021544653540133376,0.021544653540133376,0.02064514907108594,0.02064514907108594,0.020384458192595534,0.020384458192595534,0.018963571966567283,0.018963571966567283,0.021544653540133376,0.021544653540133376,0.02064514907108594,0.02064514907108594,0.020384458192595534,0.020384458192595534,0.003419541667729694
fried,NeuralNetTorch,4077,0.0007219724496050008,0.01778407569967757,0.01778407569967757,0.0023260593138257194,0.0023260593138257194,0.0020815663062350807,0.0020815663062350807,0.0022942647125835155,0.0022942647125835155,0.0022339634442147716,0.0022339634442147716,0.024594146234540742,0.024594146234540742,0.027901176310938882,0.027901176310938882,0.025741896534535756,0.025741896534535756,0.026079073026671794,0.026079073026671794,0.024594146234540742,0.024594146234540742,0.027901176310938882,0.027901176310938882,0.025741896534535756,0.025741896534535756,0.026079073026671794,0.026079073026671794,0.003399361000144078
fried,RandomForest,4077,0.0036032137281073865,0.04565656378096693,0.04565656378096693,0.004791737575234193,0.004791737575234193,0.004665705229284798,0.004665705229284798,0.005290566075575666,0.005290566075575666,0.0049160029600315526,0.0049160029600315526,0.049281797568792744,0.049281797568792744,0.04809033598252474,0.04809033598252474,0.05158728294823425,0.05158728294823425,0.04965313883318392,0.04965313883318392,0.049281797568792744,0.049281797568792744,0.04809033598252474,0.04809033598252474,0.05158728294823425,0.05158728294823425,0.04965313883318392,0.04965313883318392,0.0034699723328230903
fried,XGBoost,4077,0.0002778545380507471,0.010808944365157695,0.010808944365157695,0.001691386884254568,0.001691386884254568,0.001956105591689427,0.001956105591689427,0.0016644888880065474,0.0016644888880065474,0.0017706604546501809,0.0017706604546501809,0.024890227884493202,0.024890227884493202,0.021630883324369556,0.021630883324369556,0.021931407776465874,0.021931407776465874,0.022817506328442875,0.022817506328442875,0.024890227884493202,0.024890227884493202,0.021630883324369556,0.021630883324369556,0.021931407776465874,0.021931407776465874,0.022817506328442875,0.022817506328442875,0.003589138666332777
houses,CatBoost,2064,1.4204701228638996e-05,0.001192008610834639,0.001192008610834639,0.0010585810206597962,0.0010585810206597962,0.0008645816992619321,0.0008645816992619321,0.0015229151865374176,0.0015229151865374176,0.001148692635486382,0.001148692635486382,0.01001205041963778,0.01001205041963778,0.008176183913274708,0.008176183913274708,0.010088524610161352,0.010088524610161352,0.009425586314357947,0.009425586314357947,0.01001205041963778,0.01001205041963778,0.008176183913274708,0.008176183913274708,0.010088524610161352,0.010088524610161352,0.009425586314357947,0.009425586314357947,0.002701028000349955
houses,ExtraTrees,2064,0.00037951987919955944,0.007923446218264624,0.007923446218264624,0.0011143807089152833,0.0011143807089152833,0.0014682856795240134,0.0014682856795240134,0.0016726116535842393,0.0016726116535842393,0.0014184260140078454,0.0014184260140078454,0.009331396011574294,0.009331396011574294,0.01459948389471487,0.01459948389471487,0.012244832285502997,0.012244832285502997,0.012058570730597388,0.012058570730597388,0.009331396011574294,0.009331396011574294,0.01459948389471487,0.01459948389471487,0.012244832285502997,0.012244832285502997,0.012058570730597388,0.012058570730597388,0.002392430667290076
houses,LightGBM,2064,1.3250593926179e-05,0.000957850827254587,0.000957850827254587,0.0011600149432501382,0.0011600149432501382,0.0008832698117761753,0.0008832698117761753,0.0011549416662625293,0.0011549416662625293,0.0010660754737629476,0.0010660754737629476,0.00891787939401691,0.00891787939401691,0.009716375744937273,0.009716375744937273,0.007736726504742907,0.007736726504742907,0.008790327214565697,0.008790327214565697,0.00891787939401691,0.00891787939401691,0.009716375744937273,0.009716375744937273,0.007736726504742907,0.007736726504742907,0.008790327214565697,0.008790327214565697,0.0024660556664457545
houses,LinearModel,2064,0.001905403901629658,0.018221830937356798,0.018221830937356798,0.003044660915440149,0.003044660915440149,0.0025243140201706613,0.0025243140201706613,0.0021364532705232986,0.0021364532705232986,0.0025684760687113696,0.0025684760687113696,0.022782226757562755,0.022782226757562755,0.021733931251582565,0.021733931251582565,0.021937059195486004,0.021937059195486004,0.022151072401543775,0.022151072401543775,0.022782226757562755,0.022782226757562755,0.021733931251582565,0.021733931251582565,0.021937059195486004,0.021937059195486004,0.022151072401543775,0.022151072401543775,0.002523305667030703
houses,NeuralNetFastAI,2064,5.755704362879802e-05,0.0019120419770464242,0.0019120419770464242,0.0012673965448949658,0.0012673965448949658,0.0009813136500996748,0.0009813136500996748,0.001086057930610093,0.001086057930610093,0.0011115893752015778,0.0011115893752015778,0.010282440709934322,0.010282440709934322,0.009797263827314148,0.009797263827314148,0.008083798132742556,0.008083798132742556,0.009387834223330343,0.009387834223330343,0.010282440709934322,0.010282440709934322,0.009797263827314148,0.009797263827314148,0.008083798132742556,0.008083798132742556,0.009387834223330343,0.009387834223330343,0.0024655139992925492
houses,NeuralNetTorch,2064,0.000413800447970954,0.006170077965516859,0.006170077965516859,0.0016299582362320822,0.0016299582362320822,0.0018065407858851793,0.0018065407858851793,0.0021353397923385155,0.0021353397923385155,0.0018572796048185924,0.0018572796048185924,0.011320490258155529,0.011320490258155529,0.01022949366558495,0.01022949366558495,0.011633941640046688,0.011633941640046688,0.011061308521262388,0.011061308521262388,0.011320490258155529,0.011320490258155529,0.01022949366558495,0.01022949366558495,0.011633941640046688,0.011633941640046688,0.011061308521262388,0.011061308521262388,0.0024292636662721634
houses,RandomForest,2064,0.0002291509747290798,0.005750992408290283,0.005750992408290283,0.0015962938205658888,0.0015962938205658888,0.001385742250183002,0.001385742250183002,0.0019253600105653404,0.0019253600105653404,0.0016357986937714103,0.0016357986937714103,0.01296827439776019,0.01296827439776019,0.012644513125162276,0.012644513125162276,0.014161220558015665,0.014161220558015665,0.013258002693646043,0.013258002693646043,0.01296827439776019,0.01296827439776019,0.012644513125162276,0.012644513125162276,0.014161220558015665,0.014161220558015665,0.013258002693646043,0.013258002693646043,0.0024420969990994004
houses,XGBoost,2064,1.4119616642225715e-05,0.001111732412486931,0.001111732412486931,0.0009932352289014127,0.0009932352289014127,0.0012336792352469188,0.0012336792352469188,0.0013985881630315163,0.0013985881630315163,0.001208500875726616,0.001208500875726616,0.009723628722595587,0.009723628722595587,0.009763073495064454,0.009763073495064454,0.009805026658545836,0.009805026658545836,0.009763909625401959,0.009763909625401959,0.009723628722595587,0.009723628722595587,0.009763073495064454,0.009763073495064454,0.009805026658545836,0.009805026658545836,0.009763909625401959,0.009763909625401959,0.002492458332805351
jm1,CatBoost,1089,0.0004593651716264114,0.016492085288474602,0.016492085288474602,0.004576259670851735,0.004576259670851735,0.0038667963359060617,0.0038667963359060617,0.00437719877419292,0.00437719877419292,0.004273418260316905,0.004273418260316905,0.044180973502230055,0.044180973502230055,0.05275556696895287,0.05275556696895287,0.05639185300105422,0.05639185300105422,0.051109464490745715,0.051109464490745715,0.044180973502230055,0.044180973502230055,0.05275556696895287,0.05275556696895287,0.05639185300105422,0.05639185300105422,0.051109464490745715,0.051109464490745715,0.002077125000748007
jm1,ExtraTrees,1089,0.0010491897673640903,0.02842682492911783,0.02842682492911783,0.004361186732871173,0.004361186732871173,0.004682936582518323,0.004682936582518323,0.0036635454482835147,0.0036635454482835147,0.004235889587891004,0.004235889587891004,0.0503728345837303,0.0503728345837303,0.05446071931454109,0.05446071931454109,0.04696112403664712,0.04696112403664712,0.050598225978306176,0.050598225978306176,0.0503728345837303,0.0503728345837303,0.05446071931454109,0.05446071931454109,0.04696112403664712,0.04696112403664712,0.050598225978306176,0.050598225978306176,0.0020637223327260776
jm1,LightGBM,1089,0.0002128138158242075,0.013651963000085728,0.013651963000085728,0.004310727672824686,0.004310727672824686,0.0036152173384290795,0.0036152173384290795,0.0038489687714192283,0.0038489687714192283,0.003924971260890998,0.003924971260890998,0.053602619358330716,0.053602619358330716,0.05807397913451147,0.05807397913451147,0.05697315373039771,0.05697315373039771,0.0562165840744133,0.0562165840744133,0.053602619358330716,0.053602619358330716,0.05807397913451147,0.05807397913451147,0.05697315373039771,0.05697315373039771,0.0562165840744133,0.0562165840744133,0.0020581529994766847
jm1,LinearModel,1089,0.0004755464473911734,0.01843881275491144,0.01843881275491144,0.0040993834133931295,0.0040993834133931295,0.004993361529550364,0.004993361529550364,0.0032776289734475013,0.0032776289734475013,0.004123457972130332,0.004123457972130332,0.05770356320717036,0.05770356320717036,0.050886563701030035,0.050886563701030035,0.05687201513393112,0.05687201513393112,0.055154047347377166,0.055154047347377166,0.05770356320717036,0.05770356320717036,0.050886563701030035,0.050886563701030035,0.05687201513393112,0.05687201513393112,0.055154047347377166,0.055154047347377166,0.002039388999643658
jm1,NeuralNetFastAI,1089,0.0008481313064926765,0.019026765100404797,0.019026765100404797,0.004404297409494438,0.004404297409494438,0.004066635179087834,0.004066635179087834,0.004546016778345994,0.004546016778345994,0.0043389831223094215,0.0043389831223094215,0.051210679269512935,0.051210679269512935,0.04569887689206171,0.04569887689206171,0.05077746722426461,0.05077746722426461,0.04922900779527975,0.04922900779527975,0.051210679269512935,0.051210679269512935,0.04569887689206171,0.04569887689206171,0.05077746722426461,0.05077746722426461,0.04922900779527975,0.04922900779527975,0.0020688053336925805
jm1,NeuralNetTorch,1089,0.0005744025831623151,0.021173878675078694,0.021173878675078694,0.004602668913601692,0.004602668913601692,0.005281352753666658,0.005281352753666658,0.003240633805451475,0.003240633805451475,0.004374885157573276,0.004374885157573276,0.04428991569886865,0.04428991569886865,0.048402414983437766,0.048402414983437766,0.041937996299391746,0.041937996299391746,0.044876775660566054,0.044876775660566054,0.04428991569886865,0.04428991569886865,0.048402414983437766,0.048402414983437766,0.041937996299391746,0.041937996299391746,0.044876775660566054,0.044876775660566054,0.0023689306666104435
jm1,RandomForest,1089,0.0009024565193582983,0.02430348862947116,0.02430348862947116,0.005523334788194017,0.005523334788194017,0.003522948205625504,0.003522948205625504,0.003807951765022615,0.003807951765022615,0.0042847449196140456,0.0042847449196140456,0.058519884752128035,0.058519884752128035,0.05254565338475657,0.05254565338475657,0.04944194909808405,0.04944194909808405,0.05350249574498955,0.05350249574498955,0.058519884752128035,0.058519884752128035,0.05254565338475657,0.05254565338475657,0.04944194909808405,0.04944194909808405,0.05350249574498955,0.05350249574498955,0.0021879306671811114
jm1,XGBoost,1089,0.00032598756892539385,0.015437645146655752,0.015437645146655752,0.004129100571100006,0.004129100571100006,0.00461300337500672,0.00461300337500672,0.004183255199881572,0.004183255199881572,0.004308453048662766,0.004308453048662766,0.04078837333775585,0.04078837333775585,0.04999936355108565,0.04999936355108565,0.057714603767756806,0.057714603767756806,0.04950078021886609,0.04950078021886609,0.04078837333775585,0.04078837333775585,0.04999936355108565,0.04999936355108565,0.057714603767756806,0.057714603767756806,0.04950078021886609,0.04950078021886609,0.002091388999057623
kdd_internet_usage,CatBoost,1011,0.00011989314943202964,0.008030440630033128,0.008030440630033128,0.0041753212660503225,0.0041753212660503225,0.004988668966722143,0.004988668966722143,0.0038932779439058538,0.0038932779439058538,0.00435242272555944,0.00435242272555944,0.0437887233579955,0.0437887233579955,0.04791844874755392,0.04791844874755392,0.03507773890507773,0.03507773890507773,0.042261637003542386,0.042261637003542386,0.0437887233579955,0.0437887233579955,0.04791844874755392,0.04791844874755392,0.03507773890507773,0.03507773890507773,0.042261637003542386,0.042261637003542386,0.002033000000665197
kdd_internet_usage,ExtraTrees,1011,0.002305234841809879,0.034895905272840685,0.034895905272840685,0.004585155805021763,0.004585155805021763,0.0066887214512434635,0.0066887214512434635,0.008333698455351007,0.008333698455351007,0.006535858570538744,0.006535858570538744,0.04087429925895001,0.04087429925895001,0.05023924301502617,0.05023924301502617,0.056363779948368546,0.056363779948368546,0.04915910740744824,0.04915910740744824,0.04087429925895001,0.04087429925895001,0.05023924301502617,0.05023924301502617,0.056363779948368546,0.056363779948368546,0.04915910740744824,0.04915910740744824,0.0020018749989200537
kdd_internet_usage,LightGBM,1011,0.00019709012292062653,0.011555293486926854,0.011555293486926854,0.003992915089850107,0.003992915089850107,0.003932242009737889,0.003932242009737889,0.003445415412532208,0.003445415412532208,0.0037901908373734017,0.0037901908373734017,0.044674702169710784,0.044674702169710784,0.04108259148580694,0.04108259148580694,0.03564688458377321,0.03564688458377321,0.040468059413096974,0.040468059413096974,0.044674702169710784,0.044674702169710784,0.04108259148580694,0.04108259148580694,0.03564688458377321,0.03564688458377321,0.040468059413096974,0.040468059413096974,0.0020736806667021788
kdd_internet_usage,LinearModel,1011,0.0005205022132861698,0.013718643449135908,0.013718643449135908,0.002719587866531435,0.002719587866531435,0.004727367023548901,0.004727367023548901,0.0038799169750764035,0.0038799169750764035,0.0037756239550522466,0.0037756239550522466,0.04104189895267589,0.04104189895267589,0.05184523588386394,0.05184523588386394,0.03504506929482825,0.03504506929482825,0.04264406804378936,0.04264406804378936,0.04104189895267589,0.04104189895267589,0.05184523588386394,0.05184523588386394,0.03504506929482825,0.03504506929482825,0.04264406804378936,0.04264406804378936,0.002018555666533454
kdd_internet_usage,NeuralNetFastAI,1011,0.0006063670016805417,0.013139750460642008,0.013139750460642008,0.004216369895813607,0.004216369895813607,0.00462171218764892,0.00462171218764892,0.00382279395351351,0.00382279395351351,0.004220292012325345,0.004220292012325345,0.041710069115065466,0.041710069115065466,0.04246716017746869,0.04246716017746869,0.03654287863118826,0.03654287863118826,0.040240035974574144,0.040240035974574144,0.041710069115065466,0.041710069115065466,0.04246716017746869,0.04246716017746869,0.03654287863118826,0.03654287863118826,0.040240035974574144,0.040240035974574144,0.0020056943333959984
kdd_internet_usage,NeuralNetTorch,1011,0.0004818589126725466,0.01775397100298975,0.01775397100298975,0.003582150666265349,0.003582150666265349,0.00446701175058672,0.00446701175058672,0.0046578887048385744,0.0046578887048385744,0.004235683707230215,0.004235683707230215,0.04647599349031455,0.04647599349031455,0.045935057196443724,0.045935057196443724,0.03996562245569047,0.03996562245569047,0.04412555771414958,0.04412555771414958,0.04647599349031455,0.04647599349031455,0.045935057196443724,0.045935057196443724,0.03996562245569047,0.03996562245569047,0.04412555771414958,0.04412555771414958,0.0023565416668134276
kdd_internet_usage,RandomForest,1011,0.0014103647049324539,0.026669656403356303,0.026669656403356303,0.004798866987795783,0.004798866987795783,0.004684070249732766,0.004684070249732766,0.005559166681776535,0.005559166681776535,0.005014034639768361,0.005014034639768361,0.0422982204659187,0.0422982204659187,0.03666070138777189,0.03666070138777189,0.043469790796128414,0.043469790796128414,0.040809570883273,0.040809570883273,0.0422982204659187,0.0422982204659187,0.03666070138777189,0.03666070138777189,0.043469790796128414,0.043469790796128414,0.040809570883273,0.040809570883273,0.0021992639995005447
kdd_internet_usage,XGBoost,1011,0.0002602774634580257,0.011638285660769415,0.011638285660769415,0.004503934192418845,0.004503934192418845,0.004320416553630857,0.004320416553630857,0.005764430021493192,0.005764430021493192,0.0048629269225142985,0.0048629269225142985,0.043820638795342745,0.043820638795342745,0.040879808744792405,0.040879808744792405,0.04969322022857121,0.04969322022857121,0.04479788925623545,0.04479788925623545,0.043820638795342745,0.043820638795342745,0.040879808744792405,0.040879808744792405,0.04969322022857121,0.04969322022857121,0.04479788925623545,0.04479788925623545,0.0020592083334728764
kick,CatBoost,7299,0.0003284324724235084,0.01568537063988908,0.01568537063988908,0.0010530884957131743,0.0010530884957131743,0.0009978124096583663,0.0009978124096583663,0.0009315462271741305,0.0009315462271741305,0.0009941490441818903,0.0009941490441818903,0.022744201005975316,0.022744201005975316,0.023076874352788705,0.023076874352788705,0.021856483198777105,0.021856483198777105,0.02255918618584704,0.02255918618584704,0.022744201005975316,0.022744201005975316,0.023076874352788705,0.023076874352788705,0.021856483198777105,0.021856483198777105,0.02255918618584704,0.02255918618584704,0.005228166666105001
kick,ExtraTrees,7299,0.0007693803283363651,0.022206391086151307,0.022206391086151307,0.0014066681651353954,0.0014066681651353954,0.0016368846637338358,0.0016368846637338358,0.0013529692317450549,0.0013529692317450549,0.0014655073535380953,0.0014655073535380953,0.027218223624001427,0.027218223624001427,0.031125259545673273,0.031125259545673273,0.02620413230506095,0.02620413230506095,0.02818253849157855,0.02818253849157855,0.027218223624001427,0.027218223624001427,0.031125259545673273,0.031125259545673273,0.02620413230506095,0.02620413230506095,0.02818253849157855,0.02818253849157855,0.00589991666614272
kick,LightGBM,7299,0.000758403691047608,0.0190159195066514,0.0190159195066514,0.0016731157327509163,0.0016731157327509163,0.0015341347346121284,0.0015341347346121284,0.001403950246529689,0.001403950246529689,0.0015370669046309113,0.0015370669046309113,0.02421548892638619,0.02421548892638619,0.02548035161808574,0.02548035161808574,0.022324982805669833,0.022324982805669833,0.02400694111671392,0.02400694111671392,0.02421548892638619,0.02421548892638619,0.02548035161808574,0.02548035161808574,0.022324982805669833,0.022324982805669833,0.02400694111671392,0.02400694111671392,0.005454819332953775
kick,LinearModel,7299,0.0005939979673438714,0.01760061161563192,0.01760061161563192,0.0013963644191862172,0.0013963644191862172,0.0015614529879664411,0.0015614529879664411,0.001514640229303189,0.001514640229303189,0.001490819212151949,0.001490819212151949,0.023072421119875283,0.023072421119875283,0.022967646568738627,0.022967646568738627,0.02547590644639506,0.02547590644639506,0.023838658045002986,0.023838658045002986,0.023072421119875283,0.023072421119875283,0.022967646568738627,0.022967646568738627,0.02547590644639506,0.02547590644639506,0.023838658045002986,0.023838658045002986,0.005447764000564348
kick,NeuralNetFastAI,7299,0.0005771733416787403,0.017684241476468614,0.017684241476468614,0.0012718843794280825,0.0012718843794280825,0.0011771143197976054,0.0011771143197976054,0.0013358320838545903,0.0013358320838545903,0.0012616102610267593,0.0012616102610267593,0.024740321129462988,0.024740321129462988,0.02445147489487833,0.02445147489487833,0.022900507317294278,0.022900507317294278,0.024030767780545196,0.024030767780545196,0.024740321129462988,0.024740321129462988,0.02445147489487833,0.02445147489487833,0.022900507317294278,0.022900507317294278,0.024030767780545196,0.024030767780545196,0.005483458334007689
kick,NeuralNetTorch,7299,0.00023458592068901205,0.013487245802634747,0.013487245802634747,0.0009518777235039542,0.0009518777235039542,0.00099965335101728,0.00099965335101728,0.0009067075765545411,0.0009067075765545411,0.0009527462170252584,0.0009527462170252584,0.023152923671470513,0.023152923671470513,0.022259169900016626,0.022259169900016626,0.02345909902277672,0.02345909902277672,0.02295706419808795,0.02295706419808795,0.023152923671470513,0.023152923671470513,0.022259169900016626,0.022259169900016626,0.02345909902277672,0.02345909902277672,0.02295706419808795,0.02295706419808795,0.0051116946669935714
kick,RandomForest,7299,0.002828115379297646,0.03225391854775516,0.03225391854775516,0.003492615397733439,0.003492615397733439,0.004056596399413172,0.004056596399413172,0.003575742730344555,0.003575742730344555,0.003708318175830389,0.003708318175830389,0.036794893642665964,0.036794893642665964,0.04159434590885368,0.04159434590885368,0.036377427337031774,0.036377427337031774,0.038255555629517136,0.038255555629517136,0.036794893642665964,0.036794893642665964,0.04159434590885368,0.04159434590885368,0.036377427337031774,0.036377427337031774,0.038255555629517136,0.038255555629517136,0.005473194666895627
kick,XGBoost,7299,0.00046227426086040705,0.018060586153021627,0.018060586153021627,0.001400322031476111,0.001400322031476111,0.001166217268271127,0.001166217268271127,0.001184987120766035,0.001184987120766035,0.0012505088068377576,0.0012505088068377576,0.023052381880730412,0.023052381880730412,0.024688111129086063,0.024688111129086063,0.023554005867460034,0.023554005867460034,0.02376483295909217,0.02376483295909217,0.023052381880730412,0.023052381880730412,0.024688111129086063,0.024688111129086063,0.023554005867460034,0.023554005867460034,0.02376483295909217,0.02376483295909217,0.0052147780006635
mammography,CatBoost,1119,0.0003067871709737866,0.002987250300573251,0.002987250300573251,0.001575865255397263,0.001575865255397263,0.0005949437698838563,0.0005949437698838563,0.0021798771109506777,0.0021798771109506777,0.0014502287120772657,0.0014502287120772657,0.009862577783159354,0.009862577783159354,0.007782472840164028,0.007782472840164028,0.010263865948826108,0.010263865948826108,0.009302972190716496,0.009302972190716496,0.009862577783159354,0.009862577783159354,0.007782472840164028,0.007782472840164028,0.010263865948826108,0.010263865948826108,0.009302972190716496,0.009302972190716496,0.0021204999999705856
mammography,ExtraTrees,1119,0.0009083719555935277,0.00982183899564482,0.00982183899564482,0.002036235568157476,0.002036235568157476,0.0019978913782197688,0.0019978913782197688,0.0015287147256927939,0.0015287147256927939,0.0018542805573566795,0.0018542805573566795,0.012677147098209834,0.012677147098209834,0.013176909992530898,0.013176909992530898,0.01055207877603953,0.01055207877603953,0.012135378622260088,0.012135378622260088,0.012677147098209834,0.012677147098209834,0.013176909992530898,0.013176909992530898,0.01055207877603953,0.01055207877603953,0.012135378622260088,0.012135378622260088,0.0021846390009159222
mammography,LightGBM,1119,0.00031100477806888605,0.004549416189807716,0.004549416189807716,0.002693334167265109,0.002693334167265109,0.0016365930924691924,0.0016365930924691924,0.0010627376767576922,0.0010627376767576922,0.0017975549788306646,0.0017975549788306646,0.013104209469146927,0.013104209469146927,0.012230344486844803,0.012230344486844803,0.009016499918501848,0.009016499918501848,0.01145035129149786,0.01145035129149786,0.013104209469146927,0.013104209469146927,0.012230344486844803,0.012230344486844803,0.009016499918501848,0.009016499918501848,0.01145035129149786,0.01145035129149786,0.00213743066706229
mammography,LinearModel,1119,0.00047097862035540007,0.0075422727862264815,0.0075422727862264815,0.001523897546239346,0.001523897546239346,0.0015727986587051588,0.0015727986587051588,0.0021952371863621016,0.0021952371863621016,0.001763977797102202,0.001763977797102202,0.012821451014548728,0.012821451014548728,0.013395522308992878,0.013395522308992878,0.012549621176077892,0.012549621176077892,0.012922198166539833,0.012922198166539833,0.012821451014548728,0.012821451014548728,0.013395522308992878,0.013395522308992878,0.012549621176077892,0.012549621176077892,0.012922198166539833,0.012922198166539833,0.0020385276669306527
mammography,NeuralNetFastAI,1119,0.00021599745896071988,0.0038140064351425873,0.0038140064351425873,0.0019653251830531997,0.0019653251830531997,0.0015287597249670924,0.0015287597249670924,0.0011240421274316846,0.0011240421274316846,0.0015393756784839922,0.0015393756784839922,0.010938945246071216,0.010938945246071216,0.009692422148681532,0.009692422148681532,0.01044457647524561,0.01044457647524561,0.01035864795666612,0.01035864795666612,0.010938945246071216,0.010938945246071216,0.009692422148681532,0.009692422148681532,0.01044457647524561,0.01044457647524561,0.01035864795666612,0.01035864795666612,0.00205401399944094
mammography,NeuralNetTorch,1119,0.0002914973659975757,0.004787277400137917,0.004787277400137917,0.001960210212947335,0.001960210212947335,0.001980627030870044,0.001980627030870044,0.0011400134944423916,0.0011400134944423916,0.0016936169127532569,0.0016936169127532569,0.012660204210465428,0.012660204210465428,0.01121936971549363,0.01121936971549363,0.009253475103653304,0.009253475103653304,0.011044349676537453,0.011044349676537453,0.012660204210465428,0.012660204210465428,0.01121936971549363,0.01121936971549363,0.009253475103653304,0.009253475103653304,0.011044349676537453,0.011044349676537453,0.0020237776661815587
mammography,RandomForest,1119,0.0009077515840056415,0.010416327105699756,0.010416327105699756,0.0017147477010608242,0.0017147477010608242,0.0014310222684240476,0.0014310222684240476,0.0022025707000141465,0.0022025707000141465,0.0017827802231663397,0.0017827802231663397,0.014484852218691968,0.014484852218691968,0.014653743204780849,0.014653743204780849,0.016417742214979884,0.016417742214979884,0.015185445879484233,0.015185445879484233,0.014484852218691968,0.014484852218691968,0.014653743204780849,0.014653743204780849,0.016417742214979884,0.016417742214979884,0.015185445879484233,0.015185445879484233,0.002005805666461432
mammography,XGBoost,1119,0.00038680258371852957,0.004986199969852342,0.004986199969852342,0.0030005895189206635,0.0030005895189206635,0.0010829179663468603,0.0010829179663468603,0.0023469115312018843,0.0023469115312018843,0.002143473005489803,0.002143473005489803,0.011387547401665985,0.011387547401665985,0.00923146741352168,0.00923146741352168,0.010897261289647889,0.010897261289647889,0.010505425368278518,0.010505425368278518,0.011387547401665985,0.011387547401665985,0.00923146741352168,0.00923146741352168,0.010897261289647889,0.010897261289647889,0.010505425368278518,0.010505425368278518,0.0020179026663148156
mc1,CatBoost,947,8.474567040156436e-05,0.001448690264707574,0.001448690264707574,0.0005846453858231754,0.0005846453858231754,0.0012036829397406926,0.0012036829397406926,0.00029089006222381586,0.00029089006222381586,0.0006930727959292279,0.0006930727959292279,0.00451288204321145,0.00451288204321145,0.007623709231933949,0.007623709231933949,0.004285710075537752,0.004285710075537752,0.005474100450227716,0.005474100450227716,0.00451288204321145,0.00451288204321145,0.007623709231933949,0.007623709231933949,0.004285710075537752,0.004285710075537752,0.005474100450227716,0.005474100450227716,0.0019014583340322133
mc1,ExtraTrees,947,0.00010842411057971378,0.00240776792749526,0.00240776792749526,0.0004701933885121874,0.0004701933885121874,0.0008286575276240486,0.0008286575276240486,0.0008756744871640988,0.0008756744871640988,0.0007248418011001116,0.0007248418011001116,0.006324260414092383,0.006324260414092383,0.006137408770602322,0.006137408770602322,0.006729459816559772,0.006729459816559772,0.006397043000418159,0.006397043000418159,0.006324260414092383,0.006324260414092383,0.006137408770602322,0.006137408770602322,0.006729459816559772,0.006729459816559772,0.006397043000418159,0.006397043000418159,0.001934208333598993
mc1,LightGBM,947,9.440718488325625e-05,0.002233540501656573,0.002233540501656573,0.0001292061550992136,0.0001292061550992136,0.001756769644703191,0.001756769644703191,0.0006857042741854076,0.0006857042741854076,0.0008572266913292707,0.0008572266913292707,0.002990737264774791,0.002990737264774791,0.008239301336265869,0.008239301336265869,0.0036081224165482144,0.0036081224165482144,0.004946053672529625,0.004946053672529625,0.002990737264774791,0.002990737264774791,0.008239301336265869,0.008239301336265869,0.0036081224165482144,0.0036081224165482144,0.004946053672529625,0.004946053672529625,0.0026668889998594145
mc1,LinearModel,947,0.00014638436646146276,0.0026338506459625682,0.0026338506459625682,0.0005806401854030298,0.0005806401854030298,0.00091303240255973,0.00091303240255973,0.0007531190279645209,0.0007531190279645209,0.0007489305386424269,0.0007489305386424269,0.005782741414183751,0.005782741414183751,0.007289961655703223,0.007289961655703223,0.008361660757027666,0.008361660757027666,0.00714478794230488,0.00714478794230488,0.005782741414183751,0.005782741414183751,0.007289961655703223,0.007289961655703223,0.008361660757027666,0.008361660757027666,0.00714478794230488,0.00714478794230488,0.0021366946663571675
mc1,NeuralNetFastAI,947,0.0002510707807121435,0.0026250846864085877,0.0026250846864085877,0.0005407015453825542,0.0005407015453825542,0.0012117600104391937,0.0012117600104391937,0.000498540515221301,0.000498540515221301,0.0007503340236810163,0.0007503340236810163,0.00505765512617091,0.00505765512617091,0.007597124852916504,0.007597124852916504,0.0067006889168159355,0.0067006889168159355,0.006451822965301116,0.006451822965301116,0.00505765512617091,0.00505765512617091,0.007597124852916504,0.007597124852916504,0.0067006889168159355,0.0067006889168159355,0.006451822965301116,0.006451822965301116,0.0020745276669913437
mc1,NeuralNetTorch,947,0.00010110961490308469,0.002626690070216347,0.002626690070216347,0.000557475923063641,0.000557475923063641,0.0010266920720061658,0.0010266920720061658,0.0004747569959850191,0.0004747569959850191,0.0006863083303516086,0.0006863083303516086,0.007605708114253384,0.007605708114253384,0.00849437637310583,0.00849437637310583,0.006962440877988904,0.006962440877988904,0.00768750845511604,0.00768750845511604,0.007605708114253384,0.007605708114253384,0.00849437637310583,0.00849437637310583,0.006962440877988904,0.006962440877988904,0.00768750845511604,0.00768750845511604,0.0021338056673509223
mc1,RandomForest,947,5.816639252468534e-05,0.002580967733421892,0.002580967733421892,0.0006747547073594356,0.0006747547073594356,0.0009315437910162739,0.0009315437910162739,0.00040375282373368316,0.00040375282373368316,0.0006700171073697976,0.0006700171073697976,0.005835426846703079,0.005835426846703079,0.006058120111989975,0.006058120111989975,0.0056305542854640026,0.0056305542854640026,0.005841367081385686,0.005841367081385686,0.005835426846703079,0.005835426846703079,0.006058120111989975,0.006058120111989975,0.0056305542854640026,0.0056305542854640026,0.005841367081385686,0.005841367081385686,0.002054333333944669
mc1,XGBoost,947,6.719166348136656e-05,0.0017722229712900024,0.0017722229712900024,0.0003120167721272775,0.0003120167721272775,0.0009239085227436871,0.0009239085227436871,0.0006790333144606214,0.0006790333144606214,0.000638319536443862,0.000638319536443862,0.004907908153630706,0.004907908153630706,0.007961355536731616,0.007961355536731616,0.005499046830137859,0.005499046830137859,0.00612277017350006,0.00612277017350006,0.004907908153630706,0.004907908153630706,0.007961355536731616,0.007961355536731616,0.005499046830137859,0.005499046830137859,0.00612277017350006,0.00612277017350006,0.0020264166669221595
mozilla4,CatBoost,1555,0.00010475732649914228,0.004283992180305419,0.004283992180305419,0.0016505623155424803,0.0016505623155424803,0.0020338461689394377,0.0020338461689394377,0.001463855938923718,0.001463855938923718,0.0017160881411352122,0.0017160881411352122,0.021778599532216097,0.021778599532216097,0.02561781470849792,0.02561781470849792,0.023862327591749468,0.023862327591749468,0.023752913944154495,0.023752913944154495,0.021778599532216097,0.021778599532216097,0.02561781470849792,0.02561781470849792,0.023862327591749468,0.023862327591749468,0.023752913944154495,0.023752913944154495,0.0023368470004546302
mozilla4,ExtraTrees,1555,0.0009227105781339121,0.019337496672612108,0.019337496672612108,0.0021997022386657673,0.0021997022386657673,0.003181323793439497,0.003181323793439497,0.0024838014303137264,0.0024838014303137264,0.0026216091541396633,0.0026216091541396633,0.02490032415064441,0.02490032415064441,0.02328831806593242,0.02328831806593242,0.027108251954162332,0.027108251954162332,0.025098964723579722,0.025098964723579722,0.02490032415064441,0.02490032415064441,0.02328831806593242,0.02328831806593242,0.027108251954162332,0.027108251954162332,0.025098964723579722,0.025098964723579722,0.002357027666827586
mozilla4,LightGBM,1555,0.000159472009788727,0.00936400598354699,0.00936400598354699,0.001573152227912036,0.001573152227912036,0.0021472699542728507,0.0021472699542728507,0.0018471287791327101,0.0018471287791327101,0.0018558503204391989,0.0018558503204391989,0.020620822749277307,0.020620822749277307,0.02197699184197082,0.02197699184197082,0.020756940079787057,0.020756940079787057,0.02111825155701173,0.02111825155701173,0.020620822749277307,0.020620822749277307,0.02197699184197082,0.02197699184197082,0.020756940079787057,0.020756940079787057,0.02111825155701173,0.02111825155701173,0.002444388999720104
mozilla4,LinearModel,1555,0.00220445800765884,0.015876230313230686,0.015876230313230686,0.0027026873841292246,0.0027026873841292246,0.002129212120848922,0.002129212120848922,0.003405941414325963,0.003405941414325963,0.00274594697310137,0.00274594697310137,0.02781188138529714,0.02781188138529714,0.026470278882002027,0.026470278882002027,0.03115378699986793,0.03115378699986793,0.0284786490890557,0.0284786490890557,0.02781188138529714,0.02781188138529714,0.026470278882002027,0.026470278882002027,0.03115378699986793,0.03115378699986793,0.0284786490890557,0.0284786490890557,0.002357375000428874
mozilla4,NeuralNetFastAI,1555,0.0010055261190156874,0.020562476577339065,0.020562476577339065,0.003731008131333176,0.003731008131333176,0.004714556965897236,0.004714556965897236,0.003418677411494967,0.003418677411494967,0.00395474750290846,0.00395474750290846,0.041176679882541346,0.041176679882541346,0.037262808326691675,0.037262808326691675,0.036327926952308014,0.036327926952308014,0.038255805053847014,0.038255805053847014,0.041176679882541346,0.041176679882541346,0.037262808326691675,0.037262808326691675,0.036327926952308014,0.036327926952308014,0.038255805053847014,0.038255805053847014,0.0023441250001875837
mozilla4,NeuralNetTorch,1555,0.0007979974933060649,0.013448329768381714,0.013448329768381714,0.00284093926654306,0.00284093926654306,0.0025998750342134803,0.0025998750342134803,0.0018145748857971412,0.0018145748857971412,0.0024184630621845605,0.0024184630621845605,0.02509102172619849,0.02509102172619849,0.023594166084713843,0.023594166084713843,0.022805288625896137,0.022805288625896137,0.02383015881226949,0.02383015881226949,0.02509102172619849,0.02509102172619849,0.023594166084713843,0.023594166084713843,0.022805288625896137,0.022805288625896137,0.02383015881226949,0.02383015881226949,0.0024012499998207204
mozilla4,RandomForest,1555,0.0006578447157407265,0.014748294860964668,0.014748294860964668,0.0024260735779940727,0.0024260735779940727,0.003284089116672806,0.003284089116672806,0.002925971391671243,0.002925971391671243,0.0028787113621127074,0.0028787113621127074,0.025174705290094832,0.025174705290094832,0.026107180658787775,0.026107180658787775,0.03136334367863043,0.03136334367863043,0.02754840987583768,0.02754840987583768,0.025174705290094832,0.025174705290094832,0.026107180658787775,0.026107180658787775,0.03136334367863043,0.03136334367863043,0.02754840987583768,0.02754840987583768,0.0024363886671684063
mozilla4,XGBoost,1555,0.00013384213959910505,0.004527395625543843,0.004527395625543843,0.0018815354789833622,0.0018815354789833622,0.0018772642822173279,0.0018772642822173279,0.002077385505731539,0.002077385505731539,0.0019453950889774096,0.0019453950889774096,0.024872119916536338,0.024872119916536338,0.02257008405469307,0.02257008405469307,0.02367088331395859,0.02367088331395859,0.023704362428395995,0.023704362428395995,0.024872119916536338,0.024872119916536338,0.02257008405469307,0.02257008405469307,0.02367088331395859,0.02367088331395859,0.023704362428395995,0.023704362428395995,0.002378388999204617
nomao,CatBoost,3447,0.00014470361669024728,0.003625955038653568,0.003625955038653568,0.0015016714114438235,0.0015016714114438235,0.0014371607370282631,0.0014371607370282631,0.0011874450115133823,0.0011874450115133823,0.0013754257199951562,0.0013754257199951562,0.011717567820851621,0.011717567820851621,0.011293477933814845,0.011293477933814845,0.010634869718619554,0.010634869718619554,0.011215305157762007,0.011215305157762007,0.011717567820851621,0.011717567820851621,0.011293477933814845,0.011293477933814845,0.010634869718619554,0.010634869718619554,0.011215305157762007,0.011215305157762007,0.003162291667346532
nomao,ExtraTrees,3447,0.0017768789407561548,0.022720582999909377,0.022720582999909377,0.0029642601162701092,0.0029642601162701092,0.003171001921203055,0.003171001921203055,0.002682369032636507,0.002682369032636507,0.0029392103567032236,0.0029392103567032236,0.025947535684894774,0.025947535684894774,0.026953240239294043,0.026953240239294043,0.02435318772833171,0.02435318772833171,0.025751321217506843,0.025751321217506843,0.025947535684894774,0.025947535684894774,0.026953240239294043,0.026953240239294043,0.02435318772833171,0.02435318772833171,0.025751321217506843,0.025751321217506843,0.0030598886672426793
nomao,LightGBM,3447,2.7357595544002276e-05,0.002103834546971972,0.002103834546971972,0.0013705784211346227,0.0013705784211346227,0.0013449069892162548,0.0013449069892162548,0.0010211584899285934,0.0010211584899285934,0.0012455479667598237,0.0012455479667598237,0.011347408923049931,0.011347408923049931,0.012173576743456723,0.012173576743456723,0.010266286407060421,0.010266286407060421,0.011262424024522358,0.011262424024522358,0.011347408923049931,0.011347408923049931,0.012173576743456723,0.012173576743456723,0.010266286407060421,0.010266286407060421,0.011262424024522358,0.011262424024522358,0.003140958332854401
nomao,LinearModel,3447,7.56566533120852e-05,0.004612081453781588,0.004612081453781588,0.0013843015378578265,0.0013843015378578265,0.001646840975456397,0.001646840975456397,0.0012830875930624252,0.0012830875930624252,0.0014380767021255495,0.0014380767021255495,0.016343429129200792,0.016343429129200792,0.018069252814137557,0.018069252814137557,0.020311561905442786,0.020311561905442786,0.018241414616260377,0.018241414616260377,0.016343429129200792,0.016343429129200792,0.018069252814137557,0.018069252814137557,0.020311561905442786,0.020311561905442786,0.018241414616260377,0.018241414616260377,0.0031616113337804563
nomao,NeuralNetFastAI,3447,8.557584359431473e-05,0.004501180151485815,0.004501180151485815,0.0013784614178451572,0.0013784614178451572,0.0010377601414395643,0.0010377601414395643,0.0010290777544256057,0.0010290777544256057,0.0011484331045701092,0.0011484331045701092,0.013392628332133678,0.013392628332133678,0.013270257263807508,0.013270257263807508,0.011260343926305724,0.011260343926305724,0.012641076507415637,0.012641076507415637,0.013392628332133678,0.013392628332133678,0.013270257263807508,0.013270257263807508,0.011260343926305724,0.011260343926305724,0.012641076507415637,0.012641076507415637,0.0032814306675087814
nomao,NeuralNetTorch,3447,9.360997247336185e-05,0.00656317371732796,0.00656317371732796,0.0016553497983815282,0.0016553497983815282,0.0013024918524671262,0.0013024918524671262,0.0012867807462806193,0.0012867807462806193,0.0014148741323764247,0.0014148741323764247,0.016713562166920267,0.016713562166920267,0.017288748680351587,0.017288748680351587,0.01909215310146729,0.01909215310146729,0.017698154649579717,0.017698154649579717,0.016713562166920267,0.016713562166920267,0.017288748680351587,0.017288748680351587,0.01909215310146729,0.01909215310146729,0.017698154649579717,0.017698154649579717,0.0032590693335805554
nomao,RandomForest,3447,0.00211467999050397,0.025183486880836287,0.025183486880836287,0.0035567675494675793,0.0035567675494675793,0.0026535523897544796,0.0026535523897544796,0.0027511134657595923,0.0027511134657595923,0.0029871444683272166,0.0029871444683272166,0.029417813625073206,0.029417813625073206,0.02542013407708909,0.02542013407708909,0.026139600751994483,0.026139600751994483,0.026992516151385593,0.026992516151385593,0.029417813625073206,0.029417813625073206,0.02542013407708909,0.02542013407708909,0.026139600751994483,0.026139600751994483,0.026992516151385593,0.026992516151385593,0.0032734720007283613
nomao,XGBoost,3447,9.556992200958155e-06,0.0014441128888325516,0.0014441128888325516,0.0013996077921258267,0.0013996077921258267,0.0009246700031350019,0.0009246700031350019,0.0008466904852063721,0.0008466904852063721,0.0010569894268224003,0.0010569894268224003,0.012746758799720757,0.012746758799720757,0.009624830651905293,0.009624830651905293,0.012566153296882156,0.012566153296882156,0.011645914249502736,0.011645914249502736,0.012746758799720757,0.012746758799720757,0.009624830651905293,0.009624830651905293,0.012566153296882156,0.012566153296882156,0.011645914249502736,0.011645914249502736,0.003457514000425969
numerai28_6,CatBoost,9632,0.00035483117713662227,0.011971280148927357,0.011971280148927357,0.0008388815498435401,0.0008388815498435401,0.0009768939785904942,0.0009768939785904942,0.000865836790511366,0.000865836790511366,0.0008938707729818002,0.0008938707729818002,0.023476072627296084,0.023476072627296084,0.02337200075783999,0.02337200075783999,0.024155476919539346,0.024155476919539346,0.023667850101558474,0.023667850101558474,0.023476072627296084,0.023476072627296084,0.02337200075783999,0.02337200075783999,0.024155476919539346,0.024155476919539346,0.023667850101558474,0.023667850101558474,0.007286638666604024
numerai28_6,ExtraTrees,9632,0.0001826482708778305,0.01051235737656537,0.01051235737656537,0.0006370357006450207,0.0006370357006450207,0.0007179350994928995,0.0007179350994928995,0.0006219056053845281,0.0006219056053845281,0.0006589588018408161,0.0006589588018408161,0.02155840009500418,0.02155840009500418,0.021247803150023337,0.021247803150023337,0.014114248835515738,0.014114248835515738,0.01897348402684775,0.01897348402684775,0.02155840009500418,0.02155840009500418,0.021247803150023337,0.021247803150023337,0.014114248835515738,0.014114248835515738,0.01897348402684775,0.01897348402684775,0.007131375000123323
numerai28_6,LightGBM,9632,0.0002515680942445501,0.011848843371823578,0.011848843371823578,0.0006765374829584623,0.0006765374829584623,0.0010076083944224568,0.0010076083944224568,0.0008487582681054347,0.0008487582681054347,0.0008443013818287846,0.0008443013818287846,0.01606102101814212,0.01606102101814212,0.02724828284258561,0.02724828284258561,0.021505352898664846,0.021505352898664846,0.02160488558646419,0.02160488558646419,0.01606102101814212,0.01606102101814212,0.02724828284258561,0.02724828284258561,0.021505352898664846,0.021505352898664846,0.02160488558646419,0.02160488558646419,0.006761139000445837
numerai28_6,LinearModel,9632,0.0002761142419707706,0.01254462680633975,0.01254462680633975,0.0006206441504983289,0.0006206441504983289,0.0007587175816467956,0.0007587175816467956,0.000708304725430876,0.000708304725430876,0.0006958888191920001,0.0006958888191920001,0.020988153374175297,0.020988153374175297,0.01770809471013142,0.01770809471013142,0.02065583428621688,0.02065583428621688,0.0197840274568412,0.0197840274568412,0.020988153374175297,0.020988153374175297,0.01770809471013142,0.01770809471013142,0.02065583428621688,0.02065583428621688,0.0197840274568412,0.0197840274568412,0.007222194333735388
numerai28_6,NeuralNetFastAI,9632,0.0002771364253259482,0.013133332572654633,0.013133332572654633,0.0005615090997928476,0.0005615090997928476,0.0007605930741405279,0.0007605930741405279,0.0005493758559922632,0.0005493758559922632,0.0006238260099752129,0.0006238260099752129,0.01703280023302252,0.01703280023302252,0.02511294146820259,0.02511294146820259,0.019845625506311755,0.019845625506311755,0.020663789069178953,0.020663789069178953,0.01703280023302252,0.01703280023302252,0.02511294146820259,0.02511294146820259,0.019845625506311755,0.019845625506311755,0.020663789069178953,0.020663789069178953,0.007000541667366633
numerai28_6,NeuralNetTorch,9632,0.0002644595391366567,0.012526102667284567,0.012526102667284567,0.0006569763394983786,0.0006569763394983786,0.0007930733328694761,0.0007930733328694761,0.0008658622865998164,0.0008658622865998164,0.0007719706529892238,0.0007719706529892238,0.018970405184772124,0.018970405184772124,0.021516707162697647,0.021516707162697647,0.02231625194330251,0.02231625194330251,0.02093445476359076,0.02093445476359076,0.018970405184772124,0.018970405184772124,0.021516707162697647,0.021516707162697647,0.02231625194330251,0.02231625194330251,0.02093445476359076,0.02093445476359076,0.00696818066595976
numerai28_6,RandomForest,9632,0.00012645464047984857,0.0071427804631400745,0.0071427804631400745,0.0005439202497626182,0.0005439202497626182,0.0006803385492403582,0.0006803385492403582,0.0006570743674071378,0.0006570743674071378,0.000627111055470038,0.000627111055470038,0.016518239844652307,0.016518239844652307,0.01664615071926303,0.01664615071926303,0.023362461103132594,0.023362461103132594,0.018842283889015977,0.018842283889015977,0.016518239844652307,0.016518239844652307,0.01664615071926303,0.01664615071926303,0.023362461103132594,0.023362461103132594,0.018842283889015977,0.018842283889015977,0.006633902667090297
numerai28_6,XGBoost,9632,0.0003256287364334502,0.01252303114377482,0.01252303114377482,0.0007037972252340338,0.0007037972252340338,0.001182224777009799,0.001182224777009799,0.0009965633664229736,0.0009965633664229736,0.0009608617895556021,0.0009608617895556021,0.02080624271803025,0.02080624271803025,0.02450243569601117,0.02450243569601117,0.024557650401767505,0.024557650401767505,0.023288776271936307,0.023288776271936307,0.02080624271803025,0.02080624271803025,0.02450243569601117,0.02450243569601117,0.024557650401767505,0.024557650401767505,0.023288776271936307,0.023288776271936307,0.00665879166748103
