dataset,model,test_size,true_brier,true_l1,true_l2,KDE-ECE_brier_draw0,KDE-ECE_brier_draw0_unclipped,KDE-ECE_brier_draw1,KDE-ECE_brier_draw1_unclipped,KDE-ECE_brier_draw2,KDE-ECE_brier_draw2_unclipped,KDE-ECE_brier,KDE-ECE_brier_unclipped,KDE-ECE_l1_draw0,KDE-ECE_l1_draw0_unclipped,KDE-ECE_l1_draw1,KDE-ECE_l1_draw1_unclipped,KDE-ECE_l1_draw2,KDE-ECE_l1_draw2_unclipped,KDE-ECE_l1,KDE-ECE_l1_unclipped,KDE-ECE_l2_draw0,KDE-ECE_l2_draw0_unclipped,KDE-ECE_l2_draw1,KDE-ECE_l2_draw1_unclipped,KDE-ECE_l2_draw2,KDE-ECE_l2_draw2_unclipped,KDE-ECE_l2,KDE-ECE_l2_unclipped,KDE-ECE_time
2dplanes,CatBoost,4077,0.0010357467002906422,0.016759806470045092,0.016759806470045092,0.0033272133926773918,0.0033272133926773918,0.0037253172359237143,0.0037253172359237143,0.0037889663356980943,0.0037889663356980943,0.0036138323214330668,0.0036138323214330668,0.02549299497399345,0.02549299497399345,0.02609236873484779,0.02609236873484779,0.024655129051880557,0.024655129051880557,0.025413497586907266,0.025413497586907266,0.02549299497399345,0.02549299497399345,0.02609236873484779,0.02609236873484779,0.024655129051880557,0.024655129051880557,0.025413497586907266,0.025413497586907266,0.1641459026662536
2dplanes,ExtraTrees,4077,0.00060943821379165,0.013471089267672749,0.013471089267672749,0.002244875564805825,0.002244875564805825,0.002252480489924563,0.002252480489924563,0.002367755724934484,0.002367755724934484,0.002288370593221624,0.002288370593221624,0.021818747858250262,0.021818747858250262,0.022834615664081924,0.022834615664081924,0.02149279374762984,0.02149279374762984,0.022048719089987342,0.022048719089987342,0.021818747858250262,0.021818747858250262,0.022834615664081924,0.022834615664081924,0.02149279374762984,0.02149279374762984,0.022048719089987342,0.022048719089987342,0.18002155566743264
2dplanes,LightGBM,4077,0.0006452912859289947,0.014063984582822505,0.014063984582822505,0.0019797512606515065,0.0019797512606515065,0.0015415220267995247,0.0015415220267995247,0.0029784105381969995,0.0029784105381969995,0.00216656127521601,0.00216656127521601,0.019340046901347815,0.019340046901347815,0.018301948421718603,0.018301948421718603,0.023208807344943665,0.023208807344943665,0.020283600889336697,0.020283600889336697,0.019340046901347815,0.019340046901347815,0.018301948421718603,0.018301948421718603,0.023208807344943665,0.023208807344943665,0.020283600889336697,0.020283600889336697,0.1936002499993871
2dplanes,LinearModel,4077,0.006020850286611491,0.05546835795935246,0.05546835795935246,0.014260177532813082,0.014260177532813082,0.013926181453237926,0.013926181453237926,0.010342608474527273,0.010342608474527273,0.012842989153526094,0.012842989153526094,0.08328213336088452,0.08328213336088452,0.08417643212306969,0.08417643212306969,0.07159911976648534,0.07159911976648534,0.07968589508347985,0.07968589508347985,0.08328213336088452,0.08328213336088452,0.08417643212306969,0.08417643212306969,0.07159911976648534,0.07159911976648534,0.07968589508347985,0.07968589508347985,0.17699986133326698
2dplanes,NeuralNetFastAI,4077,0.0003691270459463433,0.010036207619855754,0.010036207619855754,0.0014140298515543574,0.0014140298515543574,0.002382662093529545,0.002382662093529545,0.0023043531053383117,0.0023043531053383117,0.0020336816834740715,0.0020336816834740715,0.016525368741038465,0.016525368741038465,0.020903700785211553,0.020903700785211553,0.019617883452907728,0.019617883452907728,0.019015650993052583,0.019015650993052583,0.016525368741038465,0.016525368741038465,0.020903700785211553,0.020903700785211553,0.019617883452907728,0.019617883452907728,0.019015650993052583,0.019015650993052583,0.15138700000049235
2dplanes,NeuralNetTorch,4077,0.0003406932270880549,0.009938694772379074,0.009938694772379074,0.0038792931763389042,0.0038792931763389042,0.004318775589079498,0.004318775589079498,0.0046880522538298814,0.0046880522538298814,0.004295373673082761,0.004295373673082761,0.026495300685552316,0.026495300685552316,0.0286724088288142,0.0286724088288142,0.02939853740868913,0.02939853740868913,0.02818874897435188,0.02818874897435188,0.026495300685552316,0.026495300685552316,0.0286724088288142,0.0286724088288142,0.02939853740868913,0.02939853740868913,0.02818874897435188,0.02818874897435188,0.15578369466675213
2dplanes,RandomForest,4077,0.000662710189717478,0.012572317079092885,0.012572317079092885,0.0035439624829168236,0.0035439624829168236,0.005923912328218197,0.005923912328218197,0.009184452907955006,0.009184452907955006,0.006217442573030009,0.006217442573030009,0.026454840956965982,0.026454840956965982,0.03275784569948647,0.03275784569948647,0.0414291306798148,0.0414291306798148,0.03354727244542242,0.03354727244542242,0.026454840956965982,0.026454840956965982,0.03275784569948647,0.03275784569948647,0.0414291306798148,0.0414291306798148,0.03354727244542242,0.03354727244542242,0.1830654446663781
2dplanes,XGBoost,4077,0.0007391555875778144,0.013616694989012785,0.013616694989012785,0.0028809289360417216,0.0028809289360417216,0.0032664993394493406,0.0032664993394493406,0.002724273514487164,0.002724273514487164,0.002957233929992742,0.002957233929992742,0.023016141641735984,0.023016141641735984,0.024235141268757095,0.024235141268757095,0.02145679587610446,0.02145679587610446,0.022902692928865848,0.022902692928865848,0.023016141641735984,0.023016141641735984,0.024235141268757095,0.024235141268757095,0.02145679587610446,0.02145679587610446,0.022902692928865848,0.022902692928865848,0.15859259700058223
APSFailure,CatBoost,7600,0.00023072929039153674,0.0018584471185175446,0.0018584471185175446,0.0018769073686811866,0.0018769073686811866,0.0012545644001236492,0.0012545644001236492,0.001572306346973864,0.001572306346973864,0.0015679260385928998,0.0015679260385928998,0.005976856113028917,0.005976856113028917,0.005022696984636996,0.005022696984636996,0.00546640388894712,0.00546640388894712,0.00548865232887101,0.00548865232887101,0.005976856113028917,0.005976856113028917,0.005022696984636996,0.005022696984636996,0.00546640388894712,0.00546640388894712,0.00548865232887101,0.00548865232887101,0.3129246389992962
APSFailure,ExtraTrees,7600,0.0006226824370906533,0.0051914377608753915,0.0051914377608753915,0.0030708352140547943,0.0030708352140547943,0.0027469038918137402,0.0027469038918137402,0.0024560545295863856,0.0024560545295863856,0.002757931211818307,0.002757931211818307,0.010642248506852784,0.010642248506852784,0.009793982915458679,0.009793982915458679,0.009175853907410625,0.009175853907410625,0.009870695109907362,0.009870695109907362,0.010642248506852784,0.010642248506852784,0.009793982915458679,0.009793982915458679,0.009175853907410625,0.009175853907410625,0.009870695109907362,0.009870695109907362,0.2933177223336922
APSFailure,LightGBM,7600,0.00045686417862927437,0.0026085678974425864,0.0026085678974425864,0.0016085408682402903,0.0016085408682402903,0.002236476159873379,0.002236476159873379,0.002405598988353068,0.002405598988353068,0.0020835386721555793,0.0020835386721555793,0.005681480577649015,0.005681480577649015,0.006315853765518719,0.006315853765518719,0.006544011255586329,0.006544011255586329,0.00618044853291802,0.00618044853291802,0.005681480577649015,0.005681480577649015,0.006315853765518719,0.006315853765518719,0.006544011255586329,0.006544011255586329,0.00618044853291802,0.00618044853291802,0.27507351399981417
APSFailure,LinearModel,7600,0.0003803322741956466,0.0034943082985187082,0.0034943082985187082,0.0023298958256565794,0.0023298958256565794,0.0026819242460902723,0.0026819242460902723,0.0022365697043716264,0.0022365697043716264,0.002416129925372826,0.002416129925372826,0.008187964355308257,0.008187964355308257,0.007836713532879342,0.007836713532879342,0.007471309851460477,0.007471309851460477,0.007831995913216027,0.007831995913216027,0.008187964355308257,0.008187964355308257,0.007836713532879342,0.007836713532879342,0.007471309851460477,0.007471309851460477,0.007831995913216027,0.007831995913216027,0.2951122360003258
APSFailure,NeuralNetFastAI,7600,0.0005370516703016731,0.002903728571302389,0.002903728571302389,0.0016240481953923452,0.0016240481953923452,0.0019722393884167113,0.0019722393884167113,0.002064187500978364,0.002064187500978364,0.0018868250282624737,0.0018868250282624737,0.005847311549826036,0.005847311549826036,0.006050701135431186,0.006050701135431186,0.006271975975007308,0.006271975975007308,0.006056662886754843,0.006056662886754843,0.005847311549826036,0.005847311549826036,0.006050701135431186,0.006050701135431186,0.006271975975007308,0.006271975975007308,0.006056662886754843,0.006056662886754843,0.27640147233372164
APSFailure,NeuralNetTorch,7600,0.0003528082933513664,0.0026576990019937415,0.0026576990019937415,0.002174821825000951,0.002174821825000951,0.0017996738832482158,0.0017996738832482158,0.002715425290080811,0.002715425290080811,0.002229973666109993,0.002229973666109993,0.007401898957528642,0.007401898957528642,0.006846655483958702,0.006846655483958702,0.008429662951445044,0.008429662951445044,0.0075594057976441295,0.0075594057976441295,0.007401898957528642,0.007401898957528642,0.006846655483958702,0.006846655483958702,0.008429662951445044,0.008429662951445044,0.0075594057976441295,0.0075594057976441295,0.27153877800083137
APSFailure,RandomForest,7600,0.0007705903281132056,0.0069554844467050935,0.0069554844467050935,0.00249130459310108,0.00249130459310108,0.002967100378403952,0.002967100378403952,0.0025998747884409513,0.0025998747884409513,0.002686093253315328,0.002686093253315328,0.010850571198608902,0.010850571198608902,0.010823545168735278,0.010823545168735278,0.010666913603675015,0.010666913603675015,0.010780343323673065,0.010780343323673065,0.010850571198608902,0.010850571198608902,0.010823545168735278,0.010823545168735278,0.010666913603675015,0.010666913603675015,0.010780343323673065,0.010780343323673065,0.265621944333058
APSFailure,XGBoost,7600,0.0004522037960324727,0.00276524990062937,0.00276524990062937,0.001565982535907265,0.001565982535907265,0.0015249505424973385,0.0015249505424973385,0.0018882216049656828,0.0018882216049656828,0.0016597182277900957,0.0016597182277900957,0.0052883578650163125,0.0052883578650163125,0.005215002235894767,0.005215002235894767,0.005987013648092815,0.005987013648092815,0.005496791249667965,0.005496791249667965,0.0052883578650163125,0.0052883578650163125,0.005215002235894767,0.005215002235894767,0.005987013648092815,0.005987013648092815,0.005496791249667965,0.005496791249667965,0.2686941666676527
Amazon_employee_access,CatBoost,3277,6.587767880525423e-05,0.007047274838570309,0.007047274838570309,0.0017711868100188746,0.0017711868100188746,0.0015458433824916,0.0015458433824916,0.0015569489485961407,0.0015569489485961407,0.0016246597137022048,0.0016246597137022048,0.017456516236204832,0.017456516236204832,0.01705887720652307,0.01705887720652307,0.017274624812978978,0.017274624812978978,0.01726333941856896,0.01726333941856896,0.017456516236204832,0.017456516236204832,0.01705887720652307,0.01705887720652307,0.017274624812978978,0.017274624812978978,0.01726333941856896,0.01726333941856896,0.14009897199988094
Amazon_employee_access,ExtraTrees,3277,0.0011848128098959204,0.021936008014946693,0.021936008014946693,0.0022186541087252476,0.0022186541087252476,0.002808937252914858,0.002808937252914858,0.002305965119551782,0.002305965119551782,0.0024445188270639626,0.0024445188270639626,0.026204624314920225,0.026204624314920225,0.02850673150107345,0.02850673150107345,0.026873200505384214,0.026873200505384214,0.027194852107125966,0.027194852107125966,0.026204624314920225,0.026204624314920225,0.02850673150107345,0.02850673150107345,0.026873200505384214,0.026873200505384214,0.027194852107125966,0.027194852107125966,0.13762116666718308
Amazon_employee_access,LightGBM,3277,0.00011584613744030146,0.006122729817486624,0.006122729817486624,0.003142143246911336,0.003142143246911336,0.002668364075279023,0.002668364075279023,0.002607391644668713,0.002607391644668713,0.0028059663222863573,0.0028059663222863573,0.019861665045891017,0.019861665045891017,0.01623817606204783,0.01623817606204783,0.020223807787423238,0.020223807787423238,0.01877454963178736,0.01877454963178736,0.019861665045891017,0.019861665045891017,0.01623817606204783,0.01623817606204783,0.020223807787423238,0.020223807787423238,0.01877454963178736,0.01877454963178736,0.13477919466701374
Amazon_employee_access,LinearModel,3277,0.000577567983805529,0.015529851627251633,0.015529851627251633,0.002238381238907962,0.002238381238907962,0.0020500746152583645,0.0020500746152583645,0.002259006187825651,0.002259006187825651,0.002182487347330659,0.002182487347330659,0.021513949399463557,0.021513949399463557,0.024142026187243527,0.024142026187243527,0.021542329155874937,0.021542329155874937,0.022399434914194008,0.022399434914194008,0.021513949399463557,0.021513949399463557,0.024142026187243527,0.024142026187243527,0.021542329155874937,0.021542329155874937,0.022399434914194008,0.022399434914194008,0.13897647233413105
Amazon_employee_access,NeuralNetFastAI,3277,0.0003750018116364677,0.009594039574861163,0.009594039574861163,0.0020311071982473524,0.0020311071982473524,0.0027102546563779993,0.0027102546563779993,0.003970742497700387,0.003970742497700387,0.00290403478410858,0.00290403478410858,0.01563286197768765,0.01563286197768765,0.01868386809758246,0.01868386809758246,0.019871453422731826,0.019871453422731826,0.018062727832667314,0.018062727832667314,0.01563286197768765,0.01563286197768765,0.01868386809758246,0.01868386809758246,0.019871453422731826,0.019871453422731826,0.018062727832667314,0.018062727832667314,0.15120768066723636
Amazon_employee_access,NeuralNetTorch,3277,0.001192830126488589,0.0172959970043751,0.0172959970043751,0.0021044479034849173,0.0021044479034849173,0.0022895958482370077,0.0022895958482370077,0.002207682020116798,0.002207682020116798,0.002200575257279574,0.002200575257279574,0.0183640873645607,0.0183640873645607,0.021254265524885185,0.021254265524885185,0.02237347689443341,0.02237347689443341,0.0206639432612931,0.0206639432612931,0.0183640873645607,0.0183640873645607,0.021254265524885185,0.021254265524885185,0.02237347689443341,0.02237347689443341,0.0206639432612931,0.0206639432612931,0.1861472776666536
Amazon_employee_access,RandomForest,3277,0.0010407990874690906,0.019401031244190358,0.019401031244190358,0.0021182722603129305,0.0021182722603129305,0.0028485966151229644,0.0028485966151229644,0.0018391462289586368,0.0018391462289586368,0.002268671701464844,0.002268671701464844,0.02411293359015775,0.02411293359015775,0.026891174035451458,0.026891174035451458,0.02537418299836416,0.02537418299836416,0.025459430207991126,0.025459430207991126,0.02411293359015775,0.02411293359015775,0.026891174035451458,0.026891174035451458,0.02537418299836416,0.02537418299836416,0.025459430207991126,0.025459430207991126,0.1777904999992946
Amazon_employee_access,XGBoost,3277,6.127144786686918e-05,0.006959118745905035,0.006959118745905035,0.00195611127345431,0.00195611127345431,0.0015406239507310654,0.0015406239507310654,0.0016902682129038406,0.0016902682129038406,0.0017290011456964052,0.0017290011456964052,0.019988926750737084,0.019988926750737084,0.017002703225283095,0.017002703225283095,0.017003806204036864,0.017003806204036864,0.017998478726685682,0.017998478726685682,0.019988926750737084,0.019988926750737084,0.017002703225283095,0.017002703225283095,0.017003806204036864,0.017003806204036864,0.017998478726685682,0.017998478726685682,0.14644791666675397
Click_prediction_small,CatBoost,3995,0.00038633628898235186,0.01768859708588454,0.01768859708588454,0.0014357805063229159,0.0014357805063229159,0.0010607172072031122,0.0010607172072031122,0.0007795491146900726,0.0007795491146900726,0.0010920156094053669,0.0010920156094053669,0.028497751668768258,0.028497751668768258,0.021587028586182524,0.021587028586182524,0.0159210705674083,0.0159210705674083,0.02200195027411969,0.02200195027411969,0.028497751668768258,0.028497751668768258,0.021587028586182524,0.021587028586182524,0.0159210705674083,0.0159210705674083,0.02200195027411969,0.02200195027411969,0.1646803750008985
Click_prediction_small,ExtraTrees,3995,0.0008215564260373532,0.023610837407146718,0.023610837407146718,0.0014080846756562642,0.0014080846756562642,0.001818673002001362,0.001818673002001362,0.0016171943081745887,0.0016171943081745887,0.0016146506619440718,0.0016146506619440718,0.03149764819705372,0.03149764819705372,0.029711733147728073,0.029711733147728073,0.03141900207958189,0.03141900207958189,0.03087612780812123,0.03087612780812123,0.03149764819705372,0.03149764819705372,0.029711733147728073,0.029711733147728073,0.03141900207958189,0.03141900207958189,0.03087612780812123,0.03087612780812123,0.17557311100002457
Click_prediction_small,LightGBM,3995,0.0004458847215889114,0.01815457796381882,0.01815457796381882,0.00216593740328632,0.00216593740328632,0.0014606412396094156,0.0014606412396094156,0.0015662343696732307,0.0015662343696732307,0.001730937670856322,0.001730937670856322,0.03266471850001289,0.03266471850001289,0.025469873293861182,0.025469873293861182,0.02092317662710481,0.02092317662710481,0.026352589473659625,0.026352589473659625,0.03266471850001289,0.03266471850001289,0.025469873293861182,0.025469873293861182,0.02092317662710481,0.02092317662710481,0.026352589473659625,0.026352589473659625,0.18080009733360689
Click_prediction_small,LinearModel,3995,0.003433357252839177,0.038138102764381475,0.038138102764381475,0.004212566461776602,0.004212566461776602,0.003032993960613485,0.003032993960613485,0.0025252679013123215,0.0025252679013123215,0.0032569427745674697,0.0032569427745674697,0.041058321111275754,0.041058321111275754,0.03651476575822822,0.03651476575822822,0.03415127623457204,0.03415127623457204,0.03724145436802534,0.03724145436802534,0.041058321111275754,0.041058321111275754,0.03651476575822822,0.03651476575822822,0.03415127623457204,0.03415127623457204,0.03724145436802534,0.03724145436802534,0.15903330566652585
Click_prediction_small,NeuralNetFastAI,3995,0.0006152494557119272,0.02168230629401941,0.02168230629401941,0.0021080763073165584,0.0021080763073165584,0.0011586125929879594,0.0011586125929879594,0.0017529160700752416,0.0017529160700752416,0.0016732016567932533,0.0016732016567932533,0.034438151359665,0.034438151359665,0.025387155613663566,0.025387155613663566,0.023307824954401642,0.023307824954401642,0.02771104397591007,0.02771104397591007,0.034438151359665,0.034438151359665,0.025387155613663566,0.025387155613663566,0.023307824954401642,0.023307824954401642,0.02771104397591007,0.02771104397591007,0.16288612500041685
Click_prediction_small,NeuralNetTorch,3995,0.000906484864703196,0.025087184047802014,0.025087184047802014,0.0016226652272068984,0.0016226652272068984,0.0012516268149718843,0.0012516268149718843,0.0012693877013561226,0.0012693877013561226,0.0013812265811783018,0.0013812265811783018,0.03140456654056904,0.03140456654056904,0.02600947314837204,0.02600947314837204,0.024957553658333034,0.024957553658333034,0.027457197782424708,0.027457197782424708,0.03140456654056904,0.03140456654056904,0.02600947314837204,0.02600947314837204,0.024957553658333034,0.024957553658333034,0.027457197782424708,0.027457197782424708,0.14208169466655818
Click_prediction_small,RandomForest,3995,0.0011413213978873715,0.02535429986824517,0.02535429986824517,0.0021361253443417513,0.0021361253443417513,0.0030342856705529173,0.0030342856705529173,0.001377201634097263,0.001377201634097263,0.002182537549663977,0.002182537549663977,0.03482687731647374,0.03482687731647374,0.03330234275773511,0.03330234275773511,0.025795266039758263,0.025795266039758263,0.031308162037989036,0.031308162037989036,0.03482687731647374,0.03482687731647374,0.03330234275773511,0.03330234275773511,0.025795266039758263,0.025795266039758263,0.031308162037989036,0.031308162037989036,0.141092847334221
Click_prediction_small,XGBoost,3995,0.00047790328474461684,0.018971117007725632,0.018971117007725632,0.0023332464239198304,0.0023332464239198304,0.0016012644167845754,0.0016012644167845754,0.0012831079219002368,0.0012831079219002368,0.0017392062542015477,0.0017392062542015477,0.030212523852950073,0.030212523852950073,0.0239003451890311,0.0239003451890311,0.022758265494005888,0.022758265494005888,0.02562371151199569,0.02562371151199569,0.030212523852950073,0.030212523852950073,0.0239003451890311,0.0239003451890311,0.022758265494005888,0.022758265494005888,0.02562371151199569,0.02562371151199569,0.14090327766583263
PhishingWebsites,CatBoost,1106,0.00011501653449411958,0.003910267557744939,0.003910267557744939,0.012149117329120473,0.012149117329120473,0.013465492538611986,0.013465492538611986,0.012597358662052352,0.012597358662052352,0.012737322843261603,0.012737322843261603,0.03134998787919564,0.03134998787919564,0.03287067105553907,0.03287067105553907,0.03228281369642941,0.03228281369642941,0.032167824210388045,0.032167824210388045,0.03134998787919564,0.03134998787919564,0.03287067105553907,0.03287067105553907,0.03228281369642941,0.03228281369642941,0.032167824210388045,0.032167824210388045,0.04991243066615425
PhishingWebsites,ExtraTrees,1106,0.0066681586143801565,0.05625384704162044,0.05625384704162044,0.007548739649158854,0.007548739649158854,0.009016642498728246,0.009016642498728246,0.009147114244038773,0.009147114244038773,0.008570832130641958,0.008570832130641958,0.0565790118143509,0.0565790118143509,0.06212710203559692,0.06212710203559692,0.06196375700701339,0.06196375700701339,0.060223290285653736,0.060223290285653736,0.0565790118143509,0.0565790118143509,0.06212710203559692,0.06212710203559692,0.06196375700701339,0.06196375700701339,0.060223290285653736,0.060223290285653736,0.05141465300039272
PhishingWebsites,LightGBM,1106,9.452185636811948e-05,0.0038107923112926127,0.0038107923112926127,0.011309272905190201,0.011309272905190201,0.013813409263615052,0.013813409263615052,0.010982278803860554,0.010982278803860554,0.012034986990888603,0.012034986990888603,0.02871110973923817,0.02871110973923817,0.03223462993487176,0.03223462993487176,0.029095273695218426,0.029095273695218426,0.03001367112310945,0.03001367112310945,0.02871110973923817,0.02871110973923817,0.03223462993487176,0.03223462993487176,0.029095273695218426,0.029095273695218426,0.03001367112310945,0.03001367112310945,0.05064494433342285
PhishingWebsites,LinearModel,1106,0.00021872736660312296,0.00902476140604523,0.00902476140604523,0.012334930501399988,0.012334930501399988,0.012612345884146593,0.012612345884146593,0.01532750385116239,0.01532750385116239,0.013424926745569657,0.013424926745569657,0.04955188729053198,0.04955188729053198,0.051218929400009994,0.051218929400009994,0.057102180418935555,0.057102180418935555,0.05262433236982584,0.05262433236982584,0.04955188729053198,0.04955188729053198,0.051218929400009994,0.051218929400009994,0.057102180418935555,0.057102180418935555,0.05262433236982584,0.05262433236982584,0.04903131933436574
PhishingWebsites,NeuralNetFastAI,1106,4.744237505240245e-05,0.003141969719634052,0.003141969719634052,0.011857516266043472,0.011857516266043472,0.012999522526681857,0.012999522526681857,0.011108108338365855,0.011108108338365855,0.011988382377030394,0.011988382377030394,0.030000247140448036,0.030000247140448036,0.03197146608611657,0.03197146608611657,0.03022433813236509,0.03022433813236509,0.03073201711964323,0.03073201711964323,0.030000247140448036,0.030000247140448036,0.03197146608611657,0.03197146608611657,0.03022433813236509,0.03022433813236509,0.03073201711964323,0.03073201711964323,0.050036958332687696
PhishingWebsites,NeuralNetTorch,1106,0.00011321565322257829,0.004358799474228134,0.004358799474228134,0.009267016720613587,0.009267016720613587,0.011408393819639625,0.011408393819639625,0.008929326588594206,0.008929326588594206,0.009868245709615807,0.009868245709615807,0.025824659696590858,0.025824659696590858,0.02849897093489934,0.02849897093489934,0.026184887974959874,0.026184887974959874,0.02683617286881669,0.02683617286881669,0.025824659696590858,0.025824659696590858,0.02849897093489934,0.02849897093489934,0.026184887974959874,0.026184887974959874,0.02683617286881669,0.02683617286881669,0.04684376399988347
PhishingWebsites,RandomForest,1106,0.005133421861791541,0.04618638428999584,0.04618638428999584,0.0063008700747892,0.0063008700747892,0.007762417521173315,0.007762417521173315,0.00693682331131021,0.00693682331131021,0.0070000369690909085,0.0070000369690909085,0.047394216740484746,0.047394216740484746,0.051668467431932735,0.051668467431932735,0.04901062559085694,0.04901062559085694,0.04935776992109148,0.04935776992109148,0.047394216740484746,0.047394216740484746,0.051668467431932735,0.051668467431932735,0.04901062559085694,0.04901062559085694,0.04935776992109148,0.04935776992109148,0.04766177766699305
PhishingWebsites,XGBoost,1106,8.611671452407753e-05,0.0031778621042838112,0.0031778621042838112,0.009558864098500321,0.009558864098500321,0.012431359947414157,0.012431359947414157,0.011766473790383494,0.011766473790383494,0.011252232612099324,0.011252232612099324,0.028369711902093624,0.028369711902093624,0.030445108634847007,0.030445108634847007,0.0306222351020401,0.0306222351020401,0.029812351879660245,0.029812351879660245,0.028369711902093624,0.028369711902093624,0.030445108634847007,0.030445108634847007,0.0306222351020401,0.0306222351020401,0.029812351879660245,0.029812351879660245,0.04570036133251657
Run_or_walk_information,CatBoost,8859,0.00010483370935025374,0.001972443140557718,0.001972443140557718,0.0010969972179971238,0.0010969972179971238,0.0010542416863452426,0.0010542416863452426,0.0011974342865551512,0.0011974342865551512,0.0011162243969658392,0.0011162243969658392,0.005407286747783484,0.005407286747783484,0.005331702889077447,0.005331702889077447,0.00553399400336928,0.00553399400336928,0.005424327880076737,0.005424327880076737,0.005407286747783484,0.005407286747783484,0.005331702889077447,0.005331702889077447,0.00553399400336928,0.00553399400336928,0.005424327880076737,0.005424327880076737,0.3499575693337344
Run_or_walk_information,ExtraTrees,8859,0.002147695508629922,0.02022570610150847,0.02022570610150847,0.00405318444182115,0.00405318444182115,0.004083870544429498,0.004083870544429498,0.0041564458898422025,0.0041564458898422025,0.004097833625364283,0.004097833625364283,0.02362605195965862,0.02362605195965862,0.02414909675337111,0.02414909675337111,0.02355156323599657,0.02355156323599657,0.023775570649675434,0.023775570649675434,0.02362605195965862,0.02362605195965862,0.02414909675337111,0.02414909675337111,0.02355156323599657,0.02355156323599657,0.023775570649675434,0.023775570649675434,0.33625390266630956
Run_or_walk_information,LightGBM,8859,0.00010954628564335039,0.0022700646441504158,0.0022700646441504158,0.0017596749995046944,0.0017596749995046944,0.001715629646498662,0.001715629646498662,0.0017443545866233077,0.0017443545866233077,0.0017398864108755547,0.0017398864108755547,0.007342416555343611,0.007342416555343611,0.006767920111406374,0.006767920111406374,0.0067872069953822806,0.0067872069953822806,0.006965847887377422,0.006965847887377422,0.007342416555343611,0.007342416555343611,0.006767920111406374,0.006767920111406374,0.0067872069953822806,0.0067872069953822806,0.006965847887377422,0.006965847887377422,0.3429402776673669
Run_or_walk_information,LinearModel,8859,0.046580505774797464,0.15507859029528043,0.15507859029528043,0.0425596737459707,0.0425596737459707,0.044615040021960976,0.044615040021960976,0.042978624840638524,0.042978624840638524,0.04338444620285673,0.04338444620285673,0.1453235391663702,0.1453235391663702,0.1491684817914385,0.1491684817914385,0.14832062948395075,0.14832062948395075,0.1476042168139198,0.1476042168139198,0.1453235391663702,0.1453235391663702,0.1491684817914385,0.1491684817914385,0.14832062948395075,0.14832062948395075,0.1476042168139198,0.1476042168139198,0.34500066666684387
Run_or_walk_information,NeuralNetFastAI,8859,0.0001224129144028694,0.003099597334877249,0.003099597334877249,0.0014309136981390863,0.0014309136981390863,0.001380796993585394,0.001380796993585394,0.0016148119525050842,0.0016148119525050842,0.0014755075480765215,0.0014755075480765215,0.00779553669155334,0.00779553669155334,0.007677241534313823,0.007677241534313823,0.008350766789435802,0.008350766789435802,0.007941181671767656,0.007941181671767656,0.00779553669155334,0.00779553669155334,0.007677241534313823,0.007677241534313823,0.008350766789435802,0.008350766789435802,0.007941181671767656,0.007941181671767656,0.3325798890000442
Run_or_walk_information,NeuralNetTorch,8859,7.932355281150218e-05,0.0019208274511967615,0.0019208274511967615,0.0020962437952428328,0.0020962437952428328,0.0016112683728681776,0.0016112683728681776,0.0014246892736367981,0.0014246892736367981,0.0017107338139159363,0.0017107338139159363,0.008607084418501432,0.008607084418501432,0.00787803440626273,0.00787803440626273,0.006948906774589918,0.006948906774589918,0.007811341866451361,0.007811341866451361,0.008607084418501432,0.008607084418501432,0.00787803440626273,0.00787803440626273,0.006948906774589918,0.006948906774589918,0.007811341866451361,0.007811341866451361,0.3557586806661372
Run_or_walk_information,RandomForest,8859,0.0007853873470846317,0.010882730248931247,0.010882730248931247,0.0033435624589654863,0.0033435624589654863,0.0035725040735061003,0.0035725040735061003,0.0020746371939660536,0.0020746371939660536,0.00299690124214588,0.00299690124214588,0.016554181513813604,0.016554181513813604,0.01692686604153396,0.01692686604153396,0.013852460782821607,0.013852460782821607,0.015777836112723057,0.015777836112723057,0.016554181513813604,0.016554181513813604,0.01692686604153396,0.01692686604153396,0.013852460782821607,0.013852460782821607,0.015777836112723057,0.015777836112723057,0.3568227776668209
Run_or_walk_information,XGBoost,8859,9.801705724564982e-06,0.0010685539641082551,0.0010685539641082551,0.0019634137982887756,0.0019634137982887756,0.0015402142726534686,0.0015402142726534686,0.0013842557682938802,0.0013842557682938802,0.0016292946130787081,0.0016292946130787081,0.0072426992322674804,0.0072426992322674804,0.006455579658321857,0.006455579658321857,0.005832579351401638,0.005832579351401638,0.006510286080663658,0.006510286080663658,0.0072426992322674804,0.0072426992322674804,0.006455579658321857,0.006455579658321857,0.005832579351401638,0.005832579351401638,0.006510286080663658,0.006510286080663658,0.3467749859992182
adult,CatBoost,4885,0.0006152181577692995,0.01687512706217434,0.01687512706217434,0.0016856717895046614,0.0016856717895046614,0.0019946304015919744,0.0019946304015919744,0.0018877057668654478,0.0018877057668654478,0.0018560026526540279,0.0018560026526540279,0.02482966281685045,0.02482966281685045,0.028097344467746775,0.028097344467746775,0.026645867549679465,0.026645867549679465,0.026524291611425565,0.026524291611425565,0.02482966281685045,0.02482966281685045,0.028097344467746775,0.028097344467746775,0.026645867549679465,0.026645867549679465,0.026524291611425565,0.026524291611425565,0.18399563866599541
adult,ExtraTrees,4885,0.0011370991685457355,0.025229521107036034,0.025229521107036034,0.003439557534455433,0.003439557534455433,0.0049576534202605245,0.0049576534202605245,0.00685251633226477,0.00685251633226477,0.005083242428993576,0.005083242428993576,0.03974567760311381,0.03974567760311381,0.045058994973768765,0.045058994973768765,0.05290513502155497,0.05290513502155497,0.04590326919947918,0.04590326919947918,0.03974567760311381,0.03974567760311381,0.045058994973768765,0.045058994973768765,0.05290513502155497,0.05290513502155497,0.04590326919947918,0.04590326919947918,0.15926906933358018
adult,LightGBM,4885,0.0004237835510739854,0.013610577703054249,0.013610577703054249,0.002654166316498186,0.002654166316498186,0.003254622276469877,0.003254622276469877,0.003357472756570657,0.003357472756570657,0.0030887537831795733,0.0030887537831795733,0.029730510121595874,0.029730510121595874,0.0338195243848392,0.0338195243848392,0.03408260314961457,0.03408260314961457,0.03254421255201654,0.03254421255201654,0.029730510121595874,0.029730510121595874,0.0338195243848392,0.0338195243848392,0.03408260314961457,0.03408260314961457,0.03254421255201654,0.03254421255201654,0.15931226366713722
adult,LinearModel,4885,0.00027479023834166164,0.01382074661413434,0.01382074661413434,0.00105658255069526,0.00105658255069526,0.00161612219462729,0.00161612219462729,0.0008676891129746398,0.0008676891129746398,0.0011801312860990631,0.0011801312860990631,0.02392211869507566,0.02392211869507566,0.026922412969941013,0.026922412969941013,0.020725282832335486,0.020725282832335486,0.02385660483245072,0.02385660483245072,0.02392211869507566,0.02392211869507566,0.026922412969941013,0.026922412969941013,0.020725282832335486,0.020725282832335486,0.02385660483245072,0.02385660483245072,0.1593861666660814
adult,NeuralNetFastAI,4885,0.0007270421928356895,0.019435569401433525,0.019435569401433525,0.001962646109243967,0.001962646109243967,0.0038284088812983804,0.0038284088812983804,0.0017821335860199418,0.0017821335860199418,0.0025243961921874295,0.0025243961921874295,0.030735589495361218,0.030735589495361218,0.037718173488164995,0.037718173488164995,0.02767646417050198,0.02767646417050198,0.03204340905134273,0.03204340905134273,0.030735589495361218,0.030735589495361218,0.037718173488164995,0.037718173488164995,0.02767646417050198,0.02767646417050198,0.03204340905134273,0.03204340905134273,0.16522311133303447
adult,NeuralNetTorch,4885,0.0009504127682872356,0.020245912457373255,0.020245912457373255,0.0030192897203579435,0.0030192897203579435,0.0029879454882842335,0.0029879454882842335,0.0033332055744444544,0.0033332055744444544,0.0031134802610288774,0.0031134802610288774,0.034497205876357885,0.034497205876357885,0.03378022874602451,0.03378022874602451,0.03571980266085247,0.03571980266085247,0.03466574576107829,0.03466574576107829,0.034497205876357885,0.034497205876357885,0.03378022874602451,0.03378022874602451,0.03571980266085247,0.03571980266085247,0.03466574576107829,0.03466574576107829,0.1596224446669415
adult,RandomForest,4885,0.0012868164993794738,0.026970672527330302,0.026970672527330302,0.0034378874926298086,0.0034378874926298086,0.004189472475709286,0.004189472475709286,0.0031863571824324965,0.0031863571824324965,0.0036045723835905308,0.0036045723835905308,0.03901277921479415,0.03901277921479415,0.04193652558005153,0.04193652558005153,0.038462040439670886,0.038462040439670886,0.03980378174483886,0.03980378174483886,0.03901277921479415,0.03901277921479415,0.04193652558005153,0.04193652558005153,0.038462040439670886,0.038462040439670886,0.03980378174483886,0.03980378174483886,0.16380480533431788
adult,XGBoost,4885,0.0005345494552161558,0.016391190786140295,0.016391190786140295,0.0013256984252488823,0.0013256984252488823,0.0018821276938273982,0.0018821276938273982,0.0016204865842293467,0.0016204865842293467,0.0016094375677685423,0.0016094375677685423,0.023473679122074504,0.023473679122074504,0.02607955345311631,0.02607955345311631,0.023938755780764074,0.023938755780764074,0.02449732945198496,0.02449732945198496,0.023473679122074504,0.023473679122074504,0.02607955345311631,0.02607955345311631,0.023938755780764074,0.023938755780764074,0.02449732945198496,0.02449732945198496,0.16220748633350013
ailerons,CatBoost,1375,0.00027630217784780714,0.011567778694020077,0.011567778694020077,0.00388567932352909,0.00388567932352909,0.002996452094061628,0.002996452094061628,0.006878030689357194,0.006878030689357194,0.004586720702315971,0.004586720702315971,0.035980683983042036,0.035980683983042036,0.031221437594013433,0.031221437594013433,0.04040661594084361,0.04040661594084361,0.035869579172633025,0.035869579172633025,0.035980683983042036,0.035980683983042036,0.031221437594013433,0.031221437594013433,0.04040661594084361,0.04040661594084361,0.035869579172633025,0.035869579172633025,0.0756355416669976
ailerons,ExtraTrees,1375,0.0013176445909882613,0.0290793574283598,0.0290793574283598,0.004880786325468137,0.004880786325468137,0.0033276581115371305,0.0033276581115371305,0.003412509497110175,0.003412509497110175,0.0038736513113718143,0.0038736513113718143,0.046745882532543595,0.046745882532543595,0.040286950524915835,0.040286950524915835,0.040816803816696404,0.040816803816696404,0.042616545624718616,0.042616545624718616,0.046745882532543595,0.046745882532543595,0.040286950524915835,0.040286950524915835,0.040816803816696404,0.040816803816696404,0.042616545624718616,0.042616545624718616,0.07582454166670989
ailerons,LightGBM,1375,0.00011693810695666074,0.008554613836744631,0.008554613836744631,0.003292641599815874,0.003292641599815874,0.0027870834817816962,0.0027870834817816962,0.004953959054028057,0.004953959054028057,0.003677894711875209,0.003677894711875209,0.03565872421671552,0.03565872421671552,0.03370623724114947,0.03370623724114947,0.04078404517527226,0.04078404517527226,0.036716335544379086,0.036716335544379086,0.03565872421671552,0.03565872421671552,0.03370623724114947,0.03370623724114947,0.04078404517527226,0.04078404517527226,0.036716335544379086,0.036716335544379086,0.07453145833399806
ailerons,LinearModel,1375,0.0001836785291027428,0.010391804801025004,0.010391804801025004,0.002428425942186894,0.002428425942186894,0.0028325425497383377,0.0028325425497383377,0.0033967602772566738,0.0033967602772566738,0.002885909589727302,0.002885909589727302,0.03179051901450501,0.03179051901450501,0.034619780399950215,0.034619780399950215,0.03563529799836338,0.03563529799836338,0.0340151991376062,0.0340151991376062,0.03179051901450501,0.03179051901450501,0.034619780399950215,0.034619780399950215,0.03563529799836338,0.03563529799836338,0.0340151991376062,0.0340151991376062,0.09002012500059209
ailerons,NeuralNetFastAI,1375,0.0001645495308457295,0.009278845729904126,0.009278845729904126,0.009956119398624721,0.009956119398624721,0.009829058256046977,0.009829058256046977,0.009988733595619245,0.009988733595619245,0.009924637083430315,0.009924637083430315,0.0594133783759822,0.0594133783759822,0.05842790073258524,0.05842790073258524,0.05723247635051987,0.05723247635051987,0.05835791848636244,0.05835791848636244,0.0594133783759822,0.0594133783759822,0.05842790073258524,0.05842790073258524,0.05723247635051987,0.05723247635051987,0.05835791848636244,0.05835791848636244,0.07608768066590225
ailerons,NeuralNetTorch,1375,0.0002283116865340639,0.010233639353312108,0.010233639353312108,0.005982240316916272,0.005982240316916272,0.00359420482632926,0.00359420482632926,0.0050026515508212075,0.0050026515508212075,0.004859698898022246,0.004859698898022246,0.04183940586517918,0.04183940586517918,0.03573445491749298,0.03573445491749298,0.040878702233160515,0.040878702233160515,0.039484187671944226,0.039484187671944226,0.04183940586517918,0.04183940586517918,0.03573445491749298,0.03573445491749298,0.040878702233160515,0.040878702233160515,0.039484187671944226,0.039484187671944226,0.07891323599930426
ailerons,RandomForest,1375,0.0006854447630043796,0.0203316415928791,0.0203316415928791,0.00885762958325144,0.00885762958325144,0.00911900681081555,0.00911900681081555,0.007178485508725588,0.007178485508725588,0.008385040634264193,0.008385040634264193,0.057668980465731386,0.057668980465731386,0.05823949534219109,0.05823949534219109,0.05348592749510024,0.05348592749510024,0.05646480110100757,0.05646480110100757,0.057668980465731386,0.057668980465731386,0.05823949534219109,0.05823949534219109,0.05348592749510024,0.05348592749510024,0.05646480110100757,0.05646480110100757,0.07713986100012941
ailerons,XGBoost,1375,7.454605353151486e-05,0.0065705054893200705,0.0065705054893200705,0.003118752164753813,0.003118752164753813,0.0035899716578805126,0.0035899716578805126,0.003957518886693975,0.003957518886693975,0.0035554142364427666,0.0035554142364427666,0.03344613114769382,0.03344613114769382,0.03370498754003037,0.03370498754003037,0.032390517220726604,0.032390517220726604,0.03318054530281694,0.03318054530281694,0.03344613114769382,0.03344613114769382,0.03370498754003037,0.03370498754003037,0.032390517220726604,0.032390517220726604,0.03318054530281694,0.03318054530281694,0.07296949999969608
bank-marketing,CatBoost,4522,0.0005132235775827006,0.01307845357417823,0.01307845357417823,0.0022543283458428677,0.0022543283458428677,0.003670251737855315,0.003670251737855315,0.0028132799879137826,0.0028132799879137826,0.002912620023870655,0.002912620023870655,0.021514772602469024,0.021514772602469024,0.025938785698428675,0.025938785698428675,0.025279086326247428,0.025279086326247428,0.024244214875715042,0.024244214875715042,0.021514772602469024,0.021514772602469024,0.025938785698428675,0.025938785698428675,0.025279086326247428,0.025279086326247428,0.024244214875715042,0.024244214875715042,0.15350018066601478
bank-marketing,ExtraTrees,4522,0.00027389379500799627,0.011776435399688001,0.011776435399688001,0.002414354050604069,0.002414354050604069,0.002304456229159763,0.002304456229159763,0.007337509566147243,0.007337509566147243,0.004018773281970358,0.004018773281970358,0.024952096177382553,0.024952096177382553,0.025606663997258396,0.025606663997258396,0.04431573609962191,0.04431573609962191,0.03162483209142095,0.03162483209142095,0.024952096177382553,0.024952096177382553,0.025606663997258396,0.025606663997258396,0.04431573609962191,0.04431573609962191,0.03162483209142095,0.03162483209142095,0.1604988056666722
bank-marketing,LightGBM,4522,0.00020177039456570074,0.008544793628403111,0.008544793628403111,0.0015288773521358258,0.0015288773521358258,0.0017597515954504558,0.0017597515954504558,0.002090944878951482,0.002090944878951482,0.001793191275512588,0.001793191275512588,0.01935944904056644,0.01935944904056644,0.018737243843225046,0.018737243843225046,0.021904610574551134,0.021904610574551134,0.020000434486114205,0.020000434486114205,0.01935944904056644,0.01935944904056644,0.018737243843225046,0.018737243843225046,0.021904610574551134,0.021904610574551134,0.020000434486114205,0.020000434486114205,0.16052024999953574
bank-marketing,LinearModel,4522,0.001231073646633584,0.01771170175477092,0.01771170175477092,0.0026372303115417385,0.0026372303115417385,0.0021605801350258486,0.0021605801350258486,0.0032120005243087228,0.0032120005243087228,0.002669936990292103,0.002669936990292103,0.025856174294996738,0.025856174294996738,0.023411833544716123,0.023411833544716123,0.025048325864657113,0.025048325864657113,0.02477211123478999,0.02477211123478999,0.025856174294996738,0.025856174294996738,0.023411833544716123,0.023411833544716123,0.025048325864657113,0.025048325864657113,0.02477211123478999,0.02477211123478999,0.1595816109996425
bank-marketing,NeuralNetFastAI,4522,0.0001663844076763581,0.006980738153360599,0.006980738153360599,0.003204132304229221,0.003204132304229221,0.0030888895969835204,0.0030888895969835204,0.0017275450314896146,0.0017275450314896146,0.0026735223109007854,0.0026735223109007854,0.02732680948653245,0.02732680948653245,0.024325702234681276,0.024325702234681276,0.019292952893387574,0.019292952893387574,0.0236484882048671,0.0236484882048671,0.02732680948653245,0.02732680948653245,0.024325702234681276,0.024325702234681276,0.019292952893387574,0.019292952893387574,0.0236484882048671,0.0236484882048671,0.15502951399927647
bank-marketing,NeuralNetTorch,4522,0.0001924682271929433,0.006890143246673141,0.006890143246673141,0.002870407149127384,0.002870407149127384,0.001977690848805938,0.001977690848805938,0.001655635505660958,0.001655635505660958,0.00216791116786476,0.00216791116786476,0.02486480593133469,0.02486480593133469,0.02127963758945434,0.02127963758945434,0.01825542965654279,0.01825542965654279,0.02146662439244394,0.02146662439244394,0.02486480593133469,0.02486480593133469,0.02127963758945434,0.02127963758945434,0.01825542965654279,0.01825542965654279,0.02146662439244394,0.02146662439244394,0.15729781933381068
bank-marketing,RandomForest,4522,0.0002454993245856833,0.011252096679536966,0.011252096679536966,0.003218070476738708,0.003218070476738708,0.001204018339636882,0.001204018339636882,0.0018450612936699877,0.0018450612936699877,0.0020890500366818592,0.0020890500366818592,0.0266134140021642,0.0266134140021642,0.019018301372289995,0.019018301372289995,0.021307896041968196,0.021307896041968196,0.022313203805474132,0.022313203805474132,0.0266134140021642,0.0266134140021642,0.019018301372289995,0.019018301372289995,0.021307896041968196,0.021307896041968196,0.022313203805474132,0.022313203805474132,0.1535078609995253
bank-marketing,XGBoost,4522,0.00047387595942246255,0.011958409853437551,0.011958409853437551,0.0013437022710847317,0.0013437022710847317,0.0028168328561307566,0.0028168328561307566,0.00213523776419969,0.00213523776419969,0.002098590963805059,0.002098590963805059,0.018428060636621335,0.018428060636621335,0.022502665334227203,0.022502665334227203,0.022467147056096554,0.022467147056096554,0.02113262434231503,0.02113262434231503,0.018428060636621335,0.018428060636621335,0.022502665334227203,0.022502665334227203,0.022467147056096554,0.022467147056096554,0.02113262434231503,0.02113262434231503,0.15262258333314094
delta_elevators,CatBoost,952,0.00020880514056423636,0.012558266367032505,0.012558266367032505,0.002065038152135521,0.002065038152135521,0.0029266934458752752,0.0029266934458752752,0.004218292775779831,0.004218292775779831,0.0030700081245968757,0.0030700081245968757,0.033449806702570764,0.033449806702570764,0.033947279663883785,0.033947279663883785,0.038915664104187855,0.038915664104187855,0.035437583490214135,0.035437583490214135,0.033449806702570764,0.033449806702570764,0.033947279663883785,0.033947279663883785,0.038915664104187855,0.038915664104187855,0.035437583490214135,0.035437583490214135,0.04307195833340908
delta_elevators,ExtraTrees,952,0.0034708040120754553,0.054296452067342404,0.054296452067342404,0.0049659741233303595,0.0049659741233303595,0.0046700396426212765,0.0046700396426212765,0.003622839236639048,0.003622839236639048,0.004419617667530228,0.004419617667530228,0.06026761606243574,0.06026761606243574,0.059139566096982156,0.059139566096982156,0.05298172012088554,0.05298172012088554,0.05746296742676781,0.05746296742676781,0.06026761606243574,0.06026761606243574,0.059139566096982156,0.059139566096982156,0.05298172012088554,0.05298172012088554,0.05746296742676781,0.05746296742676781,0.04377824999998362
delta_elevators,LightGBM,952,0.00031472046437343364,0.016041899277503845,0.016041899277503845,0.002515359976324894,0.002515359976324894,0.002028561982208814,0.002028561982208814,0.003242882825373575,0.003242882825373575,0.002595601594635761,0.002595601594635761,0.038307284590156684,0.038307284590156684,0.029868068913895388,0.029868068913895388,0.03808105630608171,0.03808105630608171,0.035418803270044596,0.035418803270044596,0.038307284590156684,0.038307284590156684,0.029868068913895388,0.029868068913895388,0.03808105630608171,0.03808105630608171,0.035418803270044596,0.035418803270044596,0.04194516666636142
delta_elevators,LinearModel,952,0.0006587720091662157,0.01935168200737685,0.01935168200737685,0.002559211997145166,0.002559211997145166,0.00282528420043207,0.00282528420043207,0.00208512146720735,0.00208512146720735,0.0024898725549281956,0.0024898725549281956,0.039463661131866265,0.039463661131866265,0.036854855077082506,0.036854855077082506,0.027674216517800183,0.027674216517800183,0.034664244242249655,0.034664244242249655,0.039463661131866265,0.039463661131866265,0.036854855077082506,0.036854855077082506,0.027674216517800183,0.027674216517800183,0.034664244242249655,0.034664244242249655,0.04262236133339078
delta_elevators,NeuralNetFastAI,952,0.000379645069313219,0.01539118967758907,0.01539118967758907,0.003956774357167692,0.003956774357167692,0.003663515661738425,0.003663515661738425,0.0021087669987353485,0.0021087669987353485,0.003243019005880488,0.003243019005880488,0.04265327384558371,0.04265327384558371,0.04007308296855466,0.04007308296855466,0.028257798101289318,0.028257798101289318,0.03699471830514256,0.03699471830514256,0.04265327384558371,0.04265327384558371,0.04007308296855466,0.04007308296855466,0.028257798101289318,0.028257798101289318,0.03699471830514256,0.03699471830514256,0.04178220833273372
delta_elevators,NeuralNetTorch,952,0.00040540976264224343,0.016273342592552687,0.016273342592552687,0.002802647856088816,0.002802647856088816,0.002153341182493039,0.002153341182493039,0.002908498594227628,0.002908498594227628,0.0026214958776031604,0.0026214958776031604,0.03557686622037586,0.03557686622037586,0.03354210606842614,0.03354210606842614,0.03666192554473068,0.03666192554473068,0.035260299277844236,0.035260299277844236,0.03557686622037586,0.03557686622037586,0.03354210606842614,0.03354210606842614,0.03666192554473068,0.03666192554473068,0.035260299277844236,0.035260299277844236,0.04236205566606562
delta_elevators,RandomForest,952,0.0011662909718192576,0.028698917492630326,0.028698917492630326,0.0023274894739845247,0.0023274894739845247,0.002700823067596604,0.002700823067596604,0.002881123586530731,0.002881123586530731,0.0026364787093706202,0.0026364787093706202,0.035911216076977906,0.035911216076977906,0.03852724093778742,0.03852724093778742,0.03849246226346342,0.03849246226346342,0.03764363975940958,0.03764363975940958,0.035911216076977906,0.035911216076977906,0.03852724093778742,0.03852724093778742,0.03849246226346342,0.03849246226346342,0.03764363975940958,0.03764363975940958,0.043487722333035585
delta_elevators,XGBoost,952,0.00020807751953127272,0.013166452370370747,0.013166452370370747,0.0022400815858651933,0.0022400815858651933,0.002033752896982832,0.002033752896982832,0.002453703436792303,0.002453703436792303,0.0022425126398801093,0.0022425126398801093,0.03482619725054724,0.03482619725054724,0.029519344433519796,0.029519344433519796,0.034070676869062684,0.034070676869062684,0.03280540618437657,0.03280540618437657,0.03482619725054724,0.03482619725054724,0.029519344433519796,0.029519344433519796,0.034070676869062684,0.034070676869062684,0.03280540618437657,0.03280540618437657,0.043031847333622864
eeg-eye-state,CatBoost,1498,0.0006470860356479212,0.010574178733270599,0.010574178733270599,0.008724242298621268,0.008724242298621268,0.009870041981360234,0.009870041981360234,0.009885530852281844,0.009885530852281844,0.009493271710754448,0.009493271710754448,0.03568515622977228,0.03568515622977228,0.037782108678172936,0.037782108678172936,0.03711634727443721,0.03711634727443721,0.03686120406079415,0.03686120406079415,0.03568515622977228,0.03568515622977228,0.037782108678172936,0.037782108678172936,0.03711634727443721,0.03711634727443721,0.03686120406079415,0.03686120406079415,0.07838677800100413
eeg-eye-state,ExtraTrees,1498,0.025988050043628134,0.1408774455347409,0.1408774455347409,0.03526978406052019,0.03526978406052019,0.035565349997432535,0.035565349997432535,0.03508463922676745,0.03508463922676745,0.03530659109490673,0.03530659109490673,0.1537802147297004,0.1537802147297004,0.1554460327586786,0.1554460327586786,0.15364211068565448,0.15364211068565448,0.15428945272467784,0.15428945272467784,0.1537802147297004,0.1537802147297004,0.1554460327586786,0.1554460327586786,0.15364211068565448,0.15364211068565448,0.15428945272467784,0.15428945272467784,0.07839752766570503
eeg-eye-state,LightGBM,1498,0.0003252814603870711,0.007621748294114375,0.007621748294114375,0.009873373558791528,0.009873373558791528,0.010522271736837454,0.010522271736837454,0.012184428710351577,0.012184428710351577,0.010860024668660187,0.010860024668660187,0.03679747799051808,0.03679747799051808,0.03576062901526199,0.03576062901526199,0.039133486531931445,0.039133486531931445,0.03723053117923717,0.03723053117923717,0.03679747799051808,0.03679747799051808,0.03576062901526199,0.03576062901526199,0.039133486531931445,0.039133486531931445,0.03723053117923717,0.03723053117923717,0.07855261133348297
eeg-eye-state,LinearModel,1498,0.001906843841220247,0.034798441667082375,0.034798441667082375,0.0009886326830350497,0.0009886326830350497,0.0016962350028916907,0.0016962350028916907,0.000605765122853497,0.000605765122853497,0.0010968776029267456,0.0010968776029267456,0.02200982444084125,0.02200982444084125,0.025419280258673835,0.025419280258673835,0.014020462194653877,0.014020462194653877,0.020483188964722985,0.020483188964722985,0.02200982444084125,0.02200982444084125,0.025419280258673835,0.025419280258673835,0.014020462194653877,0.014020462194653877,0.020483188964722985,0.020483188964722985,0.08027105566725368
eeg-eye-state,NeuralNetFastAI,1498,0.00014542071119450184,0.008729747439853074,0.008729747439853074,0.0019568308532281167,0.0019568308532281167,0.0008275569094833068,0.0008275569094833068,0.0007725539223183819,0.0007725539223183819,0.0011856472283432685,0.0011856472283432685,0.033548962445158724,0.033548962445158724,0.02374295682150481,0.02374295682150481,0.021411075981867072,0.021411075981867072,0.026234331749510204,0.026234331749510204,0.033548962445158724,0.033548962445158724,0.02374295682150481,0.02374295682150481,0.021411075981867072,0.021411075981867072,0.026234331749510204,0.026234331749510204,0.08429415300027661
eeg-eye-state,NeuralNetTorch,1498,0.00032580937256434893,0.00407839503036282,0.00407839503036282,0.006330075402006782,0.006330075402006782,0.0069031192691110755,0.0069031192691110755,0.007349866028836486,0.007349866028836486,0.006861020233318115,0.006861020233318115,0.020234394923852223,0.020234394923852223,0.020732066854626318,0.020732066854626318,0.02232620117735138,0.02232620117735138,0.021097554318609973,0.021097554318609973,0.020234394923852223,0.020234394923852223,0.020732066854626318,0.020732066854626318,0.02232620117735138,0.02232620117735138,0.021097554318609973,0.021097554318609973,0.0866151526667333
eeg-eye-state,RandomForest,1498,0.02405895088331239,0.1358734397884756,0.1358734397884756,0.03831389775443413,0.03831389775443413,0.03626341282095549,0.03626341282095549,0.03428814214757113,0.03428814214757113,0.03628848424098692,0.03628848424098692,0.15853044288739362,0.15853044288739362,0.1554522707208522,0.1554522707208522,0.15137502951912063,0.15137502951912063,0.15511924770912214,0.15511924770912214,0.15853044288739362,0.15853044288739362,0.1554522707208522,0.1554522707208522,0.15137502951912063,0.15137502951912063,0.15511924770912214,0.15511924770912214,0.08058400000057493
eeg-eye-state,XGBoost,1498,0.0003079101549047496,0.00688104010978535,0.00688104010978535,0.009664916383091875,0.009664916383091875,0.01129946793178435,0.01129946793178435,0.011089216031841539,0.011089216031841539,0.010684533448905922,0.010684533448905922,0.03841699349550226,0.03841699349550226,0.04036135138359911,0.04036135138359911,0.039457317676549315,0.039457317676549315,0.03941188751855023,0.03941188751855023,0.03841699349550226,0.03841699349550226,0.04036135138359911,0.04036135138359911,0.039457317676549315,0.039457317676549315,0.03941188751855023,0.03941188751855023,0.07773162499991788
electricity,CatBoost,4532,0.00010843761911822794,0.004937411736887804,0.004937411736887804,0.004218210993269763,0.004218210993269763,0.003889762879936567,0.003889762879936567,0.004126829462160444,0.004126829462160444,0.004078267778455592,0.004078267778455592,0.028690743509106133,0.028690743509106133,0.026773486357355613,0.026773486357355613,0.027063672641112632,0.027063672641112632,0.02750930083585813,0.02750930083585813,0.028690743509106133,0.028690743509106133,0.026773486357355613,0.026773486357355613,0.027063672641112632,0.027063672641112632,0.02750930083585813,0.02750930083585813,0.16816455566731747
electricity,ExtraTrees,4532,0.007086258880093106,0.06942670523509689,0.06942670523509689,0.014099491466009388,0.014099491466009388,0.01275121022015942,0.01275121022015942,0.012926707860117084,0.012926707860117084,0.01325913651542863,0.01325913651542863,0.08835684194706199,0.08835684194706199,0.08386243874922639,0.08386243874922639,0.08426366193352834,0.08426366193352834,0.08549431420993892,0.08549431420993892,0.08835684194706199,0.08835684194706199,0.08386243874922639,0.08386243874922639,0.08426366193352834,0.08426366193352834,0.08549431420993892,0.08549431420993892,0.19049072233368256
electricity,LightGBM,4532,0.00012710323371788613,0.005676105174072797,0.005676105174072797,0.0023333980988808345,0.0023333980988808345,0.0033948902556313497,0.0033948902556313497,0.0024750187470366706,0.0024750187470366706,0.0027344357005162846,0.0027344357005162846,0.021856815257754257,0.021856815257754257,0.025242127127641685,0.025242127127641685,0.022476762867058867,0.022476762867058867,0.02319190175081827,0.02319190175081827,0.021856815257754257,0.021856815257754257,0.025242127127641685,0.025242127127641685,0.022476762867058867,0.022476762867058867,0.02319190175081827,0.02319190175081827,0.21574265266705575
electricity,LinearModel,4532,0.0004035558214285251,0.017008395915046364,0.017008395915046364,0.0011639245806576823,0.0011639245806576823,0.0006180832305120444,0.0006180832305120444,0.0004439250579812984,0.0004439250579812984,0.0007419776230503418,0.0007419776230503418,0.029245438827715985,0.029245438827715985,0.01982172954019704,0.01982172954019704,0.016019808648607574,0.016019808648607574,0.02169565900550687,0.02169565900550687,0.029245438827715985,0.029245438827715985,0.01982172954019704,0.01982172954019704,0.016019808648607574,0.016019808648607574,0.02169565900550687,0.02169565900550687,0.18090984700029367
electricity,NeuralNetFastAI,4532,0.00033354277197180797,0.012777430792358987,0.012777430792358987,0.0016839430638729855,0.0016839430638729855,0.001499492820754183,0.001499492820754183,0.0011483972490298879,0.0011483972490298879,0.0014439443778856854,0.0014439443778856854,0.02677344129501866,0.02677344129501866,0.027251433681146246,0.027251433681146246,0.022992927935211332,0.022992927935211332,0.025672600970458745,0.025672600970458745,0.02677344129501866,0.02677344129501866,0.027251433681146246,0.027251433681146246,0.022992927935211332,0.022992927935211332,0.025672600970458745,0.025672600970458745,0.1879688750001757
electricity,NeuralNetTorch,4532,0.0002008343004878142,0.012690960519868476,0.012690960519868476,0.00358680807394069,0.00358680807394069,0.0038344482298656975,0.0038344482298656975,0.003323600269334793,0.003323600269334793,0.003581618857713727,0.003581618857713727,0.03832974537478027,0.03832974537478027,0.04017241771863016,0.04017241771863016,0.036899997903881245,0.036899997903881245,0.03846738699909722,0.03846738699909722,0.03832974537478027,0.03832974537478027,0.04017241771863016,0.04017241771863016,0.036899997903881245,0.036899997903881245,0.03846738699909722,0.03846738699909722,0.1813096806666484
electricity,RandomForest,4532,0.004441776453166886,0.0496580173616181,0.0496580173616181,0.010685338553001963,0.010685338553001963,0.01114419787946751,0.01114419787946751,0.009745270895228874,0.009745270895228874,0.01052493577589945,0.01052493577589945,0.06421165635956604,0.06421165635956604,0.06761691924991368,0.06761691924991368,0.06318717743742706,0.06318717743742706,0.06500525101563559,0.06500525101563559,0.06421165635956604,0.06421165635956604,0.06761691924991368,0.06761691924991368,0.06318717743742706,0.06318717743742706,0.06500525101563559,0.06500525101563559,0.1768195693330199
electricity,XGBoost,4532,4.8861021365858896e-05,0.0031008525334646356,0.0031008525334646356,0.003053613840131011,0.003053613840131011,0.0027852168143204536,0.0027852168143204536,0.0031504028341232844,0.0031504028341232844,0.00299641116285825,0.00299641116285825,0.022551040648290707,0.022551040648290707,0.02292800873409049,0.02292800873409049,0.024036259048420754,0.024036259048420754,0.023171769476933984,0.023171769476933984,0.022551040648290707,0.022551040648290707,0.02292800873409049,0.02292800873409049,0.024036259048420754,0.024036259048420754,0.023171769476933984,0.023171769476933984,0.18268694433330288
fried,CatBoost,4077,0.001154454166467346,0.022346031385042747,0.022346031385042747,0.009939294955083092,0.009939294955083092,0.00957819437527631,0.00957819437527631,0.008617148831701952,0.008617148831701952,0.009378212720687118,0.009378212720687118,0.04984217661883095,0.04984217661883095,0.049211180808385935,0.049211180808385935,0.047519376254372296,0.047519376254372296,0.04885757789386306,0.04885757789386306,0.04984217661883095,0.04984217661883095,0.049211180808385935,0.049211180808385935,0.047519376254372296,0.047519376254372296,0.04885757789386306,0.04885757789386306,0.17672591666632798
fried,ExtraTrees,4077,0.006903059541016786,0.06332892553083012,0.06332892553083012,0.014141774480081273,0.014141774480081273,0.012137923657254034,0.012137923657254034,0.013645012587957622,0.013645012587957622,0.013308236908430976,0.013308236908430976,0.08039916237813718,0.08039916237813718,0.07550765519564445,0.07550765519564445,0.07900311149732295,0.07900311149732295,0.0783033096903682,0.0783033096903682,0.08039916237813718,0.08039916237813718,0.07550765519564445,0.07550765519564445,0.07900311149732295,0.07900311149732295,0.0783033096903682,0.0783033096903682,0.18374243066621906
fried,LightGBM,4077,0.00026798282706437396,0.010261553242490265,0.010261553242490265,0.008873130864761712,0.008873130864761712,0.009123583576108355,0.009123583576108355,0.008923707757726575,0.008923707757726575,0.00897347406619888,0.00897347406619888,0.04308882502335526,0.04308882502335526,0.04435563529042792,0.04435563529042792,0.04374061687147825,0.04374061687147825,0.04372835906175381,0.04372835906175381,0.04308882502335526,0.04308882502335526,0.04435563529042792,0.04435563529042792,0.04374061687147825,0.04374061687147825,0.04372835906175381,0.04372835906175381,0.1797037083330603
fried,LinearModel,4077,0.001254826499521398,0.029152005908696158,0.029152005908696158,0.001428356003681812,0.001428356003681812,0.0018337298605183667,0.0018337298605183667,0.0024248203228750854,0.0024248203228750854,0.0018956353956917549,0.0018956353956917549,0.031078317836865585,0.031078317836865585,0.02993406884026358,0.02993406884026358,0.03766583547823245,0.03766583547823245,0.03289274071845387,0.03289274071845387,0.031078317836865585,0.031078317836865585,0.02993406884026358,0.02993406884026358,0.03766583547823245,0.03766583547823245,0.03289274071845387,0.03289274071845387,0.18658358333292804
fried,NeuralNetFastAI,4077,0.00012129928235200947,0.007206099160809135,0.007206099160809135,0.0028809223759304796,0.0028809223759304796,0.003980430431531838,0.003980430431531838,0.0028730873104856787,0.0028730873104856787,0.003244813372649332,0.003244813372649332,0.024934833551427348,0.024934833551427348,0.028796610806204142,0.028796610806204142,0.025795376116528428,0.025795376116528428,0.026508940158053305,0.026508940158053305,0.024934833551427348,0.024934833551427348,0.028796610806204142,0.028796610806204142,0.025795376116528428,0.025795376116528428,0.026508940158053305,0.026508940158053305,0.17314365266671908
fried,NeuralNetTorch,4077,0.0007219724496050008,0.01778407569967757,0.01778407569967757,0.007814570692764828,0.007814570692764828,0.008857779315044903,0.008857779315044903,0.008661324508657125,0.008661324508657125,0.00844455817215562,0.00844455817215562,0.04395098877476193,0.04395098877476193,0.046208181807317214,0.046208181807317214,0.0459038017789437,0.0459038017789437,0.045354324120340954,0.045354324120340954,0.04395098877476193,0.04395098877476193,0.046208181807317214,0.046208181807317214,0.0459038017789437,0.0459038017789437,0.045354324120340954,0.045354324120340954,0.1751601806669593
fried,RandomForest,4077,0.0036032137281073865,0.04565656378096693,0.04565656378096693,0.009830624007515285,0.009830624007515285,0.009771311969086137,0.009771311969086137,0.010197103940849836,0.010197103940849836,0.009933013305817086,0.009933013305817086,0.06342656372348297,0.06342656372348297,0.06308979827288648,0.06308979827288648,0.06506166147175475,0.06506166147175475,0.0638593411560414,0.0638593411560414,0.06342656372348297,0.06342656372348297,0.06308979827288648,0.06308979827288648,0.06506166147175475,0.06506166147175475,0.0638593411560414,0.0638593411560414,0.17240136100008385
fried,XGBoost,4077,0.0002778545380507471,0.010808944365157695,0.010808944365157695,0.009563403936457385,0.009563403936457385,0.00909813554072599,0.00909813554072599,0.00863662980395196,0.00863662980395196,0.009099389760378445,0.009099389760378445,0.0466208006462373,0.0466208006462373,0.04550753881058965,0.04550753881058965,0.04445859258126057,0.04445859258126057,0.045528977346029176,0.045528977346029176,0.0466208006462373,0.0466208006462373,0.04550753881058965,0.04550753881058965,0.04445859258126057,0.04445859258126057,0.045528977346029176,0.045528977346029176,0.16132705566633376
houses,CatBoost,2064,1.4204701228638996e-05,0.001192008610834639,0.001192008610834639,0.006302887240035481,0.006302887240035481,0.005287189460315051,0.005287189460315051,0.007243132871912446,0.007243132871912446,0.006277736524087659,0.006277736524087659,0.016576558016421838,0.016576558016421838,0.015369031895894442,0.015369031895894442,0.01774851856004051,0.01774851856004051,0.01656470282411893,0.01656470282411893,0.016576558016421838,0.016576558016421838,0.015369031895894442,0.015369031895894442,0.01774851856004051,0.01774851856004051,0.01656470282411893,0.01656470282411893,0.14238998599951933
houses,ExtraTrees,2064,0.00037951987919955944,0.007923446218264624,0.007923446218264624,0.007629233868002173,0.007629233868002173,0.00969062399926373,0.00969062399926373,0.007200970819817065,0.007200970819817065,0.00817360956236099,0.00817360956236099,0.023266633021932968,0.023266633021932968,0.029295739541862396,0.029295739541862396,0.023497757341313805,0.023497757341313805,0.025353376635036392,0.025353376635036392,0.023266633021932968,0.023266633021932968,0.029295739541862396,0.029295739541862396,0.023497757341313805,0.023497757341313805,0.025353376635036392,0.025353376635036392,0.13484315266638683
houses,LightGBM,2064,1.3250593926179e-05,0.000957850827254587,0.000957850827254587,0.005391421220122006,0.005391421220122006,0.008691048770562235,0.008691048770562235,0.006364597897640966,0.006364597897640966,0.006815689296108402,0.006815689296108402,0.016617999703154175,0.016617999703154175,0.020188112055597986,0.020188112055597986,0.016819749515159663,0.016819749515159663,0.01787528709130394,0.01787528709130394,0.016617999703154175,0.016617999703154175,0.020188112055597986,0.020188112055597986,0.016819749515159663,0.016819749515159663,0.01787528709130394,0.01787528709130394,0.14507977766697877
houses,LinearModel,2064,0.001905403901629658,0.018221830937356798,0.018221830937356798,0.00616684518299069,0.00616684518299069,0.007216418549416198,0.007216418549416198,0.006182248506519769,0.006182248506519769,0.006521837412975552,0.006521837412975552,0.029528492079826194,0.029528492079826194,0.0274370965642121,0.0274370965642121,0.028053407019184316,0.028053407019184316,0.0283396652210742,0.0283396652210742,0.029528492079826194,0.029528492079826194,0.0274370965642121,0.0274370965642121,0.028053407019184316,0.028053407019184316,0.0283396652210742,0.0283396652210742,0.14601177766598994
houses,NeuralNetFastAI,2064,5.755704362879802e-05,0.0019120419770464242,0.0019120419770464242,0.005913809773862845,0.005913809773862845,0.007581464555243497,0.007581464555243497,0.00588201381385142,0.00588201381385142,0.006459096047652587,0.006459096047652587,0.01750129378850692,0.01750129378850692,0.020056914195232374,0.020056914195232374,0.01745489407197054,0.01745489407197054,0.018337700685236612,0.018337700685236612,0.01750129378850692,0.01750129378850692,0.020056914195232374,0.020056914195232374,0.01745489407197054,0.01745489407197054,0.018337700685236612,0.018337700685236612,0.15479858333371035
houses,NeuralNetTorch,2064,0.000413800447970954,0.006170077965516859,0.006170077965516859,0.006809340065366962,0.006809340065366962,0.0077458460255577415,0.0077458460255577415,0.006618104856169367,0.006618104856169367,0.007057763649031357,0.007057763649031357,0.020317969773713845,0.020317969773713845,0.021831162930671444,0.021831162930671444,0.020424594800504802,0.020424594800504802,0.0208579091682967,0.0208579091682967,0.020317969773713845,0.020317969773713845,0.021831162930671444,0.021831162930671444,0.020424594800504802,0.020424594800504802,0.0208579091682967,0.0208579091682967,0.18951647233310118
houses,RandomForest,2064,0.0002291509747290798,0.005750992408290283,0.005750992408290283,0.007909129587390045,0.007909129587390045,0.008067436281592946,0.008067436281592946,0.006912504435451029,0.006912504435451029,0.007629690101478007,0.007629690101478007,0.02309585164740116,0.02309585164740116,0.02323121024091857,0.02323121024091857,0.022433939226254137,0.022433939226254137,0.022920333704857954,0.022920333704857954,0.02309585164740116,0.02309585164740116,0.02323121024091857,0.02323121024091857,0.022433939226254137,0.022433939226254137,0.022920333704857954,0.022920333704857954,0.14153244433327927
houses,XGBoost,2064,1.4119616642225715e-05,0.001111732412486931,0.001111732412486931,0.007429072776731481,0.007429072776731481,0.009191593454467057,0.009191593454467057,0.0053907743143020775,0.0053907743143020775,0.007337146848500206,0.007337146848500206,0.019652376414968382,0.019652376414968382,0.020947179265181543,0.020947179265181543,0.015821037000220018,0.015821037000220018,0.018806864226789982,0.018806864226789982,0.019652376414968382,0.019652376414968382,0.020947179265181543,0.020947179265181543,0.015821037000220018,0.015821037000220018,0.018806864226789982,0.018806864226789982,0.1491076806669298
jm1,CatBoost,1089,0.0004593651716264114,0.016492085288474602,0.016492085288474602,0.0026440936932328888,0.0026440936932328888,0.0012795672704768685,0.0012795672704768685,0.0019253672195661976,0.0019253672195661976,0.0019496760610919848,0.0019496760610919848,0.026139736445783147,0.026139736445783147,0.02514789372561132,0.02514789372561132,0.029381600091416864,0.029381600091416864,0.026889743420937112,0.026889743420937112,0.026139736445783147,0.026139736445783147,0.02514789372561132,0.02514789372561132,0.029381600091416864,0.029381600091416864,0.026889743420937112,0.026889743420937112,0.0708599306672113
jm1,ExtraTrees,1089,0.0010491897673640903,0.02842682492911783,0.02842682492911783,0.0021292018364239113,0.0021292018364239113,0.0018841212081520027,0.0018841212081520027,0.0012898767760724653,0.0012898767760724653,0.0017677332735494598,0.0017677332735494598,0.035888052974856234,0.035888052974856234,0.028602744751431423,0.028602744751431423,0.02974453736087187,0.02974453736087187,0.03141177836238651,0.03141177836238651,0.035888052974856234,0.035888052974856234,0.028602744751431423,0.028602744751431423,0.02974453736087187,0.02974453736087187,0.03141177836238651,0.03141177836238651,0.06976520833389561
jm1,LightGBM,1089,0.0002128138158242075,0.013651963000085728,0.013651963000085728,0.0026248447269286265,0.0026248447269286265,0.001597792826276186,0.001597792826276186,0.002038812195822287,0.002038812195822287,0.0020871499163423665,0.0020871499163423665,0.026879921598279552,0.026879921598279552,0.02664693324046066,0.02664693324046066,0.03175279766806941,0.03175279766806941,0.02842655083560321,0.02842655083560321,0.026879921598279552,0.026879921598279552,0.02664693324046066,0.02664693324046066,0.03175279766806941,0.03175279766806941,0.02842655083560321,0.02842655083560321,0.06436956933369704
jm1,LinearModel,1089,0.0004755464473911734,0.01843881275491144,0.01843881275491144,0.003092172063305924,0.003092172063305924,0.0032883476534017104,0.0032883476534017104,0.0025899501815582634,0.0025899501815582634,0.002990156632755299,0.002990156632755299,0.036984768007686096,0.036984768007686096,0.0338393317255789,0.0338393317255789,0.03412953221079331,0.03412953221079331,0.03498454398135278,0.03498454398135278,0.036984768007686096,0.036984768007686096,0.0338393317255789,0.0338393317255789,0.03412953221079331,0.03412953221079331,0.03498454398135278,0.03498454398135278,0.07370470833363167
jm1,NeuralNetFastAI,1089,0.0008481313064926765,0.019026765100404797,0.019026765100404797,0.00514474109042358,0.00514474109042358,0.004168780667436346,0.004168780667436346,0.007629770481028047,0.007629770481028047,0.005647764079629324,0.005647764079629324,0.03746819586764176,0.03746819586764176,0.04045770115100687,0.04045770115100687,0.04820086328243999,0.04820086328243999,0.04204225343369621,0.04204225343369621,0.03746819586764176,0.03746819586764176,0.04045770115100687,0.04045770115100687,0.04820086328243999,0.04820086328243999,0.04204225343369621,0.04204225343369621,0.06107515300027444
jm1,NeuralNetTorch,1089,0.0005744025831623151,0.021173878675078694,0.021173878675078694,0.004501762716208914,0.004501762716208914,0.00490559935736255,0.00490559935736255,0.004366380092220281,0.004366380092220281,0.004591247388597249,0.004591247388597249,0.045503039421501794,0.045503039421501794,0.04290343719838996,0.04290343719838996,0.046053490492055676,0.046053490492055676,0.044819989037315815,0.044819989037315815,0.045503039421501794,0.045503039421501794,0.04290343719838996,0.04290343719838996,0.046053490492055676,0.046053490492055676,0.044819989037315815,0.044819989037315815,0.08021209733366656
jm1,RandomForest,1089,0.0009024565193582983,0.02430348862947116,0.02430348862947116,0.006442828537378027,0.006442828537378027,0.0028781548864154644,0.0028781548864154644,0.005073632990541591,0.005073632990541591,0.004798205471445028,0.004798205471445028,0.05439848429991322,0.05439848429991322,0.03551004890021939,0.03551004890021939,0.046413772639944645,0.046413772639944645,0.045440768613359085,0.045440768613359085,0.05439848429991322,0.05439848429991322,0.03551004890021939,0.03551004890021939,0.046413772639944645,0.046413772639944645,0.045440768613359085,0.045440768613359085,0.07449547199939843
jm1,XGBoost,1089,0.00032598756892539385,0.015437645146655752,0.015437645146655752,0.002188927381030202,0.002188927381030202,0.0014557479139108574,0.0014557479139108574,0.0011945624923129445,0.0011945624923129445,0.0016130792624180013,0.0016130792624180013,0.029135596227752605,0.029135596227752605,0.029034060192584334,0.029034060192584334,0.01768871598096207,0.01768871598096207,0.025286124133766335,0.025286124133766335,0.029135596227752605,0.029135596227752605,0.029034060192584334,0.029034060192584334,0.01768871598096207,0.01768871598096207,0.025286124133766335,0.025286124133766335,0.08782330533358618
kdd_internet_usage,CatBoost,1011,0.00011989314943202964,0.008030440630033128,0.008030440630033128,0.008589739349679978,0.008589739349679978,0.00971554843817242,0.00971554843817242,0.00546391893313391,0.00546391893313391,0.007923068906995435,0.007923068906995435,0.05011928771480838,0.05011928771480838,0.05610286836067823,0.05610286836067823,0.040389621006798035,0.040389621006798035,0.04887059236076154,0.04887059236076154,0.05011928771480838,0.05011928771480838,0.05610286836067823,0.05610286836067823,0.040389621006798035,0.040389621006798035,0.04887059236076154,0.04887059236076154,0.0857129166664284
kdd_internet_usage,ExtraTrees,1011,0.002305234841809879,0.034895905272840685,0.034895905272840685,0.0063939659586015,0.0063939659586015,0.007300343509815276,0.007300343509815276,0.008908935982210323,0.008908935982210323,0.007534415150209033,0.007534415150209033,0.04718131590720446,0.04718131590720446,0.04982533099521156,0.04982533099521156,0.060870439590954624,0.060870439590954624,0.05262569549779022,0.05262569549779022,0.04718131590720446,0.04718131590720446,0.04982533099521156,0.04982533099521156,0.060870439590954624,0.060870439590954624,0.05262569549779022,0.05262569549779022,0.0578143473333815
kdd_internet_usage,LightGBM,1011,0.00019709012292062653,0.011555293486926854,0.011555293486926854,0.0062143744140097075,0.0062143744140097075,0.006206895147821144,0.006206895147821144,0.005266677281516486,0.005266677281516486,0.00589598228111578,0.00589598228111578,0.04362133947217205,0.04362133947217205,0.04618031505629296,0.04618031505629296,0.04187400744579079,0.04187400744579079,0.04389188732475193,0.04389188732475193,0.04362133947217205,0.04362133947217205,0.04618031505629296,0.04618031505629296,0.04187400744579079,0.04187400744579079,0.04389188732475193,0.04389188732475193,0.06816111133351417
kdd_internet_usage,LinearModel,1011,0.0005205022132861698,0.013718643449135908,0.013718643449135908,0.0021175864975051225,0.0021175864975051225,0.004760214886550675,0.004760214886550675,0.0038923197509798326,0.0038923197509798326,0.0035900403783452103,0.0035900403783452103,0.027142721443685694,0.027142721443685694,0.04126684471286567,0.04126684471286567,0.031343495543644885,0.031343495543644885,0.03325102056673208,0.03325102056673208,0.027142721443685694,0.027142721443685694,0.04126684471286567,0.04126684471286567,0.031343495543644885,0.031343495543644885,0.03325102056673208,0.03325102056673208,0.07923593033410725
kdd_internet_usage,NeuralNetFastAI,1011,0.0006063670016805417,0.013139750460642008,0.013139750460642008,0.007647820493875305,0.007647820493875305,0.007881647223186395,0.007881647223186395,0.0051922090836357656,0.0051922090836357656,0.006907225600232488,0.006907225600232488,0.046621634048663346,0.046621634048663346,0.04561682897959978,0.04561682897959978,0.03690699945128686,0.03690699945128686,0.04304848749318333,0.04304848749318333,0.046621634048663346,0.046621634048663346,0.04561682897959978,0.04561682897959978,0.03690699945128686,0.03690699945128686,0.04304848749318333,0.04304848749318333,0.07704134699937033
kdd_internet_usage,NeuralNetTorch,1011,0.0004818589126725466,0.01775397100298975,0.01775397100298975,0.0028175419684876224,0.0028175419684876224,0.0040695383624543046,0.0040695383624543046,0.0036048470843423647,0.0036048470843423647,0.003497309138428097,0.003497309138428097,0.03350351001307246,0.03350351001307246,0.04114202184221234,0.04114202184221234,0.03776383493946618,0.03776383493946618,0.03746978893158366,0.03746978893158366,0.03350351001307246,0.03350351001307246,0.04114202184221234,0.04114202184221234,0.03776383493946618,0.03776383493946618,0.03746978893158366,0.03746978893158366,0.050255347333101476
kdd_internet_usage,RandomForest,1011,0.0014103647049324539,0.026669656403356303,0.026669656403356303,0.014461651878834716,0.014461651878834716,0.01390657005826065,0.01390657005826065,0.013302784751140462,0.013302784751140462,0.013890335562745276,0.013890335562745276,0.06754228138361011,0.06754228138361011,0.06805499873489243,0.06805499873489243,0.06649432545322105,0.06649432545322105,0.06736386852390785,0.06736386852390785,0.06754228138361011,0.06754228138361011,0.06805499873489243,0.06805499873489243,0.06649432545322105,0.06649432545322105,0.06736386852390785,0.06736386852390785,0.04898688899993431
kdd_internet_usage,XGBoost,1011,0.0002602774634580257,0.011638285660769415,0.011638285660769415,0.008264697256053617,0.008264697256053617,0.006150261955221695,0.006150261955221695,0.008453329405327467,0.008453329405327467,0.007622762872200925,0.007622762872200925,0.04911216197781586,0.04911216197781586,0.04573211638346265,0.04573211638346265,0.053951502061047554,0.053951502061047554,0.049598593474108686,0.049598593474108686,0.04911216197781586,0.04911216197781586,0.04573211638346265,0.04573211638346265,0.053951502061047554,0.053951502061047554,0.049598593474108686,0.049598593474108686,0.049924791665641045
kick,CatBoost,7299,0.0003284324724235084,0.01568537063988908,0.01568537063988908,0.0006652934796840114,0.0006652934796840114,0.0006172611122303604,0.0006172611122303604,0.0005184636039950442,0.0005184636039950442,0.000600339398636472,0.000600339398636472,0.018366247451014266,0.018366247451014266,0.021931440038884684,0.021931440038884684,0.017271714366868838,0.017271714366868838,0.019189800618922597,0.019189800618922597,0.018366247451014266,0.018366247451014266,0.021931440038884684,0.021931440038884684,0.017271714366868838,0.017271714366868838,0.019189800618922597,0.019189800618922597,0.33842622200002853
kick,ExtraTrees,7299,0.0007693803283363651,0.022206391086151307,0.022206391086151307,0.0009775360837554266,0.0009775360837554266,0.0012401726455412618,0.0012401726455412618,0.0008897046212579231,0.0008897046212579231,0.0010358044501848705,0.0010358044501848705,0.0256305396254982,0.0256305396254982,0.028230335645581056,0.028230335645581056,0.022733372321300464,0.022733372321300464,0.025531415864126574,0.025531415864126574,0.0256305396254982,0.0256305396254982,0.028230335645581056,0.028230335645581056,0.022733372321300464,0.022733372321300464,0.025531415864126574,0.025531415864126574,0.28595643066607107
kick,LightGBM,7299,0.000758403691047608,0.0190159195066514,0.0190159195066514,0.0011645091313688463,0.0011645091313688463,0.0011422326337909266,0.0011422326337909266,0.0009813641176538482,0.0009813641176538482,0.001096035294271207,0.001096035294271207,0.020159457594713603,0.020159457594713603,0.02445009151503754,0.02445009151503754,0.02135930139469224,0.02135930139469224,0.02198961683481446,0.02198961683481446,0.020159457594713603,0.020159457594713603,0.02445009151503754,0.02445009151503754,0.02135930139469224,0.02135930139469224,0.02198961683481446,0.02198961683481446,0.2950372360004015
kick,LinearModel,7299,0.0005939979673438714,0.01760061161563192,0.01760061161563192,0.0009408098472497265,0.0009408098472497265,0.0011697919509203547,0.0011697919509203547,0.0009473427865235036,0.0009473427865235036,0.0010193148615645284,0.0010193148615645284,0.019986836281339664,0.019986836281339664,0.021831408959769014,0.021831408959769014,0.020460254181280925,0.020460254181280925,0.0207594998074632,0.0207594998074632,0.019986836281339664,0.019986836281339664,0.021831408959769014,0.021831408959769014,0.020460254181280925,0.020460254181280925,0.0207594998074632,0.0207594998074632,0.28130531933250796
kick,NeuralNetFastAI,7299,0.0005771733416787403,0.017684241476468614,0.017684241476468614,0.0008034737922008924,0.0008034737922008924,0.0007315725657722021,0.0007315725657722021,0.0009015963084783936,0.0009015963084783936,0.0008122142221504959,0.0008122142221504959,0.021393544393965312,0.021393544393965312,0.02214685292860409,0.02214685292860409,0.02124253454070004,0.02124253454070004,0.021594310621089814,0.021594310621089814,0.021393544393965312,0.021393544393965312,0.02214685292860409,0.02214685292860409,0.02124253454070004,0.02124253454070004,0.021594310621089814,0.021594310621089814,0.2654441946663913
kick,NeuralNetTorch,7299,0.00023458592068901205,0.013487245802634747,0.013487245802634747,0.0005966946686615311,0.0005966946686615311,0.0005695656544328323,0.0005695656544328323,0.00047712102316402495,0.00047712102316402495,0.0005477937820861295,0.0005477937820861295,0.01886700419585478,0.01886700419585478,0.019042937891279144,0.019042937891279144,0.017188018551146083,0.017188018551146083,0.01836598687942667,0.01836598687942667,0.01886700419585478,0.01886700419585478,0.019042937891279144,0.019042937891279144,0.017188018551146083,0.017188018551146083,0.01836598687942667,0.01836598687942667,0.2717855139999301
kick,RandomForest,7299,0.002828115379297646,0.03225391854775516,0.03225391854775516,0.0029432252529643056,0.0029432252529643056,0.0035212260837010757,0.0035212260837010757,0.0030852893113733084,0.0030852893113733084,0.0031832468826795634,0.0031832468826795634,0.03573278296692577,0.03573278296692577,0.03842955752281436,0.03842955752281436,0.034898891844685226,0.034898891844685226,0.03635374411147512,0.03635374411147512,0.03573278296692577,0.03573278296692577,0.03842955752281436,0.03842955752281436,0.034898891844685226,0.034898891844685226,0.03635374411147512,0.03635374411147512,0.2788294863336584
kick,XGBoost,7299,0.00046227426086040705,0.018060586153021627,0.018060586153021627,0.0009626393043427723,0.0009626393043427723,0.0007575610456227851,0.0007575610456227851,0.0007372215643563438,0.0007372215643563438,0.0008191406381073004,0.0008191406381073004,0.01996160275534992,0.01996160275534992,0.022642066152435872,0.022642066152435872,0.01938710203691592,0.01938710203691592,0.02066359031490057,0.02066359031490057,0.01996160275534992,0.01996160275534992,0.022642066152435872,0.022642066152435872,0.01938710203691592,0.01938710203691592,0.02066359031490057,0.02066359031490057,0.2798150556676167
mammography,CatBoost,1119,0.0003067871709737866,0.002987250300573251,0.002987250300573251,0.0026545414057939916,0.0026545414057939916,0.0022656583241643436,0.0022656583241643436,0.0027177334573880324,0.0027177334573880324,0.0025459777291154556,0.0025459777291154556,0.010956340160299675,0.010956340160299675,0.009958561734378564,0.009958561734378564,0.011082315981031583,0.011082315981031583,0.010665739291903275,0.010665739291903275,0.010956340160299675,0.010956340160299675,0.009958561734378564,0.009958561734378564,0.011082315981031583,0.011082315981031583,0.010665739291903275,0.010665739291903275,0.05301683333285231
mammography,ExtraTrees,1119,0.0009083719555935277,0.00982183899564482,0.00982183899564482,0.007217484983251183,0.007217484983251183,0.003848064320829761,0.003848064320829761,0.003582536761345129,0.003582536761345129,0.004882695355142025,0.004882695355142025,0.02141246891824276,0.02141246891824276,0.017381460654994876,0.017381460654994876,0.015210446389019404,0.015210446389019404,0.01800145865408568,0.01800145865408568,0.02141246891824276,0.02141246891824276,0.017381460654994876,0.017381460654994876,0.015210446389019404,0.015210446389019404,0.01800145865408568,0.01800145865408568,0.05153416666750369
mammography,LightGBM,1119,0.00031100477806888605,0.004549416189807716,0.004549416189807716,0.006562150204019989,0.006562150204019989,0.006517172783298423,0.006517172783298423,0.003497737620820798,0.003497737620820798,0.005525686869379737,0.005525686869379737,0.01667728182890459,0.01667728182890459,0.015252368937485937,0.015252368937485937,0.012617367093449594,0.012617367093449594,0.014849005953280038,0.014849005953280038,0.01667728182890459,0.01667728182890459,0.015252368937485937,0.015252368937485937,0.012617367093449594,0.012617367093449594,0.014849005953280038,0.014849005953280038,0.0522755276664005
mammography,LinearModel,1119,0.00047097862035540007,0.0075422727862264815,0.0075422727862264815,0.004552677556455618,0.004552677556455618,0.0028471683355610683,0.0028471683355610683,0.006472268411305435,0.006472268411305435,0.004624038101107374,0.004624038101107374,0.016393405838876333,0.016393405838876333,0.015794901798758466,0.015794901798758466,0.01711113441069145,0.01711113441069145,0.01643314734944208,0.01643314734944208,0.016393405838876333,0.016393405838876333,0.015794901798758466,0.015794901798758466,0.01711113441069145,0.01711113441069145,0.01643314734944208,0.01643314734944208,0.051805416666563055
mammography,NeuralNetFastAI,1119,0.00021599745896071988,0.0038140064351425873,0.0038140064351425873,0.0050232295997539285,0.0050232295997539285,0.0033868255490794655,0.0033868255490794655,0.004635608768634108,0.004635608768634108,0.004348554639155833,0.004348554639155833,0.014695021429682768,0.014695021429682768,0.012226518268098594,0.012226518268098594,0.014711134969860377,0.014711134969860377,0.013877558222547248,0.013877558222547248,0.014695021429682768,0.014695021429682768,0.012226518268098594,0.012226518268098594,0.014711134969860377,0.014711134969860377,0.013877558222547248,0.013877558222547248,0.06435065266729605
mammography,NeuralNetTorch,1119,0.0002914973659975757,0.004787277400137917,0.004787277400137917,0.0077159686103223,0.0077159686103223,0.0056703318189519555,0.0056703318189519555,0.00534015817576749,0.00534015817576749,0.006242152868347249,0.006242152868347249,0.01996438241456504,0.01996438241456504,0.017069121157001457,0.017069121157001457,0.018487366433298034,0.018487366433298034,0.018506956668288176,0.018506956668288176,0.01996438241456504,0.01996438241456504,0.017069121157001457,0.017069121157001457,0.018487366433298034,0.018487366433298034,0.018506956668288176,0.018506956668288176,0.05317597233321673
mammography,RandomForest,1119,0.0009077515840056415,0.010416327105699756,0.010416327105699756,0.006476847129262726,0.006476847129262726,0.005612349061468091,0.005612349061468091,0.00547070041514279,0.00547070041514279,0.005853298868624536,0.005853298868624536,0.022435625423763823,0.022435625423763823,0.022411854920124284,0.022411854920124284,0.023160254250723294,0.023160254250723294,0.02266924486487047,0.02266924486487047,0.022435625423763823,0.022435625423763823,0.022411854920124284,0.022411854920124284,0.023160254250723294,0.023160254250723294,0.02266924486487047,0.02266924486487047,0.05239325000002282
mammography,XGBoost,1119,0.00038680258371852957,0.004986199969852342,0.004986199969852342,0.007934376481434574,0.007934376481434574,0.004130290215158508,0.004130290215158508,0.004676334964960338,0.004676334964960338,0.005580333887184474,0.005580333887184474,0.017129889345859826,0.017129889345859826,0.012011963364366567,0.012011963364366567,0.013807143038262375,0.013807143038262375,0.014316331916162923,0.014316331916162923,0.017129889345859826,0.017129889345859826,0.012011963364366567,0.012011963364366567,0.013807143038262375,0.013807143038262375,0.014316331916162923,0.014316331916162923,0.05256056933285436
mc1,CatBoost,947,8.474567040156436e-05,0.001448690264707574,0.001448690264707574,0.00222538738843227,0.00222538738843227,0.0030796019883573855,0.0030796019883573855,0.0014728089746052974,0.0014728089746052974,0.002259266117131651,0.002259266117131651,0.006335216968549489,0.006335216968549489,0.009847313826242342,0.009847313826242342,0.0060034354245333795,0.0060034354245333795,0.007395322073108403,0.007395322073108403,0.006335216968549489,0.006335216968549489,0.009847313826242342,0.009847313826242342,0.0060034354245333795,0.0060034354245333795,0.007395322073108403,0.007395322073108403,0.0419999859999128
mc1,ExtraTrees,947,0.00010842411057971378,0.00240776792749526,0.00240776792749526,0.0013593621420023548,0.0013593621420023548,0.003740071319734473,0.003740071319734473,0.0020725552490903003,0.0020725552490903003,0.002390662903609043,0.002390662903609043,0.007430391570663812,0.007430391570663812,0.010934061877354634,0.010934061877354634,0.008303623714199163,0.008303623714199163,0.008889359054072536,0.008889359054072536,0.007430391570663812,0.007430391570663812,0.010934061877354634,0.010934061877354634,0.008303623714199163,0.008303623714199163,0.008889359054072536,0.008889359054072536,0.041791222333510326
mc1,LightGBM,947,9.440718488325625e-05,0.002233540501656573,0.002233540501656573,0.000747844719012109,0.000747844719012109,0.005676218340344105,0.005676218340344105,0.0008727166792496242,0.0008727166792496242,0.0024322599128686127,0.0024322599128686127,0.0044105151198472956,0.0044105151198472956,0.01199201552763297,0.01199201552763297,0.004360670708781158,0.004360670708781158,0.006921067118753808,0.006921067118753808,0.0044105151198472956,0.0044105151198472956,0.01199201552763297,0.01199201552763297,0.004360670708781158,0.004360670708781158,0.006921067118753808,0.006921067118753808,0.041799096999360096
mc1,LinearModel,947,0.00014638436646146276,0.0026338506459625682,0.0026338506459625682,0.00158252694529844,0.00158252694529844,0.0027678292975359554,0.0027678292975359554,0.0010991009771317848,0.0010991009771317848,0.0018164857399887268,0.0018164857399887268,0.009542941964401915,0.009542941964401915,0.011229912058065582,0.011229912058065582,0.008234424508827188,0.008234424508827188,0.009669092843764895,0.009669092843764895,0.009542941964401915,0.009542941964401915,0.011229912058065582,0.011229912058065582,0.008234424508827188,0.008234424508827188,0.009669092843764895,0.009669092843764895,0.0418585833334267
mc1,NeuralNetFastAI,947,0.0002510707807121435,0.0026250846864085877,0.0026250846864085877,0.0007197325431315168,0.0007197325431315168,0.002704393266986252,0.002704393266986252,0.0009019729448264032,0.0009019729448264032,0.001442032918314724,0.001442032918314724,0.006922020483391195,0.006922020483391195,0.00930634445594443,0.00930634445594443,0.006639159813531556,0.006639159813531556,0.007622508250955728,0.007622508250955728,0.006922020483391195,0.006922020483391195,0.00930634445594443,0.00930634445594443,0.006639159813531556,0.006639159813531556,0.007622508250955728,0.007622508250955728,0.041241041665974386
mc1,NeuralNetTorch,947,0.00010110961490308469,0.002626690070216347,0.002626690070216347,0.001002287486922642,0.001002287486922642,0.002388757014501101,0.002388757014501101,0.0015757484594319865,0.0015757484594319865,0.0016555976536185766,0.0016555976536185766,0.009033831162671788,0.009033831162671788,0.010836007787549376,0.010836007787549376,0.008703814746739395,0.008703814746739395,0.009524551232320188,0.009524551232320188,0.009033831162671788,0.009033831162671788,0.010836007787549376,0.010836007787549376,0.008703814746739395,0.008703814746739395,0.009524551232320188,0.009524551232320188,0.04146359699977135
mc1,RandomForest,947,5.816639252468534e-05,0.002580967733421892,0.002580967733421892,0.0013437023015550424,0.0013437023015550424,0.005478249208647201,0.005478249208647201,0.000521082392815948,0.000521082392815948,0.0024476779676727307,0.0024476779676727307,0.00864889810079314,0.00864889810079314,0.013344565689333576,0.013344565689333576,0.00626268791537266,0.00626268791537266,0.009418717235166458,0.009418717235166458,0.00864889810079314,0.00864889810079314,0.013344565689333576,0.013344565689333576,0.00626268791537266,0.00626268791537266,0.009418717235166458,0.009418717235166458,0.04110656933335122
mc1,XGBoost,947,6.719166348136656e-05,0.0017722229712900024,0.0017722229712900024,0.0008769820323443463,0.0008769820323443463,0.0035823657999792947,0.0035823657999792947,0.0015590559683732912,0.0015590559683732912,0.002006134600232311,0.002006134600232311,0.006182664249617655,0.006182664249617655,0.011573512472144151,0.011573512472144151,0.006015424937527239,0.006015424937527239,0.007923867219763014,0.007923867219763014,0.006182664249617655,0.006182664249617655,0.011573512472144151,0.011573512472144151,0.006015424937527239,0.006015424937527239,0.007923867219763014,0.007923867219763014,0.04535662499984028
mozilla4,CatBoost,1555,0.00010475732649914228,0.004283992180305419,0.004283992180305419,0.005991280638626255,0.005991280638626255,0.006246734861987488,0.006246734861987488,0.005269342917943784,0.005269342917943784,0.005835786139519176,0.005835786139519176,0.028740158437252857,0.028740158437252857,0.03005216572502202,0.03005216572502202,0.0279234041632846,0.0279234041632846,0.028905242775186496,0.028905242775186496,0.028740158437252857,0.028740158437252857,0.03005216572502202,0.03005216572502202,0.0279234041632846,0.0279234041632846,0.028905242775186496,0.028905242775186496,0.09628888900018258
mozilla4,ExtraTrees,1555,0.0009227105781339121,0.019337496672612108,0.019337496672612108,0.013907235960794361,0.013907235960794361,0.013986757606817226,0.013986757606817226,0.01383704555142427,0.01383704555142427,0.013910346373011953,0.013910346373011953,0.0542343533511302,0.0542343533511302,0.0526962672798317,0.0526962672798317,0.05237788673592372,0.05237788673592372,0.053102835788961876,0.053102835788961876,0.0542343533511302,0.0542343533511302,0.0526962672798317,0.0526962672798317,0.05237788673592372,0.05237788673592372,0.053102835788961876,0.053102835788961876,0.08388240266625265
mozilla4,LightGBM,1555,0.000159472009788727,0.00936400598354699,0.00936400598354699,0.004117800049139051,0.004117800049139051,0.004404312074560973,0.004404312074560973,0.003697428850212299,0.003697428850212299,0.004073180324637441,0.004073180324637441,0.02640744682449216,0.02640744682449216,0.028845652823130657,0.028845652823130657,0.02165092468235716,0.02165092468235716,0.025634674776659993,0.025634674776659993,0.02640744682449216,0.02640744682449216,0.028845652823130657,0.028845652823130657,0.02165092468235716,0.02165092468235716,0.025634674776659993,0.025634674776659993,0.08917877766604458
mozilla4,LinearModel,1555,0.00220445800765884,0.015876230313230686,0.015876230313230686,0.003086845199075937,0.003086845199075937,0.0031392513793496004,0.0031392513793496004,0.0038460376022764788,0.0038460376022764788,0.003357378060234005,0.003357378060234005,0.020618775719863314,0.020618775719863314,0.02160766640210562,0.02160766640210562,0.023402931810056937,0.023402931810056937,0.02187645797734196,0.02187645797734196,0.020618775719863314,0.020618775719863314,0.02160766640210562,0.02160766640210562,0.023402931810056937,0.023402931810056937,0.02187645797734196,0.02187645797734196,0.08695168066697079
mozilla4,NeuralNetFastAI,1555,0.0010055261190156874,0.020562476577339065,0.020562476577339065,0.004436160997452685,0.004436160997452685,0.005901927456699426,0.005901927456699426,0.004375792337875029,0.004375792337875029,0.004904626930675713,0.004904626930675713,0.03617355708671811,0.03617355708671811,0.04143641960708759,0.04143641960708759,0.033502053589305414,0.033502053589305414,0.037037343427703706,0.037037343427703706,0.03617355708671811,0.03617355708671811,0.04143641960708759,0.04143641960708759,0.033502053589305414,0.033502053589305414,0.037037343427703706,0.037037343427703706,0.08895926366676576
mozilla4,NeuralNetTorch,1555,0.0007979974933060649,0.013448329768381714,0.013448329768381714,0.006281972811393647,0.006281972811393647,0.0067957337141004125,0.0067957337141004125,0.0041737600656930685,0.0041737600656930685,0.005750488863729042,0.005750488863729042,0.03221913420459727,0.03221913420459727,0.032428473473271914,0.032428473473271914,0.027056753132888495,0.027056753132888495,0.03056812027025256,0.03056812027025256,0.03221913420459727,0.03221913420459727,0.032428473473271914,0.032428473473271914,0.027056753132888495,0.027056753132888495,0.03056812027025256,0.03056812027025256,0.10018788866727846
mozilla4,RandomForest,1555,0.0006578447157407265,0.014748294860964668,0.014748294860964668,0.014581446420036424,0.014581446420036424,0.014875394386054334,0.014875394386054334,0.015005684665604545,0.015005684665604545,0.014820841823898435,0.014820841823898435,0.05182784098851914,0.05182784098851914,0.05441737466225318,0.05441737466225318,0.05396838052421401,0.05396838052421401,0.053404532058328784,0.053404532058328784,0.05182784098851914,0.05182784098851914,0.05441737466225318,0.05441737466225318,0.05396838052421401,0.05396838052421401,0.053404532058328784,0.053404532058328784,0.09321813900047952
mozilla4,XGBoost,1555,0.00013384213959910505,0.004527395625543843,0.004527395625543843,0.005852481051044339,0.005852481051044339,0.0067580809471521125,0.0067580809471521125,0.00678234070395956,0.00678234070395956,0.00646430090071867,0.00646430090071867,0.029578475394455912,0.029578475394455912,0.03115670343425115,0.03115670343425115,0.03123994379253795,0.03123994379253795,0.030658374207081673,0.030658374207081673,0.029578475394455912,0.029578475394455912,0.03115670343425115,0.03115670343425115,0.03123994379253795,0.03123994379253795,0.030658374207081673,0.030658374207081673,0.09158511099910054
nomao,CatBoost,3447,0.00014470361669024728,0.003625955038653568,0.003625955038653568,0.005027032612764518,0.005027032612764518,0.004487650833029817,0.004487650833029817,0.005058196437383298,0.005058196437383298,0.004857626627725878,0.004857626627725878,0.01982206925198965,0.01982206925198965,0.019285436126227396,0.019285436126227396,0.02012889954883132,0.02012889954883132,0.01974546830901612,0.01974546830901612,0.01982206925198965,0.01982206925198965,0.019285436126227396,0.019285436126227396,0.02012889954883132,0.02012889954883132,0.01974546830901612,0.01974546830901612,0.16803204166717478
nomao,ExtraTrees,3447,0.0017768789407561548,0.022720582999909377,0.022720582999909377,0.009751767105436043,0.009751767105436043,0.010380222142283409,0.010380222142283409,0.009568288829310649,0.009568288829310649,0.009900092692343368,0.009900092692343368,0.044799077382595184,0.044799077382595184,0.04496245572142525,0.04496245572142525,0.04285885753793082,0.04285885753793082,0.04420679688065041,0.04420679688065041,0.044799077382595184,0.044799077382595184,0.04496245572142525,0.04496245572142525,0.04285885753793082,0.04285885753793082,0.04420679688065041,0.04420679688065041,0.14326995833350034
nomao,LightGBM,3447,2.7357595544002276e-05,0.002103834546971972,0.002103834546971972,0.006793129754729035,0.006793129754729035,0.0073423316719569325,0.0073423316719569325,0.006362804297376325,0.006362804297376325,0.006832755241354097,0.006832755241354097,0.0227604875374262,0.0227604875374262,0.02488371025921919,0.02488371025921919,0.02321773983954881,0.02321773983954881,0.0236206458787314,0.0236206458787314,0.0227604875374262,0.0227604875374262,0.02488371025921919,0.02488371025921919,0.02321773983954881,0.02321773983954881,0.0236206458787314,0.0236206458787314,0.1490908750007899
nomao,LinearModel,3447,7.56566533120852e-05,0.004612081453781588,0.004612081453781588,0.005265342835443713,0.005265342835443713,0.005763238040896623,0.005763238040896623,0.0058287380636337675,0.0058287380636337675,0.005619106313324702,0.005619106313324702,0.030153317512966033,0.030153317512966033,0.03145478425623875,0.03145478425623875,0.03017728145978703,0.03017728145978703,0.03059512774299727,0.03059512774299727,0.030153317512966033,0.030153317512966033,0.03145478425623875,0.03145478425623875,0.03017728145978703,0.03017728145978703,0.03059512774299727,0.03059512774299727,0.15256319433319732
nomao,NeuralNetFastAI,3447,8.557584359431473e-05,0.004501180151485815,0.004501180151485815,0.007085215783286863,0.007085215783286863,0.006074969443184959,0.006074969443184959,0.005961921454240252,0.005961921454240252,0.0063740355602373575,0.0063740355602373575,0.027446085170780937,0.027446085170780937,0.026555843982270046,0.026555843982270046,0.025952383905601957,0.025952383905601957,0.02665143768621765,0.02665143768621765,0.027446085170780937,0.027446085170780937,0.026555843982270046,0.026555843982270046,0.025952383905601957,0.025952383905601957,0.02665143768621765,0.02665143768621765,0.14477644466630105
nomao,NeuralNetTorch,3447,9.360997247336185e-05,0.00656317371732796,0.00656317371732796,0.003460863228450291,0.003460863228450291,0.00206424654037995,0.00206424654037995,0.002016455915040408,0.002016455915040408,0.002513855227956883,0.002513855227956883,0.019418031832089958,0.019418031832089958,0.016588610008849168,0.016588610008849168,0.018704920904494056,0.018704920904494056,0.018237187581811063,0.018237187581811063,0.019418031832089958,0.019418031832089958,0.016588610008849168,0.016588610008849168,0.018704920904494056,0.018704920904494056,0.018237187581811063,0.018237187581811063,0.129540055666439
nomao,RandomForest,3447,0.00211467999050397,0.025183486880836287,0.025183486880836287,0.009850904459477733,0.009850904459477733,0.009841135122265629,0.009841135122265629,0.009615683158640202,0.009615683158640202,0.009769240913461189,0.009769240913461189,0.043708482288694575,0.043708482288694575,0.04353157136659133,0.04353157136659133,0.04292689404042178,0.04292689404042178,0.0433889825652359,0.0433889825652359,0.043708482288694575,0.043708482288694575,0.04353157136659133,0.04353157136659133,0.04292689404042178,0.04292689404042178,0.0433889825652359,0.0433889825652359,0.128496069333778
nomao,XGBoost,3447,9.556992200958155e-06,0.0014441128888325516,0.0014441128888325516,0.006140731668639042,0.006140731668639042,0.006290055018656863,0.006290055018656863,0.006472259720187856,0.006472259720187856,0.0063010154691612525,0.0063010154691612525,0.02297933666162073,0.02297933666162073,0.02436225387603461,0.02436225387603461,0.023697144645514485,0.023697144645514485,0.023679578394389944,0.023679578394389944,0.02297933666162073,0.02297933666162073,0.02436225387603461,0.02436225387603461,0.023697144645514485,0.023697144645514485,0.023679578394389944,0.023679578394389944,0.12925541666603144
numerai28_6,CatBoost,9632,0.00035483117713662227,0.011971280148927357,0.011971280148927357,0.0004128098089709867,0.0004128098089709867,0.0006964413034848395,0.0006964413034848395,0.0005605110703992336,0.0005605110703992336,0.00055658739428502,0.00055658739428502,0.014225629730725605,0.014225629730725605,0.019114534299436995,0.019114534299436995,0.014351482374711191,0.014351482374711191,0.015897215468291263,0.015897215468291263,0.014225629730725605,0.014225629730725605,0.019114534299436995,0.019114534299436995,0.014351482374711191,0.014351482374711191,0.015897215468291263,0.015897215468291263,0.4193258333337629
numerai28_6,ExtraTrees,9632,0.0001826482708778305,0.01051235737656537,0.01051235737656537,0.0005323632494419416,0.0005323632494419416,0.00040315687898406137,0.00040315687898406137,0.0003772787565126271,0.0003772787565126271,0.00043759962831287666,0.00043759962831287666,0.014423886923571164,0.014423886923571164,0.01644941928651048,0.01644941928651048,0.012312211653223862,0.012312211653223862,0.014395172621101834,0.014395172621101834,0.014423886923571164,0.014423886923571164,0.01644941928651048,0.01644941928651048,0.012312211653223862,0.012312211653223862,0.014395172621101834,0.014395172621101834,0.38672341666582116
numerai28_6,LightGBM,9632,0.0002515680942445501,0.011848843371823578,0.011848843371823578,0.0006109087254056627,0.0006109087254056627,0.0007974733885676171,0.0007974733885676171,0.00025370714263739554,0.00025370714263739554,0.0005540297522035584,0.0005540297522035584,0.013236539333167662,0.013236539333167662,0.020088678432018975,0.020088678432018975,0.009355742852528428,0.009355742852528428,0.01422698687257169,0.01422698687257169,0.013236539333167662,0.013236539333167662,0.020088678432018975,0.020088678432018975,0.009355742852528428,0.009355742852528428,0.01422698687257169,0.01422698687257169,0.35623530566711753
numerai28_6,LinearModel,9632,0.0002761142419707706,0.01254462680633975,0.01254462680633975,0.0003204723593110453,0.0003204723593110453,0.0004564071028893133,0.0004564071028893133,0.00013823409113749427,0.00013823409113749427,0.0003050378511126176,0.0003050378511126176,0.013421136044287602,0.013421136044287602,0.016591299770777408,0.016591299770777408,0.008397636972244,0.008397636972244,0.012803357595769671,0.012803357595769671,0.013421136044287602,0.013421136044287602,0.016591299770777408,0.016591299770777408,0.008397636972244,0.008397636972244,0.012803357595769671,0.012803357595769671,0.3434839719993761
numerai28_6,NeuralNetFastAI,9632,0.0002771364253259482,0.013133332572654633,0.013133332572654633,0.0004244187852661037,0.0004244187852661037,0.0005310783278268384,0.0005310783278268384,0.0004526380991872497,0.0004526380991872497,0.0004693784040933973,0.0004693784040933973,0.010897530425352313,0.010897530425352313,0.01511451659841692,0.01511451659841692,0.013163903458941221,0.013163903458941221,0.013058650160903485,0.013058650160903485,0.010897530425352313,0.010897530425352313,0.01511451659841692,0.01511451659841692,0.013163903458941221,0.013163903458941221,0.013058650160903485,0.013058650160903485,0.3790408750004038
numerai28_6,NeuralNetTorch,9632,0.0002644595391366567,0.012526102667284567,0.012526102667284567,0.00027235623797132566,0.00027235623797132566,0.00031541285793611304,0.00031541285793611304,0.0002750267506043493,0.0002750267506043493,0.0002875986155039293,0.0002875986155039293,0.010075264740302119,0.010075264740302119,0.008665446668516758,0.008665446668516758,0.010551389291313202,0.010551389291313202,0.009764033566710692,0.009764033566710692,0.010075264740302119,0.010075264740302119,0.008665446668516758,0.008665446668516758,0.010551389291313202,0.010551389291313202,0.009764033566710692,0.009764033566710692,0.34470049999921076
numerai28_6,RandomForest,9632,0.00012645464047984857,0.0071427804631400745,0.0071427804631400745,0.00028188815159629145,0.00028188815159629145,0.0006161641555935062,0.0006161641555935062,0.0004515542319344966,0.0004515542319344966,0.00044986884637476473,0.00044986884637476473,0.009910925746310589,0.009910925746310589,0.014929707311372276,0.014929707311372276,0.012124515503669695,0.012124515503669695,0.012321716187117521,0.012321716187117521,0.009910925746310589,0.009910925746310589,0.014929707311372276,0.014929707311372276,0.012124515503669695,0.012124515503669695,0.012321716187117521,0.012321716187117521,0.3987365833333267
numerai28_6,XGBoost,9632,0.0003256287364334502,0.01252303114377482,0.01252303114377482,0.00041193465120942387,0.00041193465120942387,0.0008947472488667916,0.0008947472488667916,0.0003513332355158439,0.0003513332355158439,0.0005526717118640198,0.0005526717118640198,0.012850423455447194,0.012850423455447194,0.023370748549774042,0.023370748549774042,0.010457062261469934,0.010457062261469934,0.01555941142223039,0.01555941142223039,0.012850423455447194,0.012850423455447194,0.023370748549774042,0.023370748549774042,0.010457062261469934,0.010457062261469934,0.01555941142223039,0.01555941142223039,0.3868019303336041
