dataset,model,test_size,true_brier,true_l1,true_l2,Quadratic-CV_brier_draw0,Quadratic-CV_brier_draw0_unclipped,Quadratic-CV_brier_draw1,Quadratic-CV_brier_draw1_unclipped,Quadratic-CV_brier_draw2,Quadratic-CV_brier_draw2_unclipped,Quadratic-CV_brier,Quadratic-CV_brier_unclipped,Quadratic-CV_l1_draw0,Quadratic-CV_l1_draw0_unclipped,Quadratic-CV_l1_draw1,Quadratic-CV_l1_draw1_unclipped,Quadratic-CV_l1_draw2,Quadratic-CV_l1_draw2_unclipped,Quadratic-CV_l1,Quadratic-CV_l1_unclipped,Quadratic-CV_l2_draw0,Quadratic-CV_l2_draw0_unclipped,Quadratic-CV_l2_draw1,Quadratic-CV_l2_draw1_unclipped,Quadratic-CV_l2_draw2,Quadratic-CV_l2_draw2_unclipped,Quadratic-CV_l2,Quadratic-CV_l2_unclipped,Quadratic-CV_time
2dplanes,CatBoost,4077,0.0010357467002906422,0.016759806470045092,0.016759806470045092,0.00032404064221424483,0.00032404064221424483,0.00032196007752014464,0.00032196007752014464,0.0,-0.00010289196891877326,0.0002153335732447965,0.00018103625027187208,0.010710759561039807,0.010710759561039807,0.01300827159960865,0.01300827159960865,0.006895304937413907,0.006895304937413907,0.010204778699354121,0.010204778699354121,0.010710759561039807,0.010710759561039807,0.01300827159960865,0.01300827159960865,0.006895304937413907,0.006895304937413907,0.010204778699354121,0.010204778699354121,0.011963347333221463
2dplanes,ExtraTrees,4077,0.00060943821379165,0.013471089267672749,0.013471089267672749,0.00035086065443535236,0.00035086065443535236,0.0005586975281398292,0.0005586975281398292,0.0,-0.0001473565063412879,0.00030318606085839384,0.0002540672254112979,0.0102876096372623,0.0102876096372623,0.014328113965161895,0.014328113965161895,0.0028226425694830226,0.0028226425694830226,0.009146122057302405,0.009146122057302405,0.0102876096372623,0.0102876096372623,0.014328113965161895,0.014328113965161895,0.0028226425694830226,0.0028226425694830226,0.009146122057302405,0.009146122057302405,0.010370666666858597
2dplanes,LightGBM,4077,0.0006452912859289947,0.014063984582822505,0.014063984582822505,0.00011110238287569517,0.00011110238287569517,0.00020510611136281034,0.00020510611136281034,0.0,-0.0001970422063631501,0.00010540283141283516,3.97220959584518e-05,0.005873464188273909,0.005873464188273909,0.008579914509472104,0.008579914509472104,0.0017821471965342357,0.0017821471965342357,0.005411841964760082,0.005411841964760082,0.005873464188273909,0.005873464188273909,0.008579914509472104,0.008579914509472104,0.0017821471965342357,0.0017821471965342357,0.005411841964760082,0.005411841964760082,0.008509472333874632
2dplanes,LinearModel,4077,0.006020850286611491,0.05546835795935246,0.05546835795935246,6.338330703963731e-05,6.338330703963731e-05,0.0,-0.0001652909108741768,1.816695281458695e-05,1.816695281458695e-05,2.718341995140809e-05,-2.7913550339984175e-05,0.008449720633184221,0.008449720633184221,0.005767994626803949,0.005767994626803949,0.007024795292140649,0.007024795292140649,0.007080836850709607,0.007080836850709607,0.008449720633184221,0.008449720633184221,0.005767994626803949,0.005767994626803949,0.007024795292140649,0.007024795292140649,0.007080836850709607,0.007080836850709607,0.007443972333324685
2dplanes,NeuralNetFastAI,4077,0.0003691270459463433,0.010036207619855754,0.010036207619855754,8.849227956269074e-05,8.849227956269074e-05,0.0002159288372763725,0.0002159288372763725,0.0,-0.00025649590182080437,0.00010147370561302108,1.597507167275296e-05,0.005139209000487485,0.005139209000487485,0.00631913143044051,0.00631913143044051,0.00034232730086543653,0.00034232730086543653,0.003933555910597811,0.003933555910597811,0.005139209000487485,0.005139209000487485,0.00631913143044051,0.00631913143044051,0.00034232730086543653,0.00034232730086543653,0.003933555910597811,0.003933555910597811,0.008834250000897251
2dplanes,NeuralNetTorch,4077,0.0003406932270880549,0.009938694772379074,0.009938694772379074,0.00010329138446468593,0.00010329138446468593,1.4333033609519097e-05,1.4333033609519097e-05,0.0,-9.955104059144971e-05,3.920813935806834e-05,6.024459160918438e-06,0.00837416555392366,0.00837416555392366,0.006612843675438033,0.006612843675438033,0.008639115187749983,0.008639115187749983,0.007875374805703892,0.007875374805703892,0.00837416555392366,0.00837416555392366,0.006612843675438033,0.006612843675438033,0.008639115187749983,0.008639115187749983,0.007875374805703892,0.007875374805703892,0.008598735999839846
2dplanes,RandomForest,4077,0.000662710189717478,0.012572317079092885,0.012572317079092885,7.654322026869787e-05,7.654322026869787e-05,0.00015001822871707718,0.00015001822871707718,0.0,-0.0001613180752164856,7.552048299525835e-05,2.174779125642982e-05,0.006521425188688044,0.006521425188688044,0.009004148060427592,0.009004148060427592,0.0,-0.00045104070067053797,0.005175191083038545,0.005024844182815032,0.006521425188688044,0.006521425188688044,0.009004148060427592,0.009004148060427592,0.0,-0.00045104070067053797,0.005175191083038545,0.005024844182815032,0.009194069333413305
2dplanes,XGBoost,4077,0.0007391555875778144,0.013616694989012785,0.013616694989012785,0.000138495968198652,0.000138495968198652,0.00013814970204524858,0.00013814970204524858,0.0,-0.00024922279182220845,9.221522341463352e-05,9.140959473897379e-06,0.007373438154890399,0.007373438154890399,0.0076384720554723545,0.0076384720554723545,0.0,-0.0004965640294101544,0.005003970070120918,0.0048384487269842,0.007373438154890399,0.007373438154890399,0.0076384720554723545,0.0076384720554723545,0.0,-0.0004965640294101544,0.005003970070120918,0.0048384487269842,0.008191847333364422
APSFailure,CatBoost,7600,0.00023072929039153674,0.0018584471185175446,0.0018584471185175446,0.0002814947333893709,0.0002814947333893709,9.93248551088479e-05,9.93248551088479e-05,0.00041932055951602215,0.00041932055951602215,0.0002667133826714137,0.0002667133826714137,0.0018643334266921316,0.0018643334266921316,0.0020299794106554865,0.0020299794106554865,0.002668080142479276,0.002668080142479276,0.0021874643266089643,0.0021874643266089643,0.0018643334266921316,0.0018643334266921316,0.0020299794106554865,0.0020299794106554865,0.002668080142479276,0.002668080142479276,0.0021874643266089643,0.0021874643266089643,0.026176750000255804
APSFailure,ExtraTrees,7600,0.0006226824370906533,0.0051914377608753915,0.0051914377608753915,0.0010597247164631058,0.0010597247164631058,0.0005142697316986477,0.0005142697316986477,0.0008125417439394052,0.0008125417439394052,0.0007955120640337196,0.0007955120640337196,0.006525220537918549,0.006525220537918549,0.005197277345568613,0.005197277345568613,0.005780231133373347,0.005780231133373347,0.0058342430056201695,0.0058342430056201695,0.006525220537918549,0.006525220537918549,0.005197277345568613,0.005197277345568613,0.005780231133373347,0.005780231133373347,0.0058342430056201695,0.0058342430056201695,0.019951666666505236
APSFailure,LightGBM,7600,0.00045686417862927437,0.0026085678974425864,0.0026085678974425864,0.00010853068637339725,0.00010853068637339725,0.00024737243327568073,0.00024737243327568073,0.0006090114914528002,0.0006090114914528002,0.00032163820370062604,0.00032163820370062604,0.0016224277740129285,0.0016224277740129285,0.0020582666149510645,0.0020582666149510645,0.0030305415604607333,0.0030305415604607333,0.002237078649808242,0.002237078649808242,0.0016224277740129285,0.0016224277740129285,0.0020582666149510645,0.0020582666149510645,0.0030305415604607333,0.0030305415604607333,0.002237078649808242,0.002237078649808242,0.020906347332735702
APSFailure,LinearModel,7600,0.0003803322741956466,0.0034943082985187082,0.0034943082985187082,0.000176164399622255,0.000176164399622255,0.0004433476968438984,0.0004433476968438984,0.00023035198772215944,0.00023035198772215944,0.00028328802806277094,0.00028328802806277094,0.0026360824417161564,0.0026360824417161564,0.003986358921150368,0.003986358921150368,0.0030470860844601746,0.0030470860844601746,0.0032231758157755665,0.0032231758157755665,0.0026360824417161564,0.0026360824417161564,0.003986358921150368,0.003986358921150368,0.0030470860844601746,0.0030470860844601746,0.0032231758157755665,0.0032231758157755665,0.020927958333534964
APSFailure,NeuralNetFastAI,7600,0.0005370516703016731,0.002903728571302389,0.002903728571302389,0.00039850717216705604,0.00039850717216705604,0.0005476783077923392,0.0005476783077923392,0.0002617835456821499,0.0002617835456821499,0.000402656341880515,0.000402656341880515,0.002060599456464699,0.002060599456464699,0.003903994100598634,0.003903994100598634,0.0019148221998121747,0.0019148221998121747,0.0026264719189585026,0.0026264719189585026,0.002060599456464699,0.002060599456464699,0.003903994100598634,0.003903994100598634,0.0019148221998121747,0.0019148221998121747,0.0026264719189585026,0.0026264719189585026,0.01961954166714956
APSFailure,NeuralNetTorch,7600,0.0003528082933513664,0.0026576990019937415,0.0026576990019937415,0.0001878873259390193,0.0001878873259390193,0.00042836836714942484,0.00042836836714942484,0.0002406717575655871,0.0002406717575655871,0.00028564248355134373,0.00028564248355134373,0.0019154045669031467,0.0019154045669031467,0.0040525933977031805,0.0040525933977031805,0.0019242774593938425,0.0019242774593938425,0.002630758474666723,0.002630758474666723,0.0019154045669031467,0.0019154045669031467,0.0040525933977031805,0.0040525933977031805,0.0019242774593938425,0.0019242774593938425,0.002630758474666723,0.002630758474666723,0.015533764000186542
APSFailure,RandomForest,7600,0.0007705903281132056,0.0069554844467050935,0.0069554844467050935,0.0007417483037343001,0.0007417483037343001,0.00044116800081481027,0.00044116800081481027,0.0005361805027307492,0.0005361805027307492,0.0005730322690932865,0.0005730322690932865,0.005296491220605707,0.005296491220605707,0.0027254386127950917,0.0027254386127950917,0.004237719312812643,0.004237719312812643,0.0040865497154044805,0.0040865497154044805,0.005296491220605707,0.005296491220605707,0.0027254386127950917,0.0027254386127950917,0.004237719312812643,0.004237719312812643,0.0040865497154044805,0.0040865497154044805,0.018303597332608963
APSFailure,XGBoost,7600,0.0004522037960324727,0.00276524990062937,0.00276524990062937,0.00027625608317319317,0.00027625608317319317,0.00010250731897279422,0.00010250731897279422,0.0002952427787860962,0.0002952427787860962,0.00022466872697736117,0.00022466872697736117,0.0022216465964658328,0.0022216465964658328,0.0021476000974526917,0.0021476000974526917,0.0030688895504537963,0.0030688895504537963,0.002479378748124107,0.002479378748124107,0.0022216465964658328,0.0022216465964658328,0.0021476000974526917,0.0021476000974526917,0.0030688895504537963,0.0030688895504537963,0.002479378748124107,0.002479378748124107,0.020347333333726663
Amazon_employee_access,CatBoost,3277,6.587767880525423e-05,0.007047274838570309,0.007047274838570309,0.00015737636838728536,0.00015737636838728536,5.779883098163604e-05,5.779883098163604e-05,0.0,-0.00011728832823426531,7.172506645630713e-05,3.2628957044885365e-05,0.009638060907428862,0.009638060907428862,0.008053719505172042,0.008053719505172042,0.008304404543282457,0.008304404543282457,0.008665394985294452,0.008665394985294452,0.009638060907428862,0.009638060907428862,0.008053719505172042,0.008053719505172042,0.008304404543282457,0.008304404543282457,0.008665394985294452,0.008665394985294452,0.008957013666076818
Amazon_employee_access,ExtraTrees,3277,0.0011848128098959204,0.021936008014946693,0.021936008014946693,0.00141330769948017,0.00141330769948017,0.0020792279149507357,0.0020792279149507357,0.0015764582793086892,0.0015764582793086892,0.0016896646312465318,0.0016896646312465318,0.023893315412120045,0.023893315412120045,0.026272158866289516,0.026272158866289516,0.02455353545440491,0.02455353545440491,0.024906336577604826,0.024906336577604826,0.023893315412120045,0.023893315412120045,0.026272158866289516,0.026272158866289516,0.02455353545440491,0.02455353545440491,0.024906336577604826,0.024906336577604826,0.009007333332798831
Amazon_employee_access,LightGBM,3277,0.00011584613744030146,0.006122729817486624,0.006122729817486624,0.0002556903268494575,0.0002556903268494575,0.0,-5.425348886082833e-05,0.0,-3.329929221385372e-05,8.523010894981916e-05,5.604584859159181e-05,0.005822714421583233,0.005822714421583233,0.004520755050874971,0.004520755050874971,0.006871730705332676,0.006871730705332676,0.005738400059263627,0.005738400059263627,0.005822714421583233,0.005822714421583233,0.004520755050874971,0.004520755050874971,0.006871730705332676,0.006871730705332676,0.005738400059263627,0.005738400059263627,0.009405333334143506
Amazon_employee_access,LinearModel,3277,0.000577567983805529,0.015529851627251633,0.015529851627251633,0.0014296189549629042,0.0014296189549629042,0.0007271480410634993,0.0007271480410634993,0.000852267065583927,0.000852267065583927,0.0010030113538701103,0.0010030113538701103,0.02013443321044175,0.02013443321044175,0.020853948506288206,0.020853948506288206,0.016259143976474776,0.016259143976474776,0.01908250856440158,0.01908250856440158,0.02013443321044175,0.02013443321044175,0.020853948506288206,0.020853948506288206,0.016259143976474776,0.016259143976474776,0.01908250856440158,0.01908250856440158,0.009724985999734296
Amazon_employee_access,NeuralNetFastAI,3277,0.0003750018116364677,0.009594039574861163,0.009594039574861163,4.30905077271377e-05,4.30905077271377e-05,0.0004419383243075347,0.0004419383243075347,0.0005806389881754198,0.0005806389881754198,0.00035522260673669743,0.00035522260673669743,0.007013876685690218,0.007013876685690218,0.011668563821274295,0.011668563821274295,0.009726718131783607,0.009726718131783607,0.009469719546249374,0.009469719546249374,0.007013876685690218,0.007013876685690218,0.011668563821274295,0.011668563821274295,0.009726718131783607,0.009726718131783607,0.009469719546249374,0.009469719546249374,0.009717361333362836
Amazon_employee_access,NeuralNetTorch,3277,0.001192830126488589,0.0172959970043751,0.0172959970043751,0.000814048717949633,0.000814048717949633,0.0003870555593585194,0.0003870555593585194,0.0007723904376358392,0.0007723904376358392,0.0006578315716479971,0.0006578315716479971,0.010812291815799659,0.010812291815799659,0.01241822975471975,0.01241822975471975,0.016901533774460895,0.016901533774460895,0.0133773517816601,0.0133773517816601,0.010812291815799659,0.010812291815799659,0.01241822975471975,0.01241822975471975,0.016901533774460895,0.016901533774460895,0.0133773517816601,0.0133773517816601,0.009916625000187196
Amazon_employee_access,RandomForest,3277,0.0010407990874690906,0.019401031244190358,0.019401031244190358,0.0010876052204580274,0.0010876052204580274,0.0015779208306209102,0.0015779208306209102,0.0008934661257858011,0.0008934661257858011,0.0011863307256215795,0.0011863307256215795,0.021559851054814956,0.021559851054814956,0.02259882567475982,0.02259882567475982,0.02008116418517942,0.02008116418517942,0.021413280304918066,0.021413280304918066,0.021559851054814956,0.021559851054814956,0.02259882567475982,0.02259882567475982,0.02008116418517942,0.02008116418517942,0.021413280304918066,0.021413280304918066,0.009676666667170744
Amazon_employee_access,XGBoost,3277,6.127144786686918e-05,0.006959118745905035,0.006959118745905035,0.0,-5.314775526557738e-05,9.571425264101978e-05,9.571425264101978e-05,0.0,-5.5745741556391646e-05,3.1904750880339926e-05,-4.393081393649747e-06,0.009712608852263155,0.009712608852263155,0.01212824228667871,0.01212824228667871,0.006081397128216115,0.006081397128216115,0.00930741608905266,0.00930741608905266,0.009712608852263155,0.009712608852263155,0.01212824228667871,0.01212824228667871,0.006081397128216115,0.006081397128216115,0.00930741608905266,0.00930741608905266,0.009226069333332513
Click_prediction_small,CatBoost,3995,0.00038633628898235186,0.01768859708588454,0.01768859708588454,0.0005276232410760643,0.0005276232410760643,0.00024174579440834236,0.00024174579440834236,4.748167725618623e-05,4.748167725618623e-05,0.000272283570913531,0.000272283570913531,0.025631381880063028,0.025631381880063028,0.01532905045931737,0.01532905045931737,0.014135214601653874,0.014135214601653874,0.018365215647011424,0.018365215647011424,0.025631381880063028,0.025631381880063028,0.01532905045931737,0.01532905045931737,0.014135214601653874,0.014135214601653874,0.018365215647011424,0.018365215647011424,0.009190902999156
Click_prediction_small,ExtraTrees,3995,0.0008215564260373532,0.023610837407146718,0.023610837407146718,0.0008643984787911114,0.0008643984787911114,0.0008738379902959078,0.0008738379902959078,0.0006048200025410273,0.0006048200025410273,0.0007810188238760156,0.0007810188238760156,0.025698212379571025,0.025698212379571025,0.0226382987615122,0.0226382987615122,0.02528679736234826,0.02528679736234826,0.024541102834477163,0.024541102834477163,0.025698212379571025,0.025698212379571025,0.0226382987615122,0.0226382987615122,0.02528679736234826,0.02528679736234826,0.024541102834477163,0.024541102834477163,0.009770985999542367
Click_prediction_small,LightGBM,3995,0.0004458847215889114,0.01815457796381882,0.01815457796381882,0.0003713616383287662,0.0003713616383287662,0.0005225001826667183,0.0005225001826667183,8.199307885244538e-05,8.199307885244538e-05,0.0003252849666159766,0.0003252849666159766,0.021494678000060465,0.021494678000060465,0.01904960943325347,0.01904960943325347,0.010843338370346494,0.010843338370346494,0.017129208601220147,0.017129208601220147,0.021494678000060465,0.021494678000060465,0.01904960943325347,0.01904960943325347,0.010843338370346494,0.010843338370346494,0.017129208601220147,0.017129208601220147,0.009257874999699803
Click_prediction_small,LinearModel,3995,0.003433357252839177,0.038138102764381475,0.038138102764381475,0.0035044662566654406,0.0035044662566654406,0.0022463541875169498,0.0022463541875169498,0.0013777356796165182,0.0013777356796165182,0.0023761853745996363,0.0023761853745996363,0.039512372954173924,0.039512372954173924,0.029678797279047466,0.029678797279047466,0.03269553979467111,0.03269553979467111,0.03396223667596416,0.03396223667596416,0.039512372954173924,0.039512372954173924,0.029678797279047466,0.029678797279047466,0.03269553979467111,0.03269553979467111,0.03396223667596416,0.03396223667596416,0.009671235999121564
Click_prediction_small,NeuralNetFastAI,3995,0.0006152494557119272,0.02168230629401941,0.02168230629401941,0.0011541227368775595,0.0011541227368775595,0.0002457119615398111,0.0002457119615398111,0.0,-1.2552079853584385e-05,0.0004666115661391235,0.0004624275395212621,0.03243253289177566,0.03243253289177566,0.018827954468868664,0.018827954468868664,0.011403612767664415,0.011403612767664415,0.020888033376102913,0.020888033376102913,0.03243253289177566,0.03243253289177566,0.018827954468868664,0.018827954468868664,0.011403612767664415,0.011403612767664415,0.020888033376102913,0.020888033376102913,0.009417514000233496
Click_prediction_small,NeuralNetTorch,3995,0.000906484864703196,0.025087184047802014,0.025087184047802014,0.0008178586067993997,0.0008178586067993997,0.00042847486817579555,0.00042847486817579555,0.0001671151804291995,0.0001671151804291995,0.0004711495518014649,0.0004711495518014649,0.028601275450574497,0.028601275450574497,0.02195823946985205,0.02195823946985205,0.020291005603640395,0.020291005603640395,0.023616840174688982,0.023616840174688982,0.028601275450574497,0.028601275450574497,0.02195823946985205,0.02195823946985205,0.020291005603640395,0.020291005603640395,0.023616840174688982,0.023616840174688982,0.008949180665998332
Click_prediction_small,RandomForest,3995,0.0011413213978873715,0.02535429986824517,0.02535429986824517,0.0012165522013884377,0.0012165522013884377,0.0013392348031655392,0.0013392348031655392,0.00048102540003291955,0.00048102540003291955,0.0010122708015289654,0.0010122708015289654,0.031180180885104315,0.031180180885104315,0.01971977087789278,0.01971977087789278,0.0218073716477706,0.0218073716477706,0.024235774470255895,0.024235774470255895,0.031180180885104315,0.031180180885104315,0.01971977087789278,0.01971977087789278,0.0218073716477706,0.0218073716477706,0.024235774470255895,0.024235774470255895,0.009426097333440945
Click_prediction_small,XGBoost,3995,0.00047790328474461684,0.018971117007725632,0.018971117007725632,0.00022916387821202616,0.00022916387821202616,0.00029573352570468086,0.00029573352570468086,4.348282815604426e-05,4.348282815604426e-05,0.00018946007735758376,0.00018946007735758376,0.02006658951915656,0.02006658951915656,0.017796045220317143,0.017796045220317143,0.007261507777475026,0.007261507777475026,0.01504138083898291,0.01504138083898291,0.02006658951915656,0.02006658951915656,0.017796045220317143,0.017796045220317143,0.007261507777475026,0.007261507777475026,0.01504138083898291,0.01504138083898291,0.00890054166666232
PhishingWebsites,CatBoost,1106,0.00011501653449411958,0.003910267557744939,0.003910267557744939,0.0,-0.0013224699609052511,0.0,-0.0009330389466261168,0.0003274620814432088,0.0003274620814432088,0.00010915402714773625,-0.0006426822753627198,0.0,-0.00276955447651639,0.0,-0.008083089822812837,0.006989936676700742,0.006989936676700742,0.0023299788922335808,-0.001287569207542828,0.0,-0.00276955447651639,0.0,-0.008083089822812837,0.006989936676700742,0.006989936676700742,0.0023299788922335808,-0.001287569207542828,0.0060627640001863865
PhishingWebsites,ExtraTrees,1106,0.0066681586143801565,0.05625384704162044,0.05625384704162044,0.004947967104305949,0.004947967104305949,0.005406290081226533,0.005406290081226533,0.006678150731231636,0.006678150731231636,0.0056774693055880385,0.0056774693055880385,0.051352909877605796,0.051352909877605796,0.05471388882674044,0.05471388882674044,0.05445582545132951,0.05445582545132951,0.05350754138522525,0.05350754138522525,0.051352909877605796,0.051352909877605796,0.05471388882674044,0.05471388882674044,0.05445582545132951,0.05445582545132951,0.05350754138522525,0.05350754138522525,0.005578944666922325
PhishingWebsites,LightGBM,1106,9.452185636811948e-05,0.0038107923112926127,0.0038107923112926127,0.0,-0.00046551719892090273,0.0,-0.0004798902310436914,0.0007852918361568998,0.0007852918361568998,0.00026176394538563326,-5.337186460256479e-05,0.0017416105988879845,0.0017416105988879845,0.0,-0.004710950874575607,0.008970112893101552,0.008970112893101552,0.0035705744973298452,0.0020002575391379765,0.0017416105988879845,0.0017416105988879845,0.0,-0.004710950874575607,0.008970112893101552,0.008970112893101552,0.0035705744973298452,0.0020002575391379765,0.00604663866639991
PhishingWebsites,LinearModel,1106,0.00021872736660312296,0.00902476140604523,0.00902476140604523,0.0,-0.0004997202870411087,0.0,-6.556079149457899e-05,0.0,-0.0006107662128599886,0.0,-0.00039201576379855875,0.0027771649620156004,0.0027771649620156004,0.007411122035125429,0.007411122035125429,0.0,-6.66529868814632e-05,0.0033960956657136765,0.0033738780034198554,0.0027771649620156004,0.0027771649620156004,0.007411122035125429,0.007411122035125429,0.0,-6.66529868814632e-05,0.0033960956657136765,0.0033738780034198554,0.005425666666269535
PhishingWebsites,NeuralNetFastAI,1106,4.744237505240245e-05,0.003141969719634052,0.003141969719634052,0.0,-0.0009071306199338988,0.0,-0.0009029199408367678,0.00012084846020875608,0.00012084846020875608,4.028282006958536e-05,-0.0005630673668539702,0.0,-0.0025514801920213156,0.0,-0.006644663122378981,0.00724530548779754,0.00724530548779754,0.0024151018292658468,-0.0006502792755342527,0.0,-0.0025514801920213156,0.0,-0.006644663122378981,0.00724530548779754,0.00724530548779754,0.0024151018292658468,-0.0006502792755342527,0.0064022083339902265
PhishingWebsites,NeuralNetTorch,1106,0.00011321565322257829,0.004358799474228134,0.004358799474228134,0.0,-0.0006172961741664915,0.0,-0.001278100998467936,0.00041321991440792843,0.00041321991440792843,0.0001377399714693095,-0.0004940590860754997,0.0,-0.0008631345693144632,0.0,-0.009068041787178169,0.00687051535612527,0.00687051535612527,0.0022901717853750897,-0.0010202203334557876,0.0,-0.0008631345693144632,0.0,-0.009068041787178169,0.00687051535612527,0.00687051535612527,0.0022901717853750897,-0.0010202203334557876,0.0061378470005972
PhishingWebsites,RandomForest,1106,0.005133421861791541,0.04618638428999584,0.04618638428999584,0.0029518192265135003,0.0029518192265135003,0.004456755675386657,0.004456755675386657,0.00442491811601175,0.00442491811601175,0.0039444976726373026,0.0039444976726373026,0.03939937110256901,0.03939937110256901,0.047973622989733546,0.047973622989733546,0.0439289358669264,0.0439289358669264,0.04376730998640965,0.04376730998640965,0.03939937110256901,0.03939937110256901,0.047973622989733546,0.047973622989733546,0.0439289358669264,0.0439289358669264,0.04376730998640965,0.04376730998640965,0.005374374999519205
PhishingWebsites,XGBoost,1106,8.611671452407753e-05,0.0031778621042838112,0.0031778621042838112,0.0,-0.001436131470124841,0.0,-0.0005755700778440643,0.00034903241778999085,0.00034903241778999085,0.00011634413926333029,-0.0005542230433929715,0.0,-0.005328472761692108,0.0,-0.005423997355944736,0.007741062476992937,0.007741062476992937,0.0025803541589976458,-0.0010038025468813024,0.0,-0.005328472761692108,0.0,-0.005423997355944736,0.007741062476992937,0.007741062476992937,0.0025803541589976458,-0.0010038025468813024,0.006074264000441569
Run_or_walk_information,CatBoost,8859,0.00010483370935025374,0.001972443140557718,0.001972443140557718,1.1232021357836932e-05,1.1232021357836932e-05,3.009882367120031e-05,3.009882367120031e-05,0.0,-6.998943809177443e-05,1.3776948343012414e-05,-9.552864354245729e-06,0.0014663825343498016,0.0014663825343498016,0.001614587778576607,0.001614587778576607,0.00017820403958664592,0.00017820403958664592,0.0010863914508376848,0.0010863914508376848,0.0014663825343498016,0.0014663825343498016,0.001614587778576607,0.001614587778576607,0.00017820403958664592,0.00017820403958664592,0.0010863914508376848,0.0010863914508376848,0.02322279166643663
Run_or_walk_information,ExtraTrees,8859,0.002147695508629922,0.02022570610150847,0.02022570610150847,0.0018382896153124918,0.0018382896153124918,0.0018137954775586814,0.0018137954775586814,0.002203811639598244,0.002203811639598244,0.001951965577489806,0.001951965577489806,0.01931481959901894,0.01931481959901894,0.018422318554242298,0.018422318554242298,0.020423296846252575,0.020423296846252575,0.019386811666504605,0.019386811666504605,0.01931481959901894,0.01931481959901894,0.018422318554242298,0.018422318554242298,0.020423296846252575,0.020423296846252575,0.019386811666504605,0.019386811666504605,0.01829836133401841
Run_or_walk_information,LightGBM,8859,0.00010954628564335039,0.0022700646441504158,0.0022700646441504158,0.0,-2.1127058418655682e-05,4.163751448767402e-05,4.163751448767402e-05,0.00012488208785286703,0.00012488208785286703,5.5506534113513685e-05,4.846418130729512e-05,0.001251921869423804,0.001251921869423804,0.00240385250392997,0.00240385250392997,0.0031553570751939207,0.0031553570751939207,0.002270377149515898,0.002270377149515898,0.001251921869423804,0.001251921869423804,0.00240385250392997,0.00240385250392997,0.0031553570751939207,0.0031553570751939207,0.002270377149515898,0.002270377149515898,0.021662541666349473
Run_or_walk_information,LinearModel,8859,0.046580505774797464,0.15507859029528043,0.15507859029528043,0.01046798034862625,0.01046798034862625,0.010400968301421475,0.010400968301421475,0.011107742364403124,0.011107742364403124,0.010658897004816948,0.010658897004816948,0.11637949687932234,0.11637949687932234,0.11852759771459026,0.11852759771459026,0.11697915986446494,0.11697915986446494,0.1172954181527925,0.1172954181527925,0.11637949687932234,0.11637949687932234,0.11852759771459026,0.11852759771459026,0.11697915986446494,0.11697915986446494,0.1172954181527925,0.1172954181527925,0.022983375000573385
Run_or_walk_information,NeuralNetFastAI,8859,0.0001224129144028694,0.003099597334877249,0.003099597334877249,5.046759001860042e-06,5.046759001860042e-06,2.242829025860842e-05,2.242829025860842e-05,4.559593326889086e-05,4.559593326889086e-05,2.435699417645311e-05,2.435699417645311e-05,0.0015184838353433088,0.0015184838353433088,0.002935810564190869,0.002935810564190869,0.0027859279017319227,0.0027859279017319227,0.0024134074337553665,0.0024134074337553665,0.0015184838353433088,0.0015184838353433088,0.002935810564190869,0.002935810564190869,0.0027859279017319227,0.0027859279017319227,0.0024134074337553665,0.0024134074337553665,0.021623097333455615
Run_or_walk_information,NeuralNetTorch,8859,7.932355281150218e-05,0.0019208274511967615,0.0019208274511967615,1.4327887968764556e-06,1.4327887968764556e-06,4.718524331643885e-05,4.718524331643885e-05,4.8656966461132745e-05,4.8656966461132745e-05,3.2424999524816016e-05,3.2424999524816016e-05,0.0010016997047856335,0.0010016997047856335,0.0021318214548046626,0.0021318214548046626,0.0014902497021883595,0.0014902497021883595,0.0015412569539262186,0.0015412569539262186,0.0010016997047856335,0.0010016997047856335,0.0021318214548046626,0.0021318214548046626,0.0014902497021883595,0.0014902497021883595,0.0015412569539262186,0.0015412569539262186,0.021860527666528167
Run_or_walk_information,RandomForest,8859,0.0007853873470846317,0.010882730248931247,0.010882730248931247,0.0006984925365424185,0.0006984925365424185,0.0008571175989679431,0.0008571175989679431,0.0006327633056388368,0.0006327633056388368,0.0007294578137163995,0.0007294578137163995,0.010285852977291324,0.010285852977291324,0.011086681419045114,0.011086681419045114,0.010694433256531263,0.010694433256531263,0.010688989217622567,0.010688989217622567,0.010285852977291324,0.010285852977291324,0.011086681419045114,0.011086681419045114,0.010694433256531263,0.010694433256531263,0.010688989217622567,0.010688989217622567,0.020277541666776717
Run_or_walk_information,XGBoost,8859,9.801705724564982e-06,0.0010685539641082551,0.0010685539641082551,0.0,-5.361139905478914e-05,0.0,-5.970134711833539e-05,0.0,-4.8099878874944075e-05,0.0,-5.38042083493562e-05,0.0,-0.0005025641731963079,0.0006122111209338576,0.0006122111209338576,0.0,-0.00020668383461595148,0.00020407037364461922,-3.2345628959467254e-05,0.0,-0.0005025641731963079,0.0006122111209338576,0.0006122111209338576,0.0,-0.00020668383461595148,0.00020407037364461922,-3.2345628959467254e-05,0.0212905693333596
adult,CatBoost,4885,0.0006152181577692995,0.01687512706217434,0.01687512706217434,0.00029171628210977464,0.00029171628210977464,0.00046741919045034316,0.00046741919045034316,0.00021828541583864903,0.00021828541583864903,0.0003258069627995889,0.0003258069627995889,0.013996718366172526,0.013996718366172526,0.015848522277691277,0.015848522277691277,0.015812576976517664,0.015812576976517664,0.015219272540127157,0.015219272540127157,0.013996718366172526,0.013996718366172526,0.015848522277691277,0.015848522277691277,0.015812576976517664,0.015812576976517664,0.015219272540127157,0.015219272540127157,0.01187858333408561
adult,ExtraTrees,4885,0.0011370991685457355,0.025229521107036034,0.025229521107036034,0.0009351127611987143,0.0009351127611987143,0.0012260119149768772,0.0012260119149768772,0.0006642818803630461,0.0006642818803630461,0.0009418021855128792,0.0009418021855128792,0.025181741337303068,0.025181741337303068,0.03160844612114692,0.03160844612114692,0.021847341299909895,0.021847341299909895,0.026212509586119963,0.026212509586119963,0.025181741337303068,0.025181741337303068,0.03160844612114692,0.03160844612114692,0.021847341299909895,0.021847341299909895,0.026212509586119963,0.026212509586119963,0.012817527665902162
adult,LightGBM,4885,0.0004237835510739854,0.013610577703054249,0.013610577703054249,0.00015811228278518646,0.00015811228278518646,0.0003814859793249282,0.0003814859793249282,3.5403701040983016e-05,3.5403701040983016e-05,0.00019166732105036592,0.00019166732105036592,0.009577997218492593,0.009577997218492593,0.014775392306222237,0.014775392306222237,0.011330757699519271,0.011330757699519271,0.011894715741411368,0.011894715741411368,0.009577997218492593,0.009577997218492593,0.014775392306222237,0.014775392306222237,0.011330757699519271,0.011330757699519271,0.011894715741411368,0.011894715741411368,0.012202083333249902
adult,LinearModel,4885,0.00027479023834166164,0.01382074661413434,0.01382074661413434,5.77657338829957e-05,5.77657338829957e-05,0.00022345357033559101,0.00022345357033559101,0.0,-2.2623608545147444e-05,9.373976807286223e-05,8.619856522447976e-05,0.006745298963061919,0.006745298963061919,0.01764673870204323,0.01764673870204323,0.006778432849549523,0.006778432849549523,0.010390156838218223,0.010390156838218223,0.006745298963061919,0.006745298963061919,0.01764673870204323,0.01764673870204323,0.006778432849549523,0.006778432849549523,0.010390156838218223,0.010390156838218223,0.012531249999786572
adult,NeuralNetFastAI,4885,0.0007270421928356895,0.019435569401433525,0.019435569401433525,0.0006099530118278509,0.0006099530118278509,0.0005304716556068621,0.0005304716556068621,0.0006784621077428214,0.0006784621077428214,0.0006062955917258448,0.0006062955917258448,0.02103241363951725,0.02103241363951725,0.014513617408880923,0.014513617408880923,0.02172970952008202,0.02172970952008202,0.019091913522826732,0.019091913522826732,0.02103241363951725,0.02103241363951725,0.014513617408880923,0.014513617408880923,0.02172970952008202,0.02172970952008202,0.019091913522826732,0.019091913522826732,0.012744527666654903
adult,NeuralNetTorch,4885,0.0009504127682872356,0.020245912457373255,0.020245912457373255,0.0005393322609704005,0.0005393322609704005,0.0005592529186189736,0.0005592529186189736,0.00044831162051403963,0.00044831162051403963,0.000515632266701138,0.000515632266701138,0.015386350805240112,0.015386350805240112,0.020612357834663447,0.020612357834663447,0.014844266403156512,0.014844266403156512,0.01694765834768669,0.01694765834768669,0.015386350805240112,0.015386350805240112,0.020612357834663447,0.020612357834663447,0.014844266403156512,0.014844266403156512,0.01694765834768669,0.01694765834768669,0.012307041666645091
adult,RandomForest,4885,0.0012868164993794738,0.026970672527330302,0.026970672527330302,0.001026597845184231,0.001026597845184231,0.0018512775289208456,0.0018512775289208456,0.0008580020035925627,0.0008580020035925627,0.0012452924592325464,0.0012452924592325464,0.026590755240342098,0.026590755240342098,0.03260335064468719,0.03260335064468719,0.025526822261840696,0.025526822261840696,0.028240309382289993,0.028240309382289993,0.026590755240342098,0.026590755240342098,0.03260335064468719,0.03260335064468719,0.025526822261840696,0.025526822261840696,0.028240309382289993,0.028240309382289993,0.013116222333337646
adult,XGBoost,4885,0.0005345494552161558,0.016391190786140295,0.016391190786140295,0.0,-5.973776397161717e-06,0.0005136308201959821,0.0005136308201959821,4.860020198072369e-05,4.860020198072369e-05,0.0001874103407255686,0.00018541908192651473,0.009594444948651358,0.009594444948651358,0.019645830300365763,0.019645830300365763,0.011063779572789043,0.011063779572789043,0.013434684940602055,0.013434684940602055,0.009594444948651358,0.009594444948651358,0.019645830300365763,0.019645830300365763,0.011063779572789043,0.011063779572789043,0.013434684940602055,0.013434684940602055,0.012361055665678577
ailerons,CatBoost,1375,0.00027630217784780714,0.011567778694020077,0.011567778694020077,0.0,-0.00010917448974810308,0.0,-0.0006549648876418217,0.0,-0.000762440002334521,0.0,-0.0005088597932414819,0.007729955821763724,0.007729955821763724,0.0,-0.0050429640157910235,0.0,-0.011839424614752219,0.002576651940587908,-0.0030508109362598393,0.007729955821763724,0.007729955821763724,0.0,-0.0050429640157910235,0.0,-0.011839424614752219,0.002576651940587908,-0.0030508109362598393,0.0062636946665103705
ailerons,ExtraTrees,1375,0.0013176445909882613,0.0290793574283598,0.0290793574283598,0.0006021081593145912,0.0006021081593145912,0.0005153265979479173,0.0005153265979479173,0.000594366876831469,0.000594366876831469,0.0005706005446979924,0.0005706005446979924,0.02270845583890861,0.02270845583890861,0.025977918641101994,0.025977918641101994,0.020357521029728973,0.020357521029728973,0.023014631836579858,0.023014631836579858,0.02270845583890861,0.02270845583890861,0.025977918641101994,0.025977918641101994,0.020357521029728973,0.020357521029728973,0.023014631836579858,0.023014631836579858,0.006235735999022533
ailerons,LightGBM,1375,0.00011693810695666074,0.008554613836744631,0.008554613836744631,0.0,-0.00046007294155616307,0.0,-0.0008217456397813518,0.0,-0.0005011090337049421,0.0,-0.0005943092050141524,0.0,-0.007112714779012921,0.0045244699163701045,0.0045244699163701045,0.015482123698954554,0.015482123698954554,0.006668864538441553,0.004297959612103912,0.0,-0.007112714779012921,0.0045244699163701045,0.0045244699163701045,0.015482123698954554,0.015482123698954554,0.006668864538441553,0.004297959612103912,0.0062836249999236315
ailerons,LinearModel,1375,0.0001836785291027428,0.010391804801025004,0.010391804801025004,0.0,-0.00019654774657765691,0.0,-0.00034661782624544757,8.946288763512337e-05,8.946288763512337e-05,2.982096254504112e-05,-0.0001512342283959937,0.0,-0.00042295027164403686,0.006245837235399945,0.006245837235399945,0.011088879674080421,0.011088879674080421,0.005778238969826789,0.005637255545945442,0.0,-0.00042295027164403686,0.006245837235399945,0.006245837235399945,0.011088879674080421,0.011088879674080421,0.005778238969826789,0.005637255545945442,0.005807541666096465
ailerons,NeuralNetFastAI,1375,0.0001645495308457295,0.009278845729904126,0.009278845729904126,0.0,-0.00039227208202631417,0.0,-6.784742957803984e-05,0.0,-0.0004802342238077666,0.0,-0.0003134512451373735,0.0,-0.009240758194244336,0.011950822606814902,0.011950822606814902,0.0,-0.00018581662677901145,0.003983607535604968,0.0008414159285971848,0.0,-0.009240758194244336,0.011950822606814902,0.011950822606814902,0.0,-0.00018581662677901145,0.003983607535604968,0.0008414159285971848,0.0066168193334306125
ailerons,NeuralNetTorch,1375,0.0002283116865340639,0.010233639353312108,0.010233639353312108,0.0,-0.00011421501490084552,0.0,-0.0002533850742798458,0.0,-0.00046138685048245913,0.0,-0.0002763289798877168,0.0,-0.0038101152707002424,0.0,-0.0017068924625345972,0.0028894061303925064,0.0028894061303925064,0.0009631353767975021,-0.0008758672009474446,0.0,-0.0038101152707002424,0.0,-0.0017068924625345972,0.0028894061303925064,0.0028894061303925064,0.0009631353767975021,-0.0008758672009474446,0.006356902666690682
ailerons,RandomForest,1375,0.0006854447630043796,0.0203316415928791,0.0203316415928791,0.00016596152192983277,0.00016596152192983277,3.3751016203246585e-05,3.3751016203246585e-05,0.0003314667511082964,0.0003314667511082964,0.00017705976308045858,0.00017705976308045858,0.011389301896783185,0.011389301896783185,0.017253004603754646,0.017253004603754646,0.02262440121547446,0.02262440121547446,0.017088902572004096,0.017088902572004096,0.011389301896783185,0.011389301896783185,0.017253004603754646,0.017253004603754646,0.02262440121547446,0.02262440121547446,0.017088902572004096,0.017088902572004096,0.006810166665673023
ailerons,XGBoost,1375,7.454605353151486e-05,0.0065705054893200705,0.0065705054893200705,0.0,-0.00018346741331549013,0.0,-0.0006628724421103821,0.0,-0.0003293700152877489,0.0,-0.0003919032902378737,0.0,-0.009183096482016316,0.004825602683725513,0.004825602683725513,0.00725021904215894,0.00725021904215894,0.004025273908628151,0.0009642417479560457,0.0,-0.009183096482016316,0.004825602683725513,0.004825602683725513,0.00725021904215894,0.00725021904215894,0.004025273908628151,0.0009642417479560457,0.00651847233287602
bank-marketing,CatBoost,4522,0.0005132235775827006,0.01307845357417823,0.01307845357417823,0.00036268727738497696,0.00036268727738497696,0.0007099082610778141,0.0007099082610778141,0.0005487055518341451,0.0005487055518341451,0.0005404336967656454,0.0005404336967656454,0.01068552273228362,0.01068552273228362,0.012373304392648499,0.012373304392648499,0.015496676161020581,0.015496676161020581,0.012851834428650899,0.012851834428650899,0.01068552273228362,0.01068552273228362,0.012373304392648499,0.012373304392648499,0.015496676161020581,0.015496676161020581,0.012851834428650899,0.012851834428650899,0.010762514000816736
bank-marketing,ExtraTrees,4522,0.00027389379500799627,0.011776435399688001,0.011776435399688001,2.1427117917432197e-05,2.1427117917432197e-05,0.0,-4.149947791084003e-05,0.0,-0.00011468013258119256,7.142372639144066e-06,-4.4917497524866795e-05,0.004730876958698463,0.004730876958698463,0.0027194125088442155,0.0027194125088442155,0.004133334028384786,0.004133334028384786,0.0038612078319758213,0.0038612078319758213,0.004730876958698463,0.004730876958698463,0.0027194125088442155,0.0027194125088442155,0.004133334028384786,0.004133334028384786,0.0038612078319758213,0.0038612078319758213,0.011285069333098363
bank-marketing,LightGBM,4522,0.00020177039456570074,0.008544793628403111,0.008544793628403111,0.00014990602138352253,0.00014990602138352253,0.0007001216196286119,0.0007001216196286119,0.0,-0.00015378997178834528,0.00028334254700404483,0.0002320792230745964,0.006066826452644938,0.006066826452644938,0.011638735108327206,0.011638735108327206,0.006681154783133915,0.006681154783133915,0.008128905448035352,0.008128905448035352,0.006066826452644938,0.006066826452644938,0.011638735108327206,0.011638735108327206,0.006681154783133915,0.006681154783133915,0.008128905448035352,0.008128905448035352,0.010837735999909151
bank-marketing,LinearModel,4522,0.001231073646633584,0.01771170175477092,0.01771170175477092,0.0011462954559838005,0.0011462954559838005,0.000910035222270822,0.000910035222270822,0.0011108854531189259,0.0011108854531189259,0.0010557387104578495,0.0010557387104578495,0.018403059574224986,0.018403059574224986,0.0162961805968885,0.0162961805968885,0.01773910286706524,0.01773910286706524,0.01747944767939291,0.01747944767939291,0.018403059574224986,0.018403059574224986,0.0162961805968885,0.0162961805968885,0.01773910286706524,0.01773910286706524,0.01747944767939291,0.01747944767939291,0.009570916667144047
bank-marketing,NeuralNetFastAI,4522,0.0001663844076763581,0.006980738153360599,0.006980738153360599,6.430622089717352e-05,6.430622089717352e-05,0.0,-6.169063866463732e-05,0.0,-0.00018117925838825416,2.1435406965724507e-05,-5.952122538523932e-05,0.0079858771690461,0.0079858771690461,0.004302677406318198,0.004302677406318198,0.0,-0.0017461883730844948,0.004096184858454766,0.003514122067426601,0.0079858771690461,0.0079858771690461,0.004302677406318198,0.004302677406318198,0.0,-0.0017461883730844948,0.004096184858454766,0.003514122067426601,0.011443750000277456
bank-marketing,NeuralNetTorch,4522,0.0001924682271929433,0.006890143246673141,0.006890143246673141,0.000136899084685365,0.000136899084685365,7.573049189530724e-05,7.573049189530724e-05,0.0,-0.0001719736745189437,7.087652552689075e-05,1.3551967353909515e-05,0.002448083739542458,0.002448083739542458,0.0009213851140548515,0.0009213851140548515,0.004827460756531129,0.004827460756531129,0.002732309870042813,0.002732309870042813,0.002448083739542458,0.002448083739542458,0.0009213851140548515,0.0009213851140548515,0.004827460756531129,0.004827460756531129,0.002732309870042813,0.002732309870042813,0.012915527666336857
bank-marketing,RandomForest,4522,0.0002454993245856833,0.011252096679536966,0.011252096679536966,5.431815055254419e-07,5.431815055254419e-07,5.7380375979941655e-05,5.7380375979941655e-05,0.0,-6.295736363393564e-05,1.93078524951557e-05,-1.6779353828228469e-06,0.006088373992367581,0.006088373992367581,0.008082451146514052,0.008082451146514052,0.008093438225430861,0.008093438225430861,0.007421421121437499,0.007421421121437499,0.006088373992367581,0.006088373992367581,0.008082451146514052,0.008082451146514052,0.008093438225430861,0.008093438225430861,0.007421421121437499,0.007421421121437499,0.01137290300054398
bank-marketing,XGBoost,4522,0.00047387595942246255,0.011958409853437551,0.011958409853437551,0.00017206589969422873,0.00017206589969422873,0.0006849820817027011,0.0006849820817027011,0.0005967161044713448,0.0005967161044713448,0.00048458802862275823,0.00048458802862275823,0.0047670510053461745,0.0047670510053461745,0.01343717636464561,0.01343717636464561,0.016877549554218295,0.016877549554218295,0.01169392564140336,0.01169392564140336,0.0047670510053461745,0.0047670510053461745,0.01343717636464561,0.01343717636464561,0.016877549554218295,0.016877549554218295,0.01169392564140336,0.01169392564140336,0.01061151400062954
delta_elevators,CatBoost,952,0.00020880514056423636,0.012558266367032505,0.012558266367032505,0.0,-0.0001417159979882016,0.0006547729294179475,0.0006547729294179475,0.0,-0.0007525131477879397,0.00021825764313931583,-7.981873878606457e-05,0.015879621551085476,0.015879621551085476,0.019422295994048024,0.019422295994048024,0.0,-0.012339490714425244,0.011767305848377832,0.007654142276902751,0.015879621551085476,0.015879621551085476,0.019422295994048024,0.019422295994048024,0.0,-0.012339490714425244,0.011767305848377832,0.007654142276902751,0.004766985999594908
delta_elevators,ExtraTrees,952,0.0034708040120754553,0.054296452067342404,0.054296452067342404,0.003144016355788288,0.003144016355788288,0.003346444033434031,0.003346444033434031,0.0008182109761413553,0.0008182109761413553,0.002436223788454558,0.002436223788454558,0.05149992144404433,0.05149992144404433,0.056260643533759695,0.056260643533759695,0.03800685374171888,0.03800685374171888,0.04858913957317431,0.04858913957317431,0.05149992144404433,0.05149992144404433,0.056260643533759695,0.056260643533759695,0.03800685374171888,0.03800685374171888,0.04858913957317431,0.04858913957317431,0.004256777666644969
delta_elevators,LightGBM,952,0.00031472046437343364,0.016041899277503845,0.016041899277503845,0.0004452510649717869,0.0004452510649717869,0.0009656881342209318,0.0009656881342209318,0.0,-0.0005562784465407706,0.0004703130663975729,0.0002848869175506494,0.019844689399606603,0.019844689399606603,0.020551842604098574,0.020551842604098574,0.00260598336232967,0.00260598336232967,0.014334171788678282,0.014334171788678282,0.019844689399606603,0.019844689399606603,0.020551842604098574,0.020551842604098574,0.00260598336232967,0.00260598336232967,0.014334171788678282,0.014334171788678282,0.0048192916668388834
delta_elevators,LinearModel,952,0.0006587720091662157,0.01935168200737685,0.01935168200737685,0.0007872471146043335,0.0007872471146043335,0.00017474436648105146,0.00017474436648105146,0.0,-0.0005419055128357219,0.00032066382702846167,0.00014002865608322103,0.03032731944948245,0.03032731944948245,0.008142999725771174,0.008142999725771174,0.0,-0.008480545449275583,0.01282343972508454,0.00999659124199268,0.03032731944948245,0.03032731944948245,0.008142999725771174,0.008142999725771174,0.0,-0.008480545449275583,0.01282343972508454,0.00999659124199268,0.004912347332719946
delta_elevators,NeuralNetFastAI,952,0.000379645069313219,0.01539118967758907,0.01539118967758907,0.0004288369887709364,0.0004288369887709364,0.0002513039077162622,0.0002513039077162622,0.0,-0.0008655669566905019,0.00022671363216239952,-6.180868673443444e-05,0.02238123516574223,0.02238123516574223,0.01028292044012393,0.01028292044012393,0.0,-0.009019255506834323,0.010888051868622052,0.007881633366343945,0.02238123516574223,0.02238123516574223,0.01028292044012393,0.01028292044012393,0.0,-0.009019255506834323,0.010888051868622052,0.007881633366343945,0.004992833333138454
delta_elevators,NeuralNetTorch,952,0.00040540976264224343,0.016273342592552687,0.016273342592552687,0.0,-0.00028739566829336034,8.177788305568421e-05,8.177788305568421e-05,0.0,-0.0008024278386279762,2.7259294351894737e-05,-0.0003360152079552174,0.015160695948425736,0.015160695948425736,0.010625645707477815,0.010625645707477815,0.001979214676969857,0.001979214676969857,0.009255185444291136,0.009255185444291136,0.015160695948425736,0.015160695948425736,0.010625645707477815,0.010625645707477815,0.001979214676969857,0.001979214676969857,0.009255185444291136,0.009255185444291136,0.0048294583333093515
delta_elevators,RandomForest,952,0.0011662909718192576,0.028698917492630326,0.028698917492630326,0.0,-0.0003243097812567438,0.0010719132087886219,0.0010719132087886219,0.0,-0.0004533157081270044,0.0003573044029295406,9.809590646829123e-05,0.023467806678440447,0.023467806678440447,0.03325038538067386,0.03325038538067386,0.013843507296479103,0.013843507296479103,0.023520566451864473,0.023520566451864473,0.023467806678440447,0.023467806678440447,0.03325038538067386,0.03325038538067386,0.013843507296479103,0.013843507296479103,0.023520566451864473,0.023520566451864473,0.00466606933332514
delta_elevators,XGBoost,952,0.00020807751953127272,0.013166452370370747,0.013166452370370747,0.00023780659051626714,0.00023780659051626714,0.00026334569519670495,0.00026334569519670495,0.0,-0.0005748193969341504,0.00016705076190432402,-2.455570374039278e-05,0.022100040503482122,0.022100040503482122,0.018479148129699752,0.018479148129699752,0.002703520980274242,0.002703520980274242,0.014427569871152039,0.014427569871152039,0.022100040503482122,0.022100040503482122,0.018479148129699752,0.018479148129699752,0.002703520980274242,0.002703520980274242,0.014427569871152039,0.014427569871152039,0.004549888999463292
eeg-eye-state,CatBoost,1498,0.0006470860356479212,0.010574178733270599,0.010574178733270599,0.00016769470255206305,0.00016769470255206305,0.0010302461013530077,0.0010302461013530077,0.0,-0.00024411972608160486,0.00039931360130169023,0.00031794035927448864,0.00952213994734307,0.00952213994734307,0.010988035437379876,0.010988035437379876,0.004067980769145372,0.004067980769145372,0.008192718717956106,0.008192718717956106,0.00952213994734307,0.00952213994734307,0.010988035437379876,0.010988035437379876,0.004067980769145372,0.004067980769145372,0.008192718717956106,0.008192718717956106,0.006912347000858669
eeg-eye-state,ExtraTrees,1498,0.025988050043628134,0.1408774455347409,0.1408774455347409,0.02582062359810819,0.02582062359810819,0.025592325195247886,0.025592325195247886,0.02525253943650937,0.02525253943650937,0.025555162743288482,0.025555162743288482,0.14354695176745508,0.14354695176745508,0.13787271949749824,0.13787271949749824,0.13901201632552754,0.13901201632552754,0.14014389586349363,0.14014389586349363,0.14354695176745508,0.14354695176745508,0.13787271949749824,0.13787271949749824,0.13901201632552754,0.13901201632552754,0.14014389586349363,0.14014389586349363,0.005448777667576603
eeg-eye-state,LightGBM,1498,0.0003252814603870711,0.007621748294114375,0.007621748294114375,0.000560939214098588,0.000560939214098588,0.00046452841972045703,0.00046452841972045703,0.0007326522578683711,0.0007326522578683711,0.0005860399638958053,0.0005860399638958053,0.006663039044414939,0.006663039044414939,0.007095530325407584,0.007095530325407584,0.011564723298066822,0.011564723298066822,0.008441097555963116,0.008441097555963116,0.006663039044414939,0.006663039044414939,0.007095530325407584,0.007095530325407584,0.011564723298066822,0.011564723298066822,0.008441097555963116,0.008441097555963116,0.006630902667287349
eeg-eye-state,LinearModel,1498,0.001906843841220247,0.034798441667082375,0.034798441667082375,0.0,-0.0002204866060746954,0.0,-0.0005322594602453923,0.0,-0.00027729212333275373,0.0,-0.00034334606321761383,0.0,-0.009842289096920767,0.0,-0.003953725154274137,0.005353591988019854,0.005353591988019854,0.0017845306626732846,-0.002814140754391683,0.0,-0.009842289096920767,0.0,-0.003953725154274137,0.005353591988019854,0.005353591988019854,0.0017845306626732846,-0.002814140754391683,0.0038199583335275142
eeg-eye-state,NeuralNetFastAI,1498,0.00014542071119450184,0.008729747439853074,0.008729747439853074,0.00020211163087922122,0.00020211163087922122,0.0,-0.00012606889589707518,0.0,-6.045606960216837e-05,6.737054362640707e-05,5.1955551266592245e-06,0.016405159073169324,0.016405159073169324,0.0,-0.002910585884839167,0.013031532792424229,0.013031532792424229,0.009812230621864518,0.008842035326918128,0.016405159073169324,0.016405159073169324,0.0,-0.002910585884839167,0.013031532792424229,0.013031532792424229,0.009812230621864518,0.008842035326918128,0.005326958333171206
eeg-eye-state,NeuralNetTorch,1498,0.00032580937256434893,0.00407839503036282,0.00407839503036282,0.0,-5.157588492623223e-05,0.0,-0.0011800422223212698,0.0002101162595271799,0.0002101162595271799,7.003875317572663e-05,-0.000340500615906774,0.0012003335179427204,0.0012003335179427204,0.0,-0.009520249140688039,0.0023330598430985343,0.0023330598430985343,0.0011777977870137517,-0.0019956185932155945,0.0012003335179427204,0.0012003335179427204,0.0,-0.009520249140688039,0.0023330598430985343,0.0023330598430985343,0.0011777977870137517,-0.0019956185932155945,0.006975972333748359
eeg-eye-state,RandomForest,1498,0.02405895088331239,0.1358734397884756,0.1358734397884756,0.02644103815891858,0.02644103815891858,0.02403998450637103,0.02403998450637103,0.023485863808849747,0.023485863808849747,0.024655628824713116,0.024655628824713116,0.14161771301457407,0.14161771301457407,0.13589452651083142,0.13589452651083142,0.13362483360284869,0.13362483360284869,0.1370456910427514,0.1370456910427514,0.14161771301457407,0.14161771301457407,0.13589452651083142,0.13589452651083142,0.13362483360284869,0.13362483360284869,0.1370456910427514,0.1370456910427514,0.005568458333679398
eeg-eye-state,XGBoost,1498,0.0003079101549047496,0.00688104010978535,0.00688104010978535,0.0,-0.00016291408270798803,0.00015364853721962853,0.00015364853721962853,0.0007837959244215805,0.0007837959244215805,0.00031248148721373635,0.0002581767929777403,0.0,-0.00023956590134612113,0.0023270006078440824,0.0023270006078440824,0.010764690011623083,0.010764690011623083,0.004363896873155721,0.004284041572707015,0.0,-0.00023956590134612113,0.0023270006078440824,0.0023270006078440824,0.010764690011623083,0.010764690011623083,0.004363896873155721,0.004284041572707015,0.006489152999468691
electricity,CatBoost,4532,0.00010843761911822794,0.004937411736887804,0.004937411736887804,0.0,-0.0001299396772333227,0.0,-0.00012108858319943696,0.0,-6.545367479310128e-05,0.0,-0.0001054939784086203,0.0007418443472386275,0.0007418443472386275,0.0,-0.0033832045773209566,0.0017493144926975697,0.0017493144926975697,0.0008303862799787324,-0.0002973485791282532,0.0007418443472386275,0.0007418443472386275,0.0,-0.0033832045773209566,0.0017493144926975697,0.0017493144926975697,0.0008303862799787324,-0.0002973485791282532,0.012101986000440471
electricity,ExtraTrees,4532,0.007086258880093106,0.06942670523509689,0.06942670523509689,0.007665488894943062,0.007665488894943062,0.007848746262770066,0.007848746262770066,0.006341770279545972,0.006341770279545972,0.007285335145753034,0.007285335145753034,0.07445277948154833,0.07445277948154833,0.07394086427968949,0.07394086427968949,0.0634819056362198,0.0634819056362198,0.07062518313248588,0.07062518313248588,0.07445277948154833,0.07445277948154833,0.07394086427968949,0.07394086427968949,0.0634819056362198,0.0634819056362198,0.07062518313248588,0.07062518313248588,0.011504888998994526
electricity,LightGBM,4532,0.00012710323371788613,0.005676105174072797,0.005676105174072797,0.0,-8.430509184807762e-05,0.0,-0.00015271941549678956,0.0,-9.018670386234418e-05,0.0,-0.00010907040373573713,0.004665897741443493,0.004665897741443493,0.0,-0.007806439841641136,0.0,-0.0020941749360167514,0.001555299247147831,-0.0017449056787381314,0.004665897741443493,0.004665897741443493,0.0,-0.007806439841641136,0.0,-0.0020941749360167514,0.001555299247147831,-0.0017449056787381314,0.012645041665867515
electricity,LinearModel,4532,0.0004035558214285251,0.017008395915046364,0.017008395915046364,0.0006415675660782139,0.0006415675660782139,0.0,-7.042679172096122e-05,5.712812686771602e-05,5.712812686771602e-05,0.00023289856431531,0.00020942296707498958,0.025491318815343705,0.025491318815343705,0.00882521913632607,0.00882521913632607,0.007828876221115702,0.007828876221115702,0.014048471390928493,0.014048471390928493,0.025491318815343705,0.025491318815343705,0.00882521913632607,0.00882521913632607,0.007828876221115702,0.007828876221115702,0.014048471390928493,0.014048471390928493,0.009410986000148114
electricity,NeuralNetFastAI,4532,0.00033354277197180797,0.012777430792358987,0.012777430792358987,0.00037418524622023845,0.00037418524622023845,9.928926003185133e-05,9.928926003185133e-05,2.9457180788802842e-05,2.9457180788802842e-05,0.00016764389568029752,0.00016764389568029752,0.015941167325092553,0.015941167325092553,0.0076303900497615654,0.0076303900497615654,0.012279548983228451,0.012279548983228451,0.011950368786027524,0.011950368786027524,0.015941167325092553,0.015941167325092553,0.0076303900497615654,0.0076303900497615654,0.012279548983228451,0.012279548983228451,0.011950368786027524,0.011950368786027524,0.011144749999706013
electricity,NeuralNetTorch,4532,0.0002008343004878142,0.012690960519868476,0.012690960519868476,0.0001490527825222393,0.0001490527825222393,8.885402018247498e-05,8.885402018247498e-05,5.522357814316088e-05,5.522357814316088e-05,9.771012694929172e-05,9.771012694929172e-05,0.01171026423190471,0.01171026423190471,0.012982553717091179,0.012982553717091179,0.012423140255081936,0.012423140255081936,0.01237198606802594,0.01237198606802594,0.01171026423190471,0.01171026423190471,0.012982553717091179,0.012982553717091179,0.012423140255081936,0.012423140255081936,0.01237198606802594,0.01237198606802594,0.012390986333533268
electricity,RandomForest,4532,0.004441776453166886,0.0496580173616181,0.0496580173616181,0.0037866644379785106,0.0037866644379785106,0.004133733129596867,0.004133733129596867,0.0035787819784397217,0.0035787819784397217,0.0038330598486717,0.0038330598486717,0.047343335358244316,0.047343335358244316,0.045853191251506484,0.045853191251506484,0.04369667464703246,0.04369667464703246,0.045631067085594425,0.045631067085594425,0.047343335358244316,0.047343335358244316,0.045853191251506484,0.045853191251506484,0.04369667464703246,0.04369667464703246,0.045631067085594425,0.045631067085594425,0.011638680666995546
electricity,XGBoost,4532,4.8861021365858896e-05,0.0031008525334646356,0.0031008525334646356,0.0,-0.0002589581351414208,0.0,-0.0001905308262947194,0.0,-2.782262130395327e-05,0.0,-0.00015910386091336448,0.0,-0.006063683016137538,0.0,-0.0037114979531731066,0.006350682409536108,0.006350682409536108,0.002116894136512036,-0.0011414995199248452,0.0,-0.006063683016137538,0.0,-0.0037114979531731066,0.006350682409536108,0.006350682409536108,0.002116894136512036,-0.0011414995199248452,0.012541666666948004
fried,CatBoost,4077,0.001154454166467346,0.022346031385042747,0.022346031385042747,0.0010802498830384216,0.0010802498830384216,0.0012322512527015244,0.0012322512527015244,0.001218324439019909,0.001218324439019909,0.001176941858253285,0.001176941858253285,0.024267699139959797,0.024267699139959797,0.02549501173072497,0.02549501173072497,0.02249899097796624,0.02249899097796624,0.024087233949550337,0.024087233949550337,0.024267699139959797,0.024267699139959797,0.02549501173072497,0.02549501173072497,0.02249899097796624,0.02249899097796624,0.024087233949550337,0.024087233949550337,0.010547430666823251
fried,ExtraTrees,4077,0.006903059541016786,0.06332892553083012,0.06332892553083012,0.007360690441153995,0.007360690441153995,0.005921533281584662,0.005921533281584662,0.006796500111615779,0.006796500111615779,0.006692907944784812,0.006692907944784812,0.06745482697684993,0.06745482697684993,0.06115280744636343,0.06115280744636343,0.06556454818156224,0.06556454818156224,0.06472406086825853,0.06472406086825853,0.06745482697684993,0.06745482697684993,0.06115280744636343,0.06115280744636343,0.06556454818156224,0.06556454818156224,0.06472406086825853,0.06472406086825853,0.008567125000505863
fried,LightGBM,4077,0.00026798282706437396,0.010261553242490265,0.010261553242490265,0.00018723939265873562,0.00018723939265873562,0.00013918939405190567,0.00013918939405190567,0.00013928070850103947,0.00013928070850103947,0.0001552364984038936,0.0001552364984038936,0.010345559748203535,0.010345559748203535,0.008205510677375497,0.008205510677375497,0.009876595687494489,0.009876595687494489,0.00947588870435784,0.00947588870435784,0.010345559748203535,0.010345559748203535,0.008205510677375497,0.008205510677375497,0.009876595687494489,0.009876595687494489,0.00947588870435784,0.00947588870435784,0.010643208332718737
fried,LinearModel,4077,0.001254826499521398,0.029152005908696158,0.029152005908696158,0.0009512175580806226,0.0009512175580806226,0.0005553169729252418,0.0005553169729252418,0.0014241964722754932,0.0014241964722754932,0.0009769103344271191,0.0009769103344271191,0.02957536865000831,0.02957536865000831,0.02338309403723372,0.02338309403723372,0.03240170199567227,0.03240170199567227,0.0284533882276381,0.0284533882276381,0.02957536865000831,0.02957536865000831,0.02338309403723372,0.02338309403723372,0.03240170199567227,0.03240170199567227,0.0284533882276381,0.0284533882276381,0.007119055332926412
fried,NeuralNetFastAI,4077,0.00012129928235200947,0.007206099160809135,0.007206099160809135,6.945093862210897e-05,6.945093862210897e-05,0.0,-0.00021546266858484404,0.0,-0.00018960531121857811,2.3150312874036324e-05,-0.00011187234706043774,0.01056538837924889,0.01056538837924889,0.004541166299142275,0.004541166299142275,0.004868803503869782,0.004868803503869782,0.006658452727420316,0.006658452727420316,0.01056538837924889,0.01056538837924889,0.004541166299142275,0.004541166299142275,0.004868803503869782,0.004868803503869782,0.006658452727420316,0.006658452727420316,0.01023747233314983
fried,NeuralNetTorch,4077,0.0007219724496050008,0.01778407569967757,0.01778407569967757,0.0009690434740090044,0.0009690434740090044,0.0005843986518057594,0.0005843986518057594,0.0008511744704297655,0.0008511744704297655,0.0008015388654148432,0.0008015388654148432,0.019853008814801187,0.019853008814801187,0.017677198613094042,0.017677198613094042,0.018038619376129553,0.018038619376129553,0.01852294226800826,0.01852294226800826,0.019853008814801187,0.019853008814801187,0.017677198613094042,0.017677198613094042,0.018038619376129553,0.018038619376129553,0.01852294226800826,0.01852294226800826,0.010063583333248971
fried,RandomForest,4077,0.0036032137281073865,0.04565656378096693,0.04565656378096693,0.0030809667805203247,0.0030809667805203247,0.0032111120085042766,0.0032111120085042766,0.0036003484493301327,0.0036003484493301327,0.0032974757461182447,0.0032974757461182447,0.04234769591178145,0.04234769591178145,0.04493041666059299,0.04493041666059299,0.04641128261278791,0.04641128261278791,0.044563131728387446,0.044563131728387446,0.04234769591178145,0.04234769591178145,0.04493041666059299,0.04493041666059299,0.04641128261278791,0.04641128261278791,0.044563131728387446,0.044563131728387446,0.008041055666884253
fried,XGBoost,4077,0.0002778545380507471,0.010808944365157695,0.010808944365157695,0.00021713844847991937,0.00021713844847991937,0.00033495156589563157,0.00033495156589563157,0.0002542921579170874,0.0002542921579170874,0.00026879405743087943,0.00026879405743087943,0.012481420296768523,0.012481420296768523,0.012030169532973133,0.012030169532973133,0.01400254189456596,0.01400254189456596,0.01283804390810254,0.01283804390810254,0.012481420296768523,0.012481420296768523,0.012030169532973133,0.012030169532973133,0.01400254189456596,0.01400254189456596,0.01283804390810254,0.01283804390810254,0.010940694332627269
houses,CatBoost,2064,1.4204701228638996e-05,0.001192008610834639,0.001192008610834639,9.491552871573677e-05,9.491552871573677e-05,0.0,-9.646131423724585e-05,0.0,-8.733376117230581e-05,3.163850957191226e-05,-2.9626515564604965e-05,0.0012426568278234588,0.0012426568278234588,0.0,-0.0009846794557811934,0.00040510202953985636,0.00040510202953985636,0.0005492529524544384,0.00022102646719404057,0.0012426568278234588,0.0012426568278234588,0.0,-0.0009846794557811934,0.00040510202953985636,0.00040510202953985636,0.0005492529524544384,0.00022102646719404057,0.008242902667310167
houses,ExtraTrees,2064,0.00037951987919955944,0.007923446218264624,0.007923446218264624,7.426544571010096e-05,7.426544571010096e-05,0.0,-0.00042897855008408516,0.0,-0.00020128070410387698,2.4755148570033652e-05,-0.00018533126949262042,0.002845607412340076,0.002845607412340076,0.0007299750203144008,0.0007299750203144008,0.0,-0.0026873379468361942,0.0011918608108848255,0.00029608149527276086,0.002845607412340076,0.002845607412340076,0.0007299750203144008,0.0007299750203144008,0.0,-0.0026873379468361942,0.0011918608108848255,0.00029608149527276086,0.008277194666637419
houses,LightGBM,2064,1.3250593926179e-05,0.000957850827254587,0.000957850827254587,0.0,-0.00018192026168712216,0.0,-0.0005174588325727858,6.544794716308203e-05,6.544794716308203e-05,2.181598238769401e-05,-0.00021131038236560864,0.00198259706255066,0.00198259706255066,0.0,-0.007257418451864615,0.0052405871634273495,0.0052405871634273495,0.0024077280753260033,-1.1411408628868533e-05,0.00198259706255066,0.00198259706255066,0.0,-0.007257418451864615,0.0052405871634273495,0.0052405871634273495,0.0024077280753260033,-1.1411408628868533e-05,0.008268235999518462
houses,LinearModel,2064,0.001905403901629658,0.018221830937356798,0.018221830937356798,0.0,-0.00018312194589542138,0.0,-0.0004376226129846151,0.00015634343273353746,0.00015634343273353746,5.2114477577845817e-05,-0.00015480037538216632,0.007225637445621272,0.007225637445621272,0.0,-0.002035066147379629,0.009998638062744114,0.009998638062744114,0.005741425169455128,0.005063069786995253,0.007225637445621272,0.007225637445621272,0.0,-0.002035066147379629,0.009998638062744114,0.009998638062744114,0.005741425169455128,0.005063069786995253,0.00672990266684792
houses,NeuralNetFastAI,2064,5.755704362879802e-05,0.0019120419770464242,0.0019120419770464242,0.0,-0.00017860164108581225,0.0,-0.000316448710742139,0.0,-0.00021297163862994304,0.0,-0.00023600733015263144,0.00420528350926099,0.00420528350926099,0.0,-0.0007507014175279087,0.0016822623205843114,0.0016822623205843114,0.0019625152766151004,0.0017122814707724642,0.00420528350926099,0.00420528350926099,0.0,-0.0007507014175279087,0.0016822623205843114,0.0016822623205843114,0.0019625152766151004,0.0017122814707724642,0.008141861000088587
houses,NeuralNetTorch,2064,0.000413800447970954,0.006170077965516859,0.006170077965516859,0.0,-1.463576321009781e-05,0.00015244799125583596,0.00015244799125583596,0.0005699155040182735,0.0005699155040182735,0.00024078783175803648,0.0002359092440213372,0.005195333013050531,0.005195333013050531,0.003945786429154121,0.003945786429154121,0.008358362511730232,0.008358362511730232,0.0058331606513116275,0.0058331606513116275,0.005195333013050531,0.005195333013050531,0.003945786429154121,0.003945786429154121,0.008358362511730232,0.008358362511730232,0.0058331606513116275,0.0058331606513116275,0.00837273633320971
houses,RandomForest,2064,0.0002291509747290798,0.005750992408290283,0.005750992408290283,0.0005271285936932114,0.0005271285936932114,0.0,-3.728474200112244e-05,0.00014898983744825167,0.00014898983744825167,0.0002253728103804877,0.00021294456304678025,0.007410848153508702,0.007410848153508702,0.004939060385114253,0.004939060385114253,0.005053384360733673,0.005053384360733673,0.005801097633118876,0.005801097633118876,0.007410848153508702,0.007410848153508702,0.004939060385114253,0.004939060385114253,0.005053384360733673,0.005053384360733673,0.005801097633118876,0.005801097633118876,0.008152152667510867
houses,XGBoost,2064,1.4119616642225715e-05,0.001111732412486931,0.001111732412486931,0.0,-0.0001728807984728473,0.0,-0.0005017534423322591,0.0,-0.0001013973989056247,0.0,-0.0002586772132369104,0.0,-0.0029305748084673074,0.0,-0.006442735594797948,0.0030102215099906808,0.0030102215099906808,0.0010034071699968935,-0.002121029631091525,0.0,-0.0029305748084673074,0.0,-0.006442735594797948,0.0030102215099906808,0.0030102215099906808,0.0010034071699968935,-0.002121029631091525,0.008127083332510665
jm1,CatBoost,1089,0.0004593651716264114,0.016492085288474602,0.016492085288474602,0.00030473412782755667,0.00030473412782755667,0.0,-0.00041671545958463295,0.0,-0.0006924120099548305,0.00010157804260918556,-0.0002681311139039689,0.013217163958934823,0.013217163958934823,0.014597395932707247,0.014597395932707247,0.0,-0.00031860336948689023,0.00927151996388069,0.009165318840718393,0.013217163958934823,0.013217163958934823,0.014597395932707247,0.014597395932707247,0.0,-0.00031860336948689023,0.00927151996388069,0.009165318840718393,0.005124513667396968
jm1,ExtraTrees,1089,0.0010491897673640903,0.02842682492911783,0.02842682492911783,0.0006847550336128141,0.0006847550336128141,0.0003607752195872694,0.0003607752195872694,0.0,-0.00039468781602977566,0.00034851008440002783,0.0002169474790567693,0.025026793290270428,0.025026793290270428,0.019873228042180793,0.019873228042180793,0.008318218065238036,0.008318218065238036,0.017739413132563085,0.017739413132563085,0.025026793290270428,0.025026793290270428,0.019873228042180793,0.019873228042180793,0.008318218065238036,0.008318218065238036,0.017739413132563085,0.017739413132563085,0.004538763999638225
jm1,LightGBM,1089,0.0002128138158242075,0.013651963000085728,0.013651963000085728,0.0,-0.00029873004624508484,0.0,-2.2149668838428605e-05,0.0,-0.0006523284119996424,0.0,-0.0003244027090277186,0.006454893393840562,0.006454893393840562,0.01912312312231248,0.01912312312231248,0.0007950452295763981,0.0007950452295763981,0.008791020581909812,0.008791020581909812,0.006454893393840562,0.006454893393840562,0.01912312312231248,0.01912312312231248,0.0007950452295763981,0.0007950452295763981,0.008791020581909812,0.008791020581909812,0.0049558469994129455
jm1,LinearModel,1089,0.0004755464473911734,0.01843881275491144,0.01843881275491144,0.0006827970007615081,0.0006827970007615081,0.0005786379753284852,0.0005786379753284852,0.0,-0.0005366975387118965,0.00042047832536333107,0.0002415791457926989,0.015261723444419952,0.015261723444419952,0.015399487874717807,0.015399487874717807,0.0030335649904428105,0.0030335649904428105,0.011231592103193523,0.011231592103193523,0.015261723444419952,0.015261723444419952,0.015399487874717807,0.015399487874717807,0.0030335649904428105,0.0030335649904428105,0.011231592103193523,0.011231592103193523,0.005176027666796775
jm1,NeuralNetFastAI,1089,0.0008481313064926765,0.019026765100404797,0.019026765100404797,0.0006153677027911845,0.0006153677027911845,0.0,-0.0006084546124043721,0.0,-0.00013401158976724997,0.00020512256759706152,-4.236616646014586e-05,0.023954681345732854,0.023954681345732854,0.004645422783477576,0.004645422783477576,0.0,-0.01312537190459046,0.009533368043070143,0.005158244074873323,0.023954681345732854,0.023954681345732854,0.004645422783477576,0.004645422783477576,0.0,-0.01312537190459046,0.009533368043070143,0.005158244074873323,0.0049607360003089225
jm1,NeuralNetTorch,1089,0.0005744025831623151,0.021173878675078694,0.021173878675078694,0.0009713756769700678,0.0009713756769700678,0.0003066495419444004,0.0003066495419444004,0.0,-0.00032417646287173293,0.00042600840630482276,0.00031794958534757845,0.017087856125893863,0.017087856125893863,0.023089298382794863,0.023089298382794863,0.013436615438422032,0.013436615438422032,0.01787125664903692,0.01787125664903692,0.017087856125893863,0.017087856125893863,0.023089298382794863,0.023089298382794863,0.013436615438422032,0.013436615438422032,0.01787125664903692,0.01787125664903692,0.005216375000600237
jm1,RandomForest,1089,0.0009024565193582983,0.02430348862947116,0.02430348862947116,0.001233506208671481,0.001233506208671481,0.0,-9.708807705056842e-05,0.0,-0.00044011985610491487,0.000411168736223827,0.00023209942517199924,0.030888208231144253,0.030888208231144253,0.015321337238488218,0.015321337238488218,0.0016226240428300579,0.0016226240428300579,0.015944056504154175,0.015944056504154175,0.030888208231144253,0.030888208231144253,0.015321337238488218,0.015321337238488218,0.0016226240428300579,0.0016226240428300579,0.015944056504154175,0.015944056504154175,0.004675333333580056
jm1,XGBoost,1089,0.00032598756892539385,0.015437645146655752,0.015437645146655752,4.6082279523948005e-05,4.6082279523948005e-05,0.0,-0.0006840289918607704,0.0,-0.00045779160676410726,1.5360759841316e-05,-0.00036524610636697654,0.011525046324940643,0.011525046324940643,0.0,-0.004378658679166007,0.0,-0.01406139756413476,0.0038416821083135477,-0.002305003306120041,0.011525046324940643,0.011525046324940643,0.0,-0.004378658679166007,0.0,-0.01406139756413476,0.0038416821083135477,-0.002305003306120041,0.004942333333019633
kdd_internet_usage,CatBoost,1011,0.00011989314943202964,0.008030440630033128,0.008030440630033128,0.0,-0.0010600038969220459,0.0,-0.00017464021555196606,0.0007143247741093706,0.0007143247741093706,0.00023810825803645687,-0.00017343977945488045,0.0,-0.01780377926282367,0.006473503321843105,0.006473503321843105,0.019851697795484565,0.019851697795484565,0.008775067039109224,0.0028404739515013335,0.0,-0.01780377926282367,0.006473503321843105,0.006473503321843105,0.019851697795484565,0.019851697795484565,0.008775067039109224,0.0028404739515013335,0.005690889000106836
kdd_internet_usage,ExtraTrees,1011,0.002305234841809879,0.034895905272840685,0.034895905272840685,0.0005941328820240525,0.0005941328820240525,0.0026664000201204376,0.0026664000201204376,0.004179450689105357,0.004179450689105357,0.0024799945304166157,0.0024799945304166157,0.027525556088959163,0.027525556088959163,0.03443081194715854,0.03443081194715854,0.04586206823889395,0.04586206823889395,0.035939478758337216,0.035939478758337216,0.027525556088959163,0.027525556088959163,0.03443081194715854,0.03443081194715854,0.04586206823889395,0.04586206823889395,0.035939478758337216,0.035939478758337216,0.005602916666248348
kdd_internet_usage,LightGBM,1011,0.00019709012292062653,0.011555293486926854,0.011555293486926854,0.0,-0.0012104681990849461,0.0,-0.0008209656093736729,0.0,-0.00047646323703464316,0.0,-0.0008359656818310874,0.00025766107468367446,0.00025766107468367446,0.0010007880126060706,0.0010007880126060706,0.016255517959554194,0.016255517959554194,0.005837989015614646,0.005837989015614646,0.00025766107468367446,0.00025766107468367446,0.0010007880126060706,0.0010007880126060706,0.016255517959554194,0.016255517959554194,0.005837989015614646,0.005837989015614646,0.005592680667177774
kdd_internet_usage,LinearModel,1011,0.0005205022132861698,0.013718643449135908,0.013718643449135908,0.0,-0.0017344105827507555,0.0,-0.0002892046533758083,4.9547819340232974e-05,4.9547819340232974e-05,1.6515939780077658e-05,-0.0006580224722621104,0.0,-0.018224667625562463,0.009583066729109756,0.009583066729109756,0.009006274327042088,0.009006274327042088,0.006196447018717281,0.00012155781019646042,0.0,-0.018224667625562463,0.009583066729109756,0.009583066729109756,0.009006274327042088,0.009006274327042088,0.006196447018717281,0.00012155781019646042,0.0060377780003667185
kdd_internet_usage,NeuralNetFastAI,1011,0.0006063670016805417,0.013139750460642008,0.013139750460642008,0.0,-0.0008591398976687255,9.931576577635954e-06,9.931576577635954e-06,0.00013596160754529178,0.00013596160754529178,4.863106137430924e-05,-0.00023774890451526594,0.0,-0.008113753910265812,0.009032809414023867,0.009032809414023867,0.02072796499233188,0.02072796499233188,0.009920258135451917,0.007215673498696645,0.0,-0.008113753910265812,0.009032809414023867,0.009032809414023867,0.02072796499233188,0.02072796499233188,0.009920258135451917,0.007215673498696645,0.005800263999844901
kdd_internet_usage,NeuralNetTorch,1011,0.0004818589126725466,0.01775397100298975,0.01775397100298975,0.0,-0.001509655327047579,0.0,-0.0003289332643919793,0.0,-0.00038819225180824807,0.0,-0.0007422602810826022,0.0,-0.0007380445975567095,0.007655232743812406,0.007655232743812406,0.011565821207313625,0.011565821207313625,0.006407017983708677,0.006161003117856441,0.0,-0.0007380445975567095,0.007655232743812406,0.007655232743812406,0.011565821207313625,0.011565821207313625,0.006407017983708677,0.006161003117856441,0.0054510139998456
kdd_internet_usage,RandomForest,1011,0.0014103647049324539,0.026669656403356303,0.026669656403356303,0.00019492161351481385,0.00019492161351481385,0.0005118131596468611,0.0005118131596468611,0.002477391298266536,0.002477391298266536,0.0010613753571427369,0.0010613753571427369,0.017367373264609336,0.017367373264609336,0.017809655739461524,0.017809655739461524,0.03356531642814481,0.03356531642814481,0.02291411514407189,0.02291411514407189,0.017367373264609336,0.017367373264609336,0.017809655739461524,0.017809655739461524,0.03356531642814481,0.03356531642814481,0.02291411514407189,0.02291411514407189,0.005822374999600773
kdd_internet_usage,XGBoost,1011,0.0002602774634580257,0.011638285660769415,0.011638285660769415,0.0,-0.0009036100240366879,0.00015070326927913406,0.00015070326927913406,0.0005211297621080422,0.0005211297621080422,0.0002239443437957254,-7.725899754983719e-05,0.0,-0.009273233019164648,0.0,-0.0026571746752298005,0.024336603306750672,0.024336603306750672,0.008112201102250223,0.004135398537452074,0.0,-0.009273233019164648,0.0,-0.0026571746752298005,0.024336603306750672,0.024336603306750672,0.008112201102250223,0.004135398537452074,0.006190138999954797
kick,CatBoost,7299,0.0003284324724235084,0.01568537063988908,0.01568537063988908,9.856447160786626e-05,9.856447160786626e-05,0.0001412664384632552,0.0001412664384632552,2.7505623024213656e-05,2.7505623024213656e-05,8.911217769844503e-05,8.911217769844503e-05,0.013460615875632242,0.013460615875632242,0.01576224849759692,0.01576224849759692,0.0112422354164204,0.0112422354164204,0.013488366596549855,0.013488366596549855,0.013460615875632242,0.013460615875632242,0.01576224849759692,0.01576224849759692,0.0112422354164204,0.0112422354164204,0.013488366596549855,0.013488366596549855,0.015107291665723702
kick,ExtraTrees,7299,0.0007693803283363651,0.022206391086151307,0.022206391086151307,0.0005816894829572065,0.0005816894829572065,0.0008207365798061582,0.0008207365798061582,0.00019897830413421883,0.00019897830413421883,0.0005338014556325279,0.0005338014556325279,0.02172728404914791,0.02172728404914791,0.025132784648257685,0.025132784648257685,0.01589914531392877,0.01589914531392877,0.02091973800377812,0.02091973800377812,0.02172728404914791,0.02172728404914791,0.025132784648257685,0.025132784648257685,0.01589914531392877,0.01589914531392877,0.02091973800377812,0.02091973800377812,0.01578090300002562
kick,LightGBM,7299,0.000758403691047608,0.0190159195066514,0.0190159195066514,0.0006321192931684018,0.0006321192931684018,0.0007970233405597537,0.0007970233405597537,0.0005323957555701676,0.0005323957555701676,0.0006538461297661077,0.0006538461297661077,0.01519799037701368,0.01519799037701368,0.022901870401218636,0.022901870401218636,0.017451254079767324,0.017451254079767324,0.01851703828599988,0.01851703828599988,0.01519799037701368,0.01519799037701368,0.022901870401218636,0.022901870401218636,0.017451254079767324,0.017451254079767324,0.01851703828599988,0.01851703828599988,0.01548730566598048
kick,LinearModel,7299,0.0005939979673438714,0.01760061161563192,0.01760061161563192,0.00018956529908190233,0.00018956529908190233,0.0006200581372907799,0.0006200581372907799,0.00029917254215504926,0.00029917254215504926,0.0003695986595092439,0.0003695986595092439,0.01423096203283565,0.01423096203283565,0.020043486427739166,0.020043486427739166,0.01450493318300336,0.01450493318300336,0.016259793881192725,0.016259793881192725,0.01423096203283565,0.01423096203283565,0.020043486427739166,0.020043486427739166,0.01450493318300336,0.01450493318300336,0.016259793881192725,0.016259793881192725,0.01564634699995319
kick,NeuralNetFastAI,7299,0.0005771733416787403,0.017684241476468614,0.017684241476468614,0.0003294628916660748,0.0003294628916660748,0.00031604347239679113,0.00031604347239679113,0.00029145408362991866,0.00029145408362991866,0.00031232014923092817,0.00031232014923092817,0.01732969512511721,0.01732969512511721,0.019004004759973537,0.019004004759973537,0.015100290603843339,0.015100290603843339,0.01714466349631136,0.01714466349631136,0.01732969512511721,0.01732969512511721,0.019004004759973537,0.019004004759973537,0.015100290603843339,0.015100290603843339,0.01714466349631136,0.01714466349631136,0.013888277666410431
kick,NeuralNetTorch,7299,0.00023458592068901205,0.013487245802634747,0.013487245802634747,0.00018258793799652494,0.00018258793799652494,0.00018722003940861685,0.00018722003940861685,0.00017056915136324035,0.00017056915136324035,0.0001801257095894607,0.0001801257095894607,0.014612230114774822,0.014612230114774822,0.015721408711174195,0.015721408711174195,0.012791925838272261,0.012791925838272261,0.014375188221407093,0.014375188221407093,0.014612230114774822,0.014612230114774822,0.015721408711174195,0.015721408711174195,0.012791925838272261,0.012791925838272261,0.014375188221407093,0.014375188221407093,0.01685290266686934
kick,RandomForest,7299,0.002828115379297646,0.03225391854775516,0.03225391854775516,0.002185741893103192,0.002185741893103192,0.0028475379954338753,0.0028475379954338753,0.0020878143295453553,0.0020878143295453553,0.0023736980726941407,0.0023736980726941407,0.030865659260972293,0.030865659260972293,0.03570966870901163,0.03570966870901163,0.03150387107187165,0.03150387107187165,0.032693066347285187,0.032693066347285187,0.030865659260972293,0.030865659260972293,0.03570966870901163,0.03570966870901163,0.03150387107187165,0.03150387107187165,0.032693066347285187,0.032693066347285187,0.016643861000678346
kick,XGBoost,7299,0.00046227426086040705,0.018060586153021627,0.018060586153021627,0.00022578256821492019,0.00022578256821492019,0.00040478645922516676,0.00040478645922516676,8.883808182210014e-05,8.883808182210014e-05,0.00023980236975406236,0.00023980236975406236,0.013966308398842648,0.013966308398842648,0.018415824467061588,0.018415824467061588,0.012023011075363639,0.012023011075363639,0.014801714647089292,0.014801714647089292,0.013966308398842648,0.013966308398842648,0.018415824467061588,0.018415824467061588,0.012023011075363639,0.012023011075363639,0.014801714647089292,0.014801714647089292,0.014911458332790062
mammography,CatBoost,1119,0.0003067871709737866,0.002987250300573251,0.002987250300573251,0.0,-0.0007081577596544921,0.0,-0.001109851939724638,0.000672233893197813,0.000672233893197813,0.000224077964399271,-0.0003819252687271057,0.0,-0.002528795602641052,0.0,-0.005909611846635713,0.0,-0.001051764628214841,0.0,-0.0031633906924972022,0.0,-0.002528795602641052,0.0,-0.005909611846635713,0.0,-0.001051764628214841,0.0,-0.0031633906924972022,0.006809902666039609
mammography,ExtraTrees,1119,0.0009083719555935277,0.00982183899564482,0.00982183899564482,0.0,-0.0010022304730960363,0.0,-0.0005163004924084117,0.0001510261535611149,0.0001510261535611149,5.03420511870383e-05,-0.0004558349373144444,0.005611940012485344,0.005611940012485344,0.005641317618526783,0.005641317618526783,0.0051659450875216,0.0051659450875216,0.0054730675728445755,0.0054730675728445755,0.005611940012485344,0.005611940012485344,0.005641317618526783,0.005641317618526783,0.0051659450875216,0.0051659450875216,0.0054730675728445755,0.0054730675728445755,0.006145014000746111
mammography,LightGBM,1119,0.00031100477806888605,0.004549416189807716,0.004549416189807716,7.848951237466398e-05,7.848951237466398e-05,0.0,-0.00044520878116698797,0.0,-0.0005746077224737348,2.616317079155466e-05,-0.0003137756637553529,0.003602095733757087,0.003602095733757087,0.0,-0.0023331873618662223,0.0,-0.002729702179742123,0.0012006985779190289,-0.0004869312692837529,0.003602095733757087,0.003602095733757087,0.0,-0.0023331873618662223,0.0,-0.002729702179742123,0.0012006985779190289,-0.0004869312692837529,0.005963111000407177
mammography,LinearModel,1119,0.00047097862035540007,0.0075422727862264815,0.0075422727862264815,0.0,-0.000829168054364509,0.00022496058307889987,0.00022496058307889987,0.0,-0.001102176342629524,7.498686102629996e-05,-0.0005687946046383777,0.0,-0.00016518048771192536,0.006964532852310928,0.006964532852310928,0.0,-0.001722030727862229,0.0023215109507703094,0.0016924405455789246,0.0,-0.00016518048771192536,0.006964532852310928,0.006964532852310928,0.0,-0.001722030727862229,0.0023215109507703094,0.0016924405455789246,0.006693819332819355
mammography,NeuralNetFastAI,1119,0.00021599745896071988,0.0038140064351425873,0.0038140064351425873,0.0,-0.0005201031511048567,8.260887185535539e-05,8.260887185535539e-05,0.0,-0.00045334561973515796,2.7536290618451794e-05,-0.0002969466329948864,0.0,-0.005104108886857188,0.0,-0.0016919415167462948,0.0,-0.00678909738831475,0.0,-0.004528382597306078,0.0,-0.005104108886857188,0.0,-0.0016919415167462948,0.0,-0.00678909738831475,0.0,-0.004528382597306078,0.007178958333194411
mammography,NeuralNetTorch,1119,0.0002914973659975757,0.004787277400137917,0.004787277400137917,0.0,-5.0376357119552206e-05,0.0,-0.0002622072103094681,0.0,-0.0003331070637343348,0.0,-0.00021523021038778503,0.0029164872048157106,0.0029164872048157106,0.0023332396626841298,0.0023332396626841298,0.0,-0.004380384685315505,0.0017499089558332803,0.0002897807273947786,0.0029164872048157106,0.0029164872048157106,0.0023332396626841298,0.0023332396626841298,0.0,-0.004380384685315505,0.0017499089558332803,0.0002897807273947786,0.006204610999702709
mammography,RandomForest,1119,0.0009077515840056415,0.010416327105699756,0.010416327105699756,0.0,-0.000933153418829187,0.0002654096353512816,0.0002654096353512816,0.0007220373604564389,0.0007220373604564389,0.0003291489986025735,1.8097858992844533e-05,0.006000741223483678,0.006000741223483678,0.009875149825665556,0.009875149825665556,0.009394111968882901,0.009394111968882901,0.008423334339344045,0.008423334339344045,0.006000741223483678,0.006000741223483678,0.009875149825665556,0.009875149825665556,0.009394111968882901,0.009394111968882901,0.008423334339344045,0.008423334339344045,0.0056902359998881975
mammography,XGBoost,1119,0.00038680258371852957,0.004986199969852342,0.004986199969852342,0.0,-0.00021023601287277838,0.0,-0.0007803480605746266,9.921616538460307e-05,9.921616538460307e-05,3.307205512820103e-05,-0.0002971226360209339,0.0026602260020921063,0.0026602260020921063,0.0,-0.00852477610592087,0.0,-0.0019424100010822277,0.0008867420006973687,-0.002602320034970331,0.0026602260020921063,0.0026602260020921063,0.0,-0.00852477610592087,0.0,-0.0019424100010822277,0.0008867420006973687,-0.002602320034970331,0.006409055667366677
mc1,CatBoost,947,8.474567040156436e-05,0.001448690264707574,0.001448690264707574,0.0,-0.0006702238923525561,0.0,-0.00020209532614524854,0.0,-0.0005984008362944862,0.0,-0.0004902400182640969,0.0,-0.0036217932399239885,0.006551718616409674,0.006551718616409674,0.0,-0.004099371019911749,0.0021839062054698913,-0.0003898152144753547,0.0,-0.0036217932399239885,0.006551718616409674,0.006551718616409674,0.0,-0.004099371019911749,0.0021839062054698913,-0.0003898152144753547,0.007015958332582765
mc1,ExtraTrees,947,0.00010842411057971378,0.00240776792749526,0.00240776792749526,0.0,-0.00016243073575314285,0.0,-0.0001628103289390351,0.0,-0.0007067338485922876,0.0,-0.0003439916377614885,0.0018190051150889187,0.0018190051150889187,0.0027054864556188478,0.0027054864556188478,0.000699888246288263,0.000699888246288263,0.0017414599389986764,0.0017414599389986764,0.0018190051150889187,0.0018190051150889187,0.0027054864556188478,0.0027054864556188478,0.000699888246288263,0.000699888246288263,0.0017414599389986764,0.0017414599389986764,0.006293541666915796
mc1,LightGBM,947,9.440718488325625e-05,0.002233540501656573,0.002233540501656573,0.0,-0.0017769356476385293,0.0,-0.001643007539394576,0.0,-0.0006682501183889272,0.0,-0.0013627311018073443,0.0005887803520664077,0.0005887803520664077,0.004360333912690694,0.004360333912690694,0.0,-0.0007128595815722682,0.0016497047549190339,0.0014120848943949445,0.0005887803520664077,0.0005887803520664077,0.004360333912690694,0.004360333912690694,0.0,-0.0007128595815722682,0.0016497047549190339,0.0014120848943949445,0.005753000000064882
mc1,LinearModel,947,0.00014638436646146276,0.0026338506459625682,0.0026338506459625682,0.0,-7.754492691556424e-05,0.0,-0.0005183051006167106,0.0,-0.0001677900159560722,0.0,-0.00025454668116278235,0.0012886566914161164,0.0012886566914161164,0.002290197231988662,0.002290197231988662,0.0004903097938736166,0.0004903097938736166,0.0013563879057594652,0.0013563879057594652,0.0012886566914161164,0.0012886566914161164,0.002290197231988662,0.002290197231988662,0.0004903097938736166,0.0004903097938736166,0.0013563879057594652,0.0013563879057594652,0.006948833333202249
mc1,NeuralNetFastAI,947,0.0002510707807121435,0.0026250846864085877,0.0026250846864085877,0.0,-0.0001917229617241396,0.0,-0.00045822495199151093,0.0,-0.0005420365029655319,0.0,-0.0003973281388937275,0.0009860726384953928,0.0009860726384953928,0.0022206720804049725,0.0022206720804049725,0.0024823375416026666,0.0024823375416026666,0.0018963607535010106,0.0018963607535010106,0.0009860726384953928,0.0009860726384953928,0.0022206720804049725,0.0022206720804049725,0.0024823375416026666,0.0024823375416026666,0.0018963607535010106,0.0018963607535010106,0.005795861000175743
mc1,NeuralNetTorch,947,0.00010110961490308469,0.002626690070216347,0.002626690070216347,0.0,-0.00028729508460113065,0.0,-0.0005029242146289438,0.0,-0.0010839822390842592,0.0,-0.0006247338461047779,0.003722535145123406,0.003722535145123406,0.001381949671743697,0.001381949671743697,0.0011419387433254016,0.0011419387433254016,0.002082141186730835,0.002082141186730835,0.003722535145123406,0.003722535145123406,0.001381949671743697,0.001381949671743697,0.0011419387433254016,0.0011419387433254016,0.002082141186730835,0.002082141186730835,0.0064914863323792815
mc1,RandomForest,947,5.816639252468534e-05,0.002580967733421892,0.002580967733421892,4.774765980095705e-05,4.774765980095705e-05,0.0,-0.000647665005516438,0.0,-0.0015194389721850724,1.5915886600319016e-05,-0.0007064521059668511,0.004140129368460588,0.004140129368460588,0.0,-0.001274582504715174,0.0034467780664494954,0.0034467780664494954,0.0025289691449700276,0.0021041083100649697,0.004140129368460588,0.004140129368460588,0.0,-0.001274582504715174,0.0034467780664494954,0.0034467780664494954,0.0025289691449700276,0.0021041083100649697,0.0054851250000259215
mc1,XGBoost,947,6.719166348136656e-05,0.0017722229712900024,0.0017722229712900024,0.0,-0.0005341980247273295,0.0,-0.000977233539435654,0.0,-0.0017389377243483407,0.0,-0.0010834564295037748,0.00040747873522459265,0.00040747873522459265,0.00449539226978435,0.00449539226978435,0.0,-0.0016038964933754115,0.001634290335002981,0.0010996581705445105,0.00040747873522459265,0.00040747873522459265,0.00449539226978435,0.00449539226978435,0.0,-0.0016038964933754115,0.001634290335002981,0.0010996581705445105,0.006246750000476216
mozilla4,CatBoost,1555,0.00010475732649914228,0.004283992180305419,0.004283992180305419,0.0,-0.0003506456438989385,0.0,-0.000270897878880977,0.0,-0.00010129328964995579,0.0,-0.00024094560414329044,0.0,-0.007901359956757947,0.0,-0.009592673371676423,0.005114209765260118,0.005114209765260118,0.0017047365884200394,-0.004126607854391417,0.0,-0.007901359956757947,0.0,-0.009592673371676423,0.005114209765260118,0.005114209765260118,0.0017047365884200394,-0.004126607854391417,0.006635305332262457
mozilla4,ExtraTrees,1555,0.0009227105781339121,0.019337496672612108,0.019337496672612108,1.0638631070935528e-05,1.0638631070935528e-05,0.0005695968924415504,0.0005695968924415504,0.0005624647387037928,0.0005624647387037928,0.0003809000874054262,0.0003809000874054262,0.010945340446301308,0.010945340446301308,0.0178263661769066,0.0178263661769066,0.019125400384486776,0.019125400384486776,0.015965702335898228,0.015965702335898228,0.010945340446301308,0.010945340446301308,0.0178263661769066,0.0178263661769066,0.019125400384486776,0.019125400384486776,0.015965702335898228,0.015965702335898228,0.0077776806671560434
mozilla4,LightGBM,1555,0.000159472009788727,0.00936400598354699,0.00936400598354699,0.0,-0.0003302804413215087,0.0,-0.00027048899382063905,0.0,-0.0003957819965214753,0.0,-0.000332183810554541,0.009828840589923395,0.009828840589923395,0.000749088690535336,0.000749088690535336,0.0,-0.0038147771129103144,0.0035259764268195768,0.002254384055849472,0.009828840589923395,0.009828840589923395,0.000749088690535336,0.000749088690535336,0.0,-0.0038147771129103144,0.0035259764268195768,0.002254384055849472,0.006916736333854108
mozilla4,LinearModel,1555,0.00220445800765884,0.015876230313230686,0.015876230313230686,0.0002004458296734855,0.0002004458296734855,0.0004532746515484902,0.0004532746515484902,0.0017165670889221023,0.0017165670889221023,0.0007900958567146928,0.0007900958567146928,0.0061992532682826505,0.0061992532682826505,0.015869638402081134,0.015869638402081134,0.01794084346989779,0.01794084346989779,0.01333657838008719,0.01333657838008719,0.0061992532682826505,0.0061992532682826505,0.015869638402081134,0.015869638402081134,0.01794084346989779,0.01794084346989779,0.01333657838008719,0.01333657838008719,0.006921833333763061
mozilla4,NeuralNetFastAI,1555,0.0010055261190156874,0.020562476577339065,0.020562476577339065,0.000638431822113406,0.000638431822113406,0.0014760061095664982,0.0014760061095664982,0.0005598360787564522,0.0005598360787564522,0.0008914246701454521,0.0008914246701454521,0.022003492635114783,0.022003492635114783,0.021995725747425456,0.021995725747425456,0.018929673821165248,0.018929673821165248,0.02097629740123516,0.02097629740123516,0.022003492635114783,0.022003492635114783,0.021995725747425456,0.021995725747425456,0.018929673821165248,0.018929673821165248,0.02097629740123516,0.02097629740123516,0.007040958332557541
mozilla4,NeuralNetTorch,1555,0.0007979974933060649,0.013448329768381714,0.013448329768381714,0.0005163100355882534,0.0005163100355882534,0.0007470319118243753,0.0007470319118243753,0.0,-1.8731372785199032e-05,0.0004211139824708762,0.0004148701915424765,0.008863821529669422,0.008863821529669422,0.010458520840389198,0.010458520840389198,0.00883511490260101,0.00883511490260101,0.009385819090886543,0.009385819090886543,0.008863821529669422,0.008863821529669422,0.010458520840389198,0.010458520840389198,0.00883511490260101,0.00883511490260101,0.009385819090886543,0.009385819090886543,0.007525847333454294
mozilla4,RandomForest,1555,0.0006578447157407265,0.014748294860964668,0.014748294860964668,3.134296810942868e-05,3.134296810942868e-05,0.0008070426813923193,0.0008070426813923193,0.0,-1.0085258236329082e-05,0.00027946188316724935,0.0002761001304218063,0.013708467962417955,0.013708467962417955,0.011401928126380759,0.011401928126380759,0.0137256145704885,0.0137256145704885,0.01294533688642907,0.01294533688642907,0.013708467962417955,0.013708467962417955,0.011401928126380759,0.011401928126380759,0.0137256145704885,0.0137256145704885,0.01294533688642907,0.01294533688642907,0.007068861332906333
mozilla4,XGBoost,1555,0.00013384213959910505,0.004527395625543843,0.004527395625543843,0.0,-9.640274306317049e-05,0.0,-0.0003080905254773307,0.0,-0.00011160316899196775,0.0,-0.00017203214584415633,0.007758580708637245,0.007758580708637245,0.0,-0.006329483490610769,0.0001473890217709867,0.0001473890217709867,0.002635323243469411,0.0005254954132658209,0.007758580708637245,0.007758580708637245,0.0,-0.006329483490610769,0.0001473890217709867,0.0001473890217709867,0.002635323243469411,0.0005254954132658209,0.006208722000640894
nomao,CatBoost,3447,0.00014470361669024728,0.003625955038653568,0.003625955038653568,0.00023656056166030027,0.00023656056166030027,0.00029504931543569024,0.00029504931543569024,0.0,-9.907112785563446e-05,0.00017720329236533018,0.0001441795830801187,0.004467314012712163,0.004467314012712163,0.005155635551136227,0.005155635551136227,0.0026256618415024745,0.0026256618415024745,0.004082870468450289,0.004082870468450289,0.004467314012712163,0.004467314012712163,0.005155635551136227,0.005155635551136227,0.0026256618415024745,0.0026256618415024745,0.004082870468450289,0.004082870468450289,0.01157623600010993
nomao,ExtraTrees,3447,0.0017768789407561548,0.022720582999909377,0.022720582999909377,0.0019736416274399103,0.0019736416274399103,0.001301753189484798,0.001301753189484798,0.0014701118584712863,0.0014701118584712863,0.0015818355584653315,0.0015818355584653315,0.027031844984232074,0.027031844984232074,0.019038420523270157,0.019038420523270157,0.021386355882921763,0.021386355882921763,0.022485540463474663,0.022485540463474663,0.027031844984232074,0.027031844984232074,0.019038420523270157,0.019038420523270157,0.021386355882921763,0.021386355882921763,0.022485540463474663,0.022485540463474663,0.013173889000123987
nomao,LightGBM,3447,2.7357595544002276e-05,0.002103834546971972,0.002103834546971972,0.0004350133023238946,0.0004350133023238946,0.000278353189403758,0.000278353189403758,0.0,-0.0001053932522289545,0.00023778883057588417,0.00020265774649956601,0.007178341520955266,0.007178341520955266,0.0071284099362082486,0.0071284099362082486,0.003999807452530724,0.003999807452530724,0.006102186303231412,0.006102186303231412,0.007178341520955266,0.007178341520955266,0.0071284099362082486,0.0071284099362082486,0.003999807452530724,0.003999807452530724,0.006102186303231412,0.006102186303231412,0.011356249999759408
nomao,LinearModel,3447,7.56566533120852e-05,0.004612081453781588,0.004612081453781588,0.0,-0.00020563398341560347,1.2489694626593263e-05,1.2489694626593263e-05,0.0,-4.1497311906348804e-05,4.163231542197755e-06,-7.8213866898453e-05,0.0,-0.0018463598650698607,0.0019569500101450287,0.0019569500101450287,0.003992445618417738,0.003992445618417738,0.001983131876187589,0.0013676785878309686,0.0,-0.0018463598650698607,0.0019569500101450287,0.0019569500101450287,0.003992445618417738,0.003992445618417738,0.001983131876187589,0.0013676785878309686,0.011094916666479548
nomao,NeuralNetFastAI,3447,8.557584359431473e-05,0.004501180151485815,0.004501180151485815,0.00030789358752563416,0.00030789358752563416,0.0,-6.136195548769798e-05,2.015749686018755e-05,2.015749686018755e-05,0.00010935036146194058,8.889637629937458e-05,0.006710290768574166,0.006710290768574166,0.005346509458308561,0.005346509458308561,0.00486221869345315,0.00486221869345315,0.005639672973445292,0.005639672973445292,0.006710290768574166,0.006710290768574166,0.005346509458308561,0.005346509458308561,0.00486221869345315,0.00486221869345315,0.005639672973445292,0.005639672973445292,0.011038388999926005
nomao,NeuralNetTorch,3447,9.360997247336185e-05,0.00656317371732796,0.00656317371732796,0.0,-0.00032857803367427794,0.0,-4.746111195544492e-05,0.0,-0.0002637461026533061,0.0,-0.00021326174942767632,0.0005221945741723154,0.0005221945741723154,0.0009595924038660189,0.0009595924038660189,0.0,-0.0024684323994229374,0.0004939289926794448,-0.0003288818071282011,0.0005221945741723154,0.0005221945741723154,0.0009595924038660189,0.0009595924038660189,0.0,-0.0024684323994229374,0.0004939289926794448,-0.0003288818071282011,0.011003264000464696
nomao,RandomForest,3447,0.00211467999050397,0.025183486880836287,0.025183486880836287,0.0022348758295731254,0.0022348758295731254,0.001362917119965267,0.001362917119965267,0.0013114332952568863,0.0013114332952568863,0.001636408748265093,0.001636408748265093,0.02552844099062818,0.02552844099062818,0.020780350809767173,0.020780350809767173,0.01913834325936797,0.01913834325936797,0.021815711686587774,0.021815711686587774,0.02552844099062818,0.02552844099062818,0.020780350809767173,0.020780350809767173,0.01913834325936797,0.01913834325936797,0.021815711686587774,0.021815711686587774,0.012521055333005885
nomao,XGBoost,3447,9.556992200958155e-06,0.0014441128888325516,0.0014441128888325516,0.0,-1.4449491410080207e-05,0.0,-2.7065911879969767e-05,0.0,-0.00016718509368853862,0.0,-6.95668323261962e-05,0.0033413298285170927,0.0033413298285170927,0.005019809007105734,0.005019809007105734,0.0,-0.0038908777174756805,0.002787046278540942,0.001490087039382382,0.0033413298285170927,0.0033413298285170927,0.005019809007105734,0.005019809007105734,0.0,-0.0038908777174756805,0.002787046278540942,0.001490087039382382,0.011131902666723667
numerai28_6,CatBoost,9632,0.00035483117713662227,0.011971280148927357,0.011971280148927357,7.376537316054059e-05,7.376537316054059e-05,0.00025169101412091783,0.00025169101412091783,8.4284599908647e-05,8.4284599908647e-05,0.00013658032906336848,0.00013658032906336848,0.0006351083814107698,0.0006351083814107698,0.011382890537232656,0.011382890537232656,0.008467944388423252,0.008467944388423252,0.006828647769022225,0.006828647769022225,0.0006351083814107698,0.0006351083814107698,0.011382890537232656,0.011382890537232656,0.008467944388423252,0.008467944388423252,0.006828647769022225,0.006828647769022225,0.020406736333825393
numerai28_6,ExtraTrees,9632,0.0001826482708778305,0.01051235737656537,0.01051235737656537,0.0,-0.00016396941200265376,0.0,-4.047222348534157e-05,0.0,-0.00012435822590788095,0.0,-0.00010959995379862541,0.0,-0.0036389835896682107,0.008367910566569563,0.008367910566569563,0.0,-0.008912911224008795,0.002789303522189854,-0.0013946614157024806,0.0,-0.0036389835896682107,0.008367910566569563,0.008367910566569563,0.0,-0.008912911224008795,0.002789303522189854,-0.0013946614157024806,0.0179411249991972
numerai28_6,LightGBM,9632,0.0002515680942445501,0.011848843371823578,0.011848843371823578,5.837180219623912e-06,5.837180219623912e-06,0.0002084541579304708,0.0002084541579304708,5.071934937394159e-05,5.071934937394159e-05,8.833689584134543e-05,8.833689584134543e-05,0.004291958899617789,0.004291958899617789,0.015618511463246275,0.015618511463246275,0.005663684402218094,0.005663684402218094,0.008524718255027387,0.008524718255027387,0.004291958899617789,0.004291958899617789,0.015618511463246275,0.015618511463246275,0.005663684402218094,0.005663684402218094,0.008524718255027387,0.008524718255027387,0.01816813899980237
numerai28_6,LinearModel,9632,0.0002761142419707706,0.01254462680633975,0.01254462680633975,0.0,-0.00023574945304136055,2.4741321056360546e-05,2.4741321056360546e-05,0.0,-0.00012501778974329894,8.247107018786849e-06,-0.00011200864057609964,0.0,-0.011815853058004696,0.007976488702221961,0.007976488702221961,0.0,-0.002159912844630967,0.0026588295674073205,-0.0019997590668045673,0.0,-0.011815853058004696,0.007976488702221961,0.007976488702221961,0.0,-0.002159912844630967,0.0026588295674073205,-0.0019997590668045673,0.015151708333481414
numerai28_6,NeuralNetFastAI,9632,0.0002771364253259482,0.013133332572654633,0.013133332572654633,0.0,-3.1891461032984206e-05,8.526461609752036e-05,8.526461609752036e-05,0.0,-2.4801092223933367e-06,2.8421538699173452e-05,1.6964348614047605e-05,0.002988830001474021,0.002988830001474021,0.011658980826726586,0.011658980826726586,0.003419958361334777,0.003419958361334777,0.006022589729845128,0.006022589729845128,0.002988830001474021,0.002988830001474021,0.011658980826726586,0.011658980826726586,0.003419958361334777,0.003419958361334777,0.006022589729845128,0.006022589729845128,0.020439458333081955
numerai28_6,NeuralNetTorch,9632,0.0002644595391366567,0.012526102667284567,0.012526102667284567,0.0,-2.9049243145718087e-05,9.100102846749997e-05,9.100102846749997e-05,0.00010484268420502073,0.00010484268420502073,6.52812375575069e-05,5.55981565089342e-05,0.005754376811120795,0.005754376811120795,0.0028994505965085917,0.0028994505965085917,0.006858041246987854,0.006858041246987854,0.005170622884872414,0.005170622884872414,0.005754376811120795,0.005754376811120795,0.0028994505965085917,0.0028994505965085917,0.006858041246987854,0.006858041246987854,0.005170622884872414,0.005170622884872414,0.017457069333128555
numerai28_6,RandomForest,9632,0.00012645464047984857,0.0071427804631400745,0.0071427804631400745,0.0,-4.667847992802207e-05,5.801983339488222e-05,5.801983339488222e-05,0.0,-7.855493604824438e-05,1.933994446496074e-05,-2.2404527527128074e-05,2.156890792605093e-05,2.156890792605093e-05,0.00810046413251233,0.00810046413251233,0.0,-0.0034207634510243453,0.0027073443468127937,0.001567089863138012,2.156890792605093e-05,2.156890792605093e-05,0.00810046413251233,0.00810046413251233,0.0,-0.0034207634510243453,0.0027073443468127937,0.001567089863138012,0.017482180667381424
numerai28_6,XGBoost,9632,0.0003256287364334502,0.01252303114377482,0.01252303114377482,0.0,-2.5678377619624915e-05,0.0002082781556639054,0.0002082781556639054,0.00017262862833494777,0.00017262862833494777,0.00012696892799961772,0.00011840946879307608,0.003985995083329487,0.003985995083329487,0.016143662988075187,0.016143662988075187,0.004180261707459375,0.004180261707459375,0.008103306592954683,0.008103306592954683,0.003985995083329487,0.003985995083329487,0.016143662988075187,0.016143662988075187,0.004180261707459375,0.004180261707459375,0.008103306592954683,0.008103306592954683,0.020911736000319554
