dataset,model,test_size,true_brier,true_l1,true_l2,Quantile-ECE_brier_draw0,Quantile-ECE_brier_draw0_unclipped,Quantile-ECE_brier_draw1,Quantile-ECE_brier_draw1_unclipped,Quantile-ECE_brier_draw2,Quantile-ECE_brier_draw2_unclipped,Quantile-ECE_brier,Quantile-ECE_brier_unclipped,Quantile-ECE_l1_draw0,Quantile-ECE_l1_draw0_unclipped,Quantile-ECE_l1_draw1,Quantile-ECE_l1_draw1_unclipped,Quantile-ECE_l1_draw2,Quantile-ECE_l1_draw2_unclipped,Quantile-ECE_l1,Quantile-ECE_l1_unclipped,Quantile-ECE_l2_draw0,Quantile-ECE_l2_draw0_unclipped,Quantile-ECE_l2_draw1,Quantile-ECE_l2_draw1_unclipped,Quantile-ECE_l2_draw2,Quantile-ECE_l2_draw2_unclipped,Quantile-ECE_l2,Quantile-ECE_l2_unclipped,Quantile-ECE_time
2dplanes,CatBoost,4077,0.0010357467002906422,0.016759806470045092,0.016759806470045092,0.0006445982673780187,0.0006445982673780187,0.00041494344679385563,0.00041494344679385563,0.00012494434065424092,0.00012494434065424092,0.0003948286849420384,0.0003948286849420384,0.011325649329352528,0.011325649329352528,0.012165491571299827,0.012165491571299827,0.006968422952969394,0.006968422952969394,0.01015318795120725,0.01015318795120725,0.011325649329352528,0.011325649329352528,0.012165491571299827,0.012165491571299827,0.006968422952969394,0.006968422952969394,0.01015318795120725,0.01015318795120725,0.00039198600037101034
2dplanes,ExtraTrees,4077,0.00060943821379165,0.013471089267672749,0.013471089267672749,0.00045998270250732694,0.00045998270250732694,0.0006518076460664543,0.0006518076460664543,0.00023558413176819951,0.00023558413176819951,0.00044912482678066023,0.00044912482678066023,0.012008355774271036,0.012008355774271036,0.01577643640364834,0.01577643640364834,0.00884241044029618,0.00884241044029618,0.012209067539405186,0.012209067539405186,0.012008355774271036,0.012008355774271036,0.01577643640364834,0.01577643640364834,0.00884241044029618,0.00884241044029618,0.012209067539405186,0.012209067539405186,0.00031888899926949915
2dplanes,LightGBM,4077,0.0006452912859289947,0.014063984582822505,0.014063984582822505,0.0004597497866867051,0.0004597497866867051,0.00031519796897703926,0.00031519796897703926,9.347219087189993e-05,9.347219087189993e-05,0.00028947331551188143,0.00028947331551188143,0.010228694070484722,0.010228694070484722,0.011752991136420754,0.011752991136420754,0.007169138032054465,0.007169138032054465,0.009716941079653313,0.009716941079653313,0.010228694070484722,0.010228694070484722,0.011752991136420754,0.011752991136420754,0.007169138032054465,0.007169138032054465,0.009716941079653313,0.009716941079653313,0.0003103613332010961
2dplanes,LinearModel,4077,0.006020850286611491,0.05546835795935246,0.05546835795935246,0.001198524936879119,0.001198524936879119,0.000729608835089765,0.000729608835089765,0.0008339398319923972,0.0008339398319923972,0.0009206912013204272,0.0009206912013204272,0.027196434706383058,0.027196434706383058,0.019730432780050863,0.019730432780050863,0.02571209086081129,0.02571209086081129,0.024212986115748403,0.024212986115748403,0.027196434706383058,0.027196434706383058,0.019730432780050863,0.019730432780050863,0.02571209086081129,0.02571209086081129,0.024212986115748403,0.024212986115748403,0.0003263333334568112
2dplanes,NeuralNetFastAI,4077,0.0003691270459463433,0.010036207619855754,0.010036207619855754,0.00020214913683107023,0.00020214913683107023,0.0003343872903498169,0.0003343872903498169,0.00023265270692880257,0.00023265270692880257,0.00025639637803656325,0.00025639637803656325,0.008195287962627203,0.008195287962627203,0.010968166990789617,0.010968166990789617,0.008329302490573148,0.008329302490573148,0.00916425248132999,0.00916425248132999,0.008195287962627203,0.008195287962627203,0.010968166990789617,0.010968166990789617,0.008329302490573148,0.008329302490573148,0.00916425248132999,0.00916425248132999,0.0003137640002629875
2dplanes,NeuralNetTorch,4077,0.0003406932270880549,0.009938694772379074,0.009938694772379074,0.0002961021546287664,0.0002961021546287664,0.0003503837136515324,0.0003503837136515324,0.00048483114584809133,0.00048483114584809133,0.00037710567137613,0.00037710567137613,0.00875000060994419,0.00875000060994419,0.008466564660515045,0.008466564660515045,0.010943183513029826,0.010943183513029826,0.009386582927829687,0.009386582927829687,0.00875000060994419,0.00875000060994419,0.008466564660515045,0.008466564660515045,0.010943183513029826,0.010943183513029826,0.009386582927829687,0.009386582927829687,0.0003336530001737022
2dplanes,RandomForest,4077,0.000662710189717478,0.012572317079092885,0.012572317079092885,0.000334265915656162,0.000334265915656162,0.00047018998125397134,0.00047018998125397134,0.0002447431245242396,0.0002447431245242396,0.00034973300714479096,0.00034973300714479096,0.008185271615352135,0.008185271615352135,0.011448579137190842,0.011448579137190842,0.007546932393983691,0.007546932393983691,0.009060261048842224,0.009060261048842224,0.008185271615352135,0.008185271615352135,0.011448579137190842,0.011448579137190842,0.007546932393983691,0.007546932393983691,0.009060261048842224,0.009060261048842224,0.00029930566718879464
2dplanes,XGBoost,4077,0.0007391555875778144,0.013616694989012785,0.013616694989012785,0.00039336597252940755,0.00039336597252940755,0.00039245198920516785,0.00039245198920516785,0.00018800496378726378,0.00018800496378726378,0.000324607641840613,0.000324607641840613,0.008992530145521467,0.008992530145521467,0.01174667154278947,0.01174667154278947,0.008264391259712305,0.008264391259712305,0.009667864316007746,0.009667864316007746,0.008992530145521467,0.008992530145521467,0.01174667154278947,0.01174667154278947,0.008264391259712305,0.008264391259712305,0.009667864316007746,0.009667864316007746,0.00031605566618964076
APSFailure,CatBoost,7600,0.00023072929039153674,0.0018584471185175446,0.0018584471185175446,6.474580309584742e-05,6.474580309584742e-05,2.504344307059562e-05,2.504344307059562e-05,6.449865382897087e-05,6.449865382897087e-05,5.14292999984713e-05,5.14292999984713e-05,0.0025397378475592713,0.0025397378475592713,0.0016979452508851512,0.0016979452508851512,0.002414433169252859,0.002414433169252859,0.002217372089232427,0.002217372089232427,0.0025397378475592713,0.0025397378475592713,0.0016979452508851512,0.0016979452508851512,0.002414433169252859,0.002414433169252859,0.002217372089232427,0.002217372089232427,0.0005686110004414028
APSFailure,ExtraTrees,7600,0.0006226824370906533,0.0051914377608753915,0.0051914377608753915,0.00014606475245473134,0.00014606475245473134,2.623468902916374e-05,2.623468902916374e-05,3.573168941664496e-05,3.573168941664496e-05,6.934371030018002e-05,6.934371030018002e-05,0.0037979355302894357,0.0037979355302894357,0.0017864072636764724,0.0017864072636764724,0.002013459311467734,0.002013459311467734,0.002532600701811214,0.002532600701811214,0.0037979355302894357,0.0037979355302894357,0.0017864072636764724,0.0017864072636764724,0.002013459311467734,0.002013459311467734,0.002532600701811214,0.002532600701811214,0.0004110833336502158
APSFailure,LightGBM,7600,0.00045686417862927437,0.0026085678974425864,0.0026085678974425864,6.0300552033717765e-05,6.0300552033717765e-05,5.219297473358527e-05,5.219297473358527e-05,8.601462623925274e-05,8.601462623925274e-05,6.61693843355186e-05,6.61693843355186e-05,0.0023721208461529386,0.0023721208461529386,0.0019914007702867523,0.0019914007702867523,0.0026405015958610102,0.0026405015958610102,0.002334674404100234,0.002334674404100234,0.0023721208461529386,0.0023721208461529386,0.0019914007702867523,0.0019914007702867523,0.0026405015958610102,0.0026405015958610102,0.002334674404100234,0.002334674404100234,0.0005513333344424609
APSFailure,LinearModel,7600,0.0003803322741956466,0.0034943082985187082,0.0034943082985187082,1.107002389303188e-05,1.107002389303188e-05,3.44998957839909e-05,3.44998957839909e-05,5.6569378252237585e-06,5.6569378252237585e-06,1.707561916741551e-05,1.707561916741551e-05,0.0014372236179302207,0.0014372236179302207,0.0021781431221243913,0.0021781431221243913,0.0011255115431770255,0.0011255115431770255,0.0015802927610772128,0.0015802927610772128,0.0014372236179302207,0.0014372236179302207,0.0021781431221243913,0.0021781431221243913,0.0011255115431770255,0.0011255115431770255,0.0015802927610772128,0.0015802927610772128,0.0005428193338351169
APSFailure,NeuralNetFastAI,7600,0.0005370516703016731,0.002903728571302389,0.002903728571302389,0.00014394743908739994,0.00014394743908739994,0.00010941299224324996,0.00010941299224324996,2.3755852759471485e-05,2.3755852759471485e-05,9.237209469670713e-05,9.237209469670713e-05,0.0035332166369083703,0.0035332166369083703,0.003002866486680863,0.003002866486680863,0.0015656236274109786,0.0015656236274109786,0.0027005689170000705,0.0027005689170000705,0.0035332166369083703,0.0035332166369083703,0.003002866486680863,0.003002866486680863,0.0015656236274109786,0.0015656236274109786,0.0027005689170000705,0.0027005689170000705,0.0005433609997756624
APSFailure,NeuralNetTorch,7600,0.0003528082933513664,0.0026576990019937415,0.0026576990019937415,7.419361296736788e-05,7.419361296736788e-05,8.269399335126508e-05,8.269399335126508e-05,6.554572420553321e-05,6.554572420553321e-05,7.41444435080554e-05,7.41444435080554e-05,0.002894548934693712,0.002894548934693712,0.002796040247381875,0.002796040247381875,0.002654871893605081,0.002654871893605081,0.0027818203585602227,0.0027818203585602227,0.002894548934693712,0.002894548934693712,0.002796040247381875,0.002796040247381875,0.002654871893605081,0.002654871893605081,0.0027818203585602227,0.0027818203585602227,0.0005499446657874311
APSFailure,RandomForest,7600,0.0007705903281132056,0.0069554844467050935,0.0069554844467050935,0.00016042089848885668,0.00016042089848885668,3.972852200963393e-05,3.972852200963393e-05,4.279614222270299e-05,4.279614222270299e-05,8.098185424039786e-05,8.098185424039786e-05,0.0048561403418180375,0.0048561403418180375,0.002487719289186458,0.002487719289186458,0.0027508771839233025,0.0027508771839233025,0.0033649122716425998,0.0033649122716425998,0.0048561403418180375,0.0048561403418180375,0.002487719289186458,0.002487719289186458,0.0027508771839233025,0.0027508771839233025,0.0033649122716425998,0.0033649122716425998,0.0003720276678601901
APSFailure,XGBoost,7600,0.0004522037960324727,0.00276524990062937,0.00276524990062937,0.00010147106709523213,0.00010147106709523213,4.925774374157463e-05,4.925774374157463e-05,7.286436862329205e-05,7.286436862329205e-05,7.453105982003294e-05,7.453105982003294e-05,0.0031446257554317092,0.0031446257554317092,0.002250335243494955,0.002250335243494955,0.002612043710402137,0.002612043710402137,0.0026690015697762672,0.0026690015697762672,0.0031446257554317092,0.0031446257554317092,0.002250335243494955,0.002250335243494955,0.002612043710402137,0.002612043710402137,0.0026690015697762672,0.0026690015697762672,0.0005729026670451276
Amazon_employee_access,CatBoost,3277,6.587767880525423e-05,0.007047274838570309,0.007047274838570309,0.00021010480774015847,0.00021010480774015847,0.0005259180062494196,0.0005259180062494196,9.873042238423903e-05,9.873042238423903e-05,0.00027825107879127236,0.00027825107879127236,0.00959729010038596,0.00959729010038596,0.01275387939848948,0.01275387939848948,0.008130654318642967,0.008130654318642967,0.010160607939172802,0.010160607939172802,0.00959729010038596,0.00959729010038596,0.01275387939848948,0.01275387939848948,0.008130654318642967,0.008130654318642967,0.010160607939172802,0.010160607939172802,0.0002736666659378291
Amazon_employee_access,ExtraTrees,3277,0.0011848128098959204,0.021936008014946693,0.021936008014946693,0.0017272796608622126,0.0017272796608622126,0.001530163725146099,0.001530163725146099,0.0012550227652591381,0.0012550227652591381,0.0015041553837558165,0.0015041553837558165,0.0269530573731921,0.0269530573731921,0.02642644897244275,0.02642644897244275,0.025526381913103042,0.025526381913103042,0.02630196275291263,0.02630196275291263,0.0269530573731921,0.0269530573731921,0.02642644897244275,0.02642644897244275,0.025526381913103042,0.025526381913103042,0.02630196275291263,0.02630196275291263,0.00027420833309103426
Amazon_employee_access,LightGBM,3277,0.00011584613744030146,0.006122729817486624,0.006122729817486624,0.0002408232587354737,0.0002408232587354737,0.0001247294872693322,0.0001247294872693322,0.0002268054861156906,0.0002268054861156906,0.0001974527440401655,0.0001974527440401655,0.009347199491058361,0.009347199491058361,0.006722119372812072,0.006722119372812072,0.010620598433164678,0.010620598433164678,0.008896639099011705,0.008896639099011705,0.009347199491058361,0.009347199491058361,0.006722119372812072,0.006722119372812072,0.010620598433164678,0.010620598433164678,0.008896639099011705,0.008896639099011705,0.0002700000004551839
Amazon_employee_access,LinearModel,3277,0.000577567983805529,0.015529851627251633,0.015529851627251633,0.001075657024351634,0.001075657024351634,0.0015340127567598598,0.0015340127567598598,0.0010538435420930012,0.0010538435420930012,0.0012211711077348318,0.0012211711077348318,0.019927693417805675,0.019927693417805675,0.023894736444964655,0.023894736444964655,0.020448914082504325,0.020448914082504325,0.021423781315091553,0.021423781315091553,0.019927693417805675,0.019927693417805675,0.023894736444964655,0.023894736444964655,0.020448914082504325,0.020448914082504325,0.021423781315091553,0.021423781315091553,0.00027004166622646153
Amazon_employee_access,NeuralNetFastAI,3277,0.0003750018116364677,0.009594039574861163,0.009594039574861163,0.00047163242111994316,0.00047163242111994316,0.0005330495266687731,0.0005330495266687731,0.000802625789241688,0.000802625789241688,0.0006024359123434681,0.0006024359123434681,0.012118981843646593,0.012118981843646593,0.01315018454174969,0.01315018454174969,0.01380620490296932,0.01380620490296932,0.013025123762788535,0.013025123762788535,0.012118981843646593,0.012118981843646593,0.01315018454174969,0.01315018454174969,0.01380620490296932,0.01380620490296932,0.013025123762788535,0.013025123762788535,0.000269527999383475
Amazon_employee_access,NeuralNetTorch,3277,0.001192830126488589,0.0172959970043751,0.0172959970043751,0.0010665399639047943,0.0010665399639047943,0.0009797201572991701,0.0009797201572991701,0.001096746594872597,0.001096746594872597,0.001047668905358854,0.001047668905358854,0.01787279284342346,0.01787279284342346,0.019088245084782646,0.019088245084782646,0.019902391130145036,0.019902391130145036,0.018954476352783717,0.018954476352783717,0.01787279284342346,0.01787279284342346,0.019088245084782646,0.019088245084782646,0.019902391130145036,0.019902391130145036,0.018954476352783717,0.018954476352783717,0.0002681386661909831
Amazon_employee_access,RandomForest,3277,0.0010407990874690906,0.019401031244190358,0.019401031244190358,0.0009526916028416893,0.0009526916028416893,0.0012327348515623168,0.0012327348515623168,0.0009449663454237025,0.0009449663454237025,0.0010434642666092362,0.0010434642666092362,0.01955465949687574,0.01955465949687574,0.02397973124286844,0.02397973124286844,0.020866702620234486,0.020866702620234486,0.021467031119992888,0.021467031119992888,0.01955465949687574,0.01955465949687574,0.02397973124286844,0.02397973124286844,0.020866702620234486,0.020866702620234486,0.021467031119992888,0.021467031119992888,0.00027154166673426516
Amazon_employee_access,XGBoost,3277,6.127144786686918e-05,0.006959118745905035,0.006959118745905035,0.00023170077744535527,0.00023170077744535527,0.0004922856711074252,0.0004922856711074252,0.00011747879923264932,0.00011747879923264932,0.00028048841592847657,0.00028048841592847657,0.011543559936450176,0.011543559936450176,0.013759475685644706,0.013759475685644706,0.009493491774084447,0.009493491774084447,0.011598842465393111,0.011598842465393111,0.011543559936450176,0.011543559936450176,0.013759475685644706,0.013759475685644706,0.009493491774084447,0.009493491774084447,0.011598842465393111,0.011598842465393111,0.0003303333335982946
Click_prediction_small,CatBoost,3995,0.00038633628898235186,0.01768859708588454,0.01768859708588454,0.0008453580866374114,0.0008453580866374114,0.0006741460025039743,0.0006741460025039743,0.00039524511882887964,0.00039524511882887964,0.0006382497359900884,0.0006382497359900884,0.025631381880063024,0.025631381880063024,0.022091897036320765,0.022091897036320765,0.016555276950553192,0.016555276950553192,0.021426185288978994,0.021426185288978994,0.025631381880063024,0.025631381880063024,0.022091897036320765,0.022091897036320765,0.016555276950553192,0.016555276950553192,0.021426185288978994,0.021426185288978994,0.0003306666670444732
Click_prediction_small,ExtraTrees,3995,0.0008215564260373532,0.023610837407146718,0.023610837407146718,0.001248773488322536,0.001248773488322536,0.0009530280219937454,0.0009530280219937454,0.001134506577387864,0.001134506577387864,0.0011121026959013817,0.0011121026959013817,0.02899406118725236,0.02899406118725236,0.0244884291472023,0.0244884291472023,0.028568771561533115,0.028568771561533115,0.027350420631995928,0.027350420631995928,0.02899406118725236,0.02899406118725236,0.0244884291472023,0.0244884291472023,0.028568771561533115,0.028568771561533115,0.027350420631995928,0.027350420631995928,0.0006556249997326328
Click_prediction_small,LightGBM,3995,0.0004458847215889114,0.01815457796381882,0.01815457796381882,0.001713208783830621,0.001713208783830621,0.0008158314009107582,0.0008158314009107582,0.00039254380191401953,0.00039254380191401953,0.0009738613288851329,0.0009738613288851329,0.031622394551645415,0.031622394551645415,0.02426210112172704,0.02426210112172704,0.015602672261970403,0.015602672261970403,0.02382905597844762,0.02382905597844762,0.031622394551645415,0.031622394551645415,0.02426210112172704,0.02426210112172704,0.015602672261970403,0.015602672261970403,0.02382905597844762,0.02382905597844762,0.00033969466676353477
Click_prediction_small,LinearModel,3995,0.003433357252839177,0.038138102764381475,0.038138102764381475,0.004033198226210027,0.004033198226210027,0.0028680791275684184,0.0028680791275684184,0.0024337584924827805,0.0024337584924827805,0.0031116786154204087,0.0031116786154204087,0.041245345345282174,0.041245345345282174,0.03824599895623974,0.03824599895623974,0.038347894607114144,0.038347894607114144,0.039279746302878685,0.039279746302878685,0.041245345345282174,0.041245345345282174,0.03824599895623974,0.03824599895623974,0.038347894607114144,0.038347894607114144,0.039279746302878685,0.039279746302878685,0.0003755556669299646
Click_prediction_small,NeuralNetFastAI,3995,0.0006152494557119272,0.02168230629401941,0.02168230629401941,0.0017501493591890332,0.0017501493591890332,0.0008067046972612338,0.0008067046972612338,0.0006257982435147278,0.0006257982435147278,0.0010608840999883316,0.0010608840999883316,0.03516409827060578,0.03516409827060578,0.023071180578106754,0.023071180578106754,0.021455557436772032,0.021455557436772032,0.02656361209516152,0.02656361209516152,0.03516409827060578,0.03516409827060578,0.023071180578106754,0.023071180578106754,0.021455557436772032,0.021455557436772032,0.02656361209516152,0.02656361209516152,0.00035979166689988534
Click_prediction_small,NeuralNetTorch,3995,0.000906484864703196,0.025087184047802014,0.025087184047802014,0.0013905217528896703,0.0013905217528896703,0.0007517159039479582,0.0007517159039479582,0.0008535513479238497,0.0008535513479238497,0.0009985963349204926,0.0009985963349204926,0.02933474511032847,0.02933474511032847,0.0233420280784541,0.0233420280784541,0.024927145288324674,0.024927145288324674,0.025867972825702412,0.025867972825702412,0.02933474511032847,0.02933474511032847,0.0233420280784541,0.0233420280784541,0.024927145288324674,0.024927145288324674,0.025867972825702412,0.025867972825702412,0.0003233053333436449
Click_prediction_small,RandomForest,3995,0.0011413213978873715,0.02535429986824517,0.02535429986824517,0.0017629728556734267,0.0017629728556734267,0.0016326325440239754,0.0016326325440239754,0.001034613295542257,0.001034613295542257,0.0014767395650798862,0.0014767395650798862,0.03423784981694892,0.03423784981694892,0.03162010470990212,0.03162010470990212,0.024321989866300835,0.024321989866300835,0.030059981464383958,0.030059981464383958,0.03423784981694892,0.03423784981694892,0.03162010470990212,0.03162010470990212,0.024321989866300835,0.024321989866300835,0.030059981464383958,0.030059981464383958,0.00036143066608929075
Click_prediction_small,XGBoost,3995,0.00047790328474461684,0.018971117007725632,0.018971117007725632,0.0007473051793922905,0.0007473051793922905,0.0004865847127089373,0.0004865847127089373,0.00043649798385333793,0.00043649798385333793,0.0005567959586515219,0.0005567959586515219,0.023039596723841368,0.023039596723841368,0.0173908978991749,0.0173908978991749,0.01809796136224034,0.01809796136224034,0.01950948532841887,0.01950948532841887,0.023039596723841368,0.023039596723841368,0.0173908978991749,0.0173908978991749,0.01809796136224034,0.01809796136224034,0.01950948532841887,0.01950948532841887,0.0003337363329289171
PhishingWebsites,CatBoost,1106,0.00011501653449411958,0.003910267557744939,0.003910267557744939,4.582122486294215e-05,4.582122486294215e-05,8.271616808792247e-05,8.271616808792247e-05,0.0010458605906240117,0.0010458605906240117,0.00039146599452495877,0.00039146599452495877,0.0032784659683281624,0.0032784659683281624,0.004067444265948586,0.004067444265948586,0.01096141214716799,0.01096141214716799,0.006102440793814913,0.006102440793814913,0.0032784659683281624,0.0032784659683281624,0.004067444265948586,0.004067444265948586,0.01096141214716799,0.01096141214716799,0.006102440793814913,0.006102440793814913,0.00014898599935501503
PhishingWebsites,ExtraTrees,1106,0.0066681586143801565,0.05625384704162044,0.05625384704162044,0.004889734537008051,0.004889734537008051,0.006200720037686151,0.006200720037686151,0.006868873193064126,0.006868873193064126,0.005986442589252776,0.005986442589252776,0.0488677015430193,0.0488677015430193,0.053388497203055475,0.053388497203055475,0.057708233031027435,0.057708233031027435,0.05332147725903407,0.05332147725903407,0.0488677015430193,0.0488677015430193,0.053388497203055475,0.053388497203055475,0.057708233031027435,0.057708233031027435,0.05332147725903407,0.05332147725903407,0.00014029166656352268
PhishingWebsites,LightGBM,1106,9.452185636811948e-05,0.0038107923112926127,0.0038107923112926127,0.00031421035927950663,0.00031421035927950663,0.00011039220167695915,0.00011039220167695915,0.0010519676707487747,0.0010519676707487747,0.0004921900772350802,0.0004921900772350802,0.006862659146448756,0.006862659146448756,0.004129715385298089,0.004129715385298089,0.010762233507072031,0.010762233507072031,0.007251536012939625,0.007251536012939625,0.006862659146448756,0.006862659146448756,0.004129715385298089,0.004129715385298089,0.010762233507072031,0.010762233507072031,0.007251536012939625,0.007251536012939625,0.00014188899998165047
PhishingWebsites,LinearModel,1106,0.00021872736660312296,0.00902476140604523,0.00902476140604523,0.0002408543992321111,0.0002408543992321111,0.0007247513171372065,0.0007247513171372065,0.00035092622680082643,0.00035092622680082643,0.0004388439810567147,0.0004388439810567147,0.008295769020762045,0.008295769020762045,0.014591656284679875,0.014591656284679875,0.011718483723237177,0.011718483723237177,0.011535303009559697,0.011535303009559697,0.008295769020762045,0.008295769020762045,0.014591656284679875,0.014591656284679875,0.011718483723237177,0.011718483723237177,0.011535303009559697,0.011535303009559697,0.00013608333271501274
PhishingWebsites,NeuralNetFastAI,1106,4.744237505240245e-05,0.003141969719634052,0.003141969719634052,0.00030649355622819325,0.00030649355622819325,0.00011096652536357443,0.00011096652536357443,0.00034739047234032505,0.00034739047234032505,0.0002549501846440309,0.0002549501846440309,0.0060565964889587685,0.0060565964889587685,0.004500598927419582,0.004500598927419582,0.006805204635784886,0.006805204635784886,0.005787466684054412,0.005787466684054412,0.0060565964889587685,0.0060565964889587685,0.004500598927419582,0.004500598927419582,0.006805204635784886,0.006805204635784886,0.005787466684054412,0.005787466684054412,0.00013608333271501274
PhishingWebsites,NeuralNetTorch,1106,0.00011321565322257829,0.004358799474228134,0.004358799474228134,3.7813293255061644e-05,3.7813293255061644e-05,7.127976053154968e-05,7.127976053154968e-05,0.0009360288082512761,0.0009360288082512761,0.00034837395401262917,0.00034837395401262917,0.0027895438741780006,0.0027895438741780006,0.003506368316680716,0.003506368316680716,0.009436338685149986,0.009436338685149986,0.005244083625336234,0.005244083625336234,0.0027895438741780006,0.0027895438741780006,0.003506368316680716,0.003506368316680716,0.009436338685149986,0.009436338685149986,0.005244083625336234,0.005244083625336234,0.00018755566634354182
PhishingWebsites,RandomForest,1106,0.005133421861791541,0.04618638428999584,0.04618638428999584,0.003886643464386592,0.003886643464386592,0.004585338638617153,0.004585338638617153,0.004549370234638629,0.004549370234638629,0.004340450779214124,0.004340450779214124,0.0404115527131386,0.0404115527131386,0.04493234837317477,0.04493234837317477,0.04456098987939054,0.04456098987939054,0.0433016303219013,0.0433016303219013,0.0404115527131386,0.0404115527131386,0.04493234837317477,0.04493234837317477,0.04456098987939054,0.04456098987939054,0.0433016303219013,0.0433016303219013,0.00013745833348366432
PhishingWebsites,XGBoost,1106,8.611671452407753e-05,0.0031778621042838112,0.0031778621042838112,2.506579959017405e-05,2.506579959017405e-05,1.2317255548867565e-05,1.2317255548867565e-05,0.0009226164932824105,0.0009226164932824105,0.00031999984947381736,0.00031999984947381736,0.00227293765285508,0.00227293765285508,0.001844801981843874,0.001844801981843874,0.010238458606793135,0.010238458606793135,0.004785399413830696,0.004785399413830696,0.00227293765285508,0.00227293765285508,0.001844801981843874,0.001844801981843874,0.010238458606793135,0.010238458606793135,0.004785399413830696,0.004785399413830696,0.0001322223336804503
Run_or_walk_information,CatBoost,8859,0.00010483370935025374,0.001972443140557718,0.001972443140557718,1.4469007247939895e-05,1.4469007247939895e-05,7.377395705330375e-06,7.377395705330375e-06,8.363797582292564e-06,8.363797582292564e-06,1.007006684518761e-05,1.007006684518761e-05,0.0018694932031399383,0.0018694932031399383,0.0012680631061206477,0.0012680631061206477,0.0013095577888899616,0.0013095577888899616,0.0014823713660501827,0.0014823713660501827,0.0018694932031399383,0.0018694932031399383,0.0012680631061206477,0.0012680631061206477,0.0013095577888899616,0.0013095577888899616,0.0014823713660501827,0.0014823713660501827,0.0006269166660786141
Run_or_walk_information,ExtraTrees,8859,0.002147695508629922,0.02022570610150847,0.02022570610150847,0.00041593689495091567,0.00041593689495091567,0.00044715267580889786,0.00044715267580889786,0.00038078523192806147,0.00038078523192806147,0.0004146249342292917,0.0004146249342292917,0.011058056646629361,0.011058056646629361,0.012185347139080942,0.012185347139080942,0.010719417974092963,0.010719417974092963,0.011320940586601089,0.011320940586601089,0.011058056646629361,0.011058056646629361,0.012185347139080942,0.012185347139080942,0.010719417974092963,0.010719417974092963,0.011320940586601089,0.011320940586601089,0.0005300833327055443
Run_or_walk_information,LightGBM,8859,0.00010954628564335039,0.0022700646441504158,0.0022700646441504158,6.791130304219348e-06,6.791130304219348e-06,1.0676858479355845e-05,1.0676858479355845e-05,1.8056808968959509e-06,1.8056808968959509e-06,6.424556560157049e-06,6.424556560157049e-06,0.0014197016886431432,0.0014197016886431432,0.001416090139625197,0.001416090139625197,0.0005192817559048075,0.0005192817559048075,0.0011183578613910491,0.0011183578613910491,0.0014197016886431432,0.0014197016886431432,0.001416090139625197,0.001416090139625197,0.0005192817559048075,0.0005192817559048075,0.0011183578613910491,0.0011183578613910491,0.0006290553331685563
Run_or_walk_information,LinearModel,8859,0.046580505774797464,0.15507859029528043,0.15507859029528043,0.0353252317210141,0.0353252317210141,0.03684523267613116,0.03684523267613116,0.03693408419753347,0.03693408419753347,0.036368182864892906,0.036368182864892906,0.13568991182055126,0.13568991182055126,0.1369756204904662,0.1369756204904662,0.13762369148937406,0.13762369148937406,0.13676307460013049,0.13676307460013049,0.13568991182055126,0.13568991182055126,0.1369756204904662,0.1369756204904662,0.13762369148937406,0.13762369148937406,0.13676307460013049,0.13676307460013049,0.000619708333639816
Run_or_walk_information,NeuralNetFastAI,8859,0.0001224129144028694,0.003099597334877249,0.003099597334877249,1.0965853790477627e-05,1.0965853790477627e-05,1.2355716872776072e-05,1.2355716872776072e-05,1.275780963031637e-05,1.275780963031637e-05,1.202646009785669e-05,1.202646009785669e-05,0.0016914723047542451,0.0016914723047542451,0.0017751638617349392,0.0017751638617349392,0.00159538483542872,0.00159538483542872,0.0016873403339726348,0.0016873403339726348,0.0016914723047542451,0.0016914723047542451,0.0017751638617349392,0.0017751638617349392,0.00159538483542872,0.00159538483542872,0.0016873403339726348,0.0016873403339726348,0.0005949166661594063
Run_or_walk_information,NeuralNetTorch,8859,7.932355281150218e-05,0.0019208274511967615,0.0019208274511967615,1.2993744130896586e-05,1.2993744130896586e-05,1.3569054021672669e-05,1.3569054021672669e-05,2.2189852155653632e-05,2.2189852155653632e-05,1.6250883436074297e-05,1.6250883436074297e-05,0.0016959709483833907,0.0016959709483833907,0.0016153586460654428,0.0016153586460654428,0.0018590360590729298,0.0018590360590729298,0.0017234552178405878,0.0017234552178405878,0.0016959709483833907,0.0016959709483833907,0.0016153586460654428,0.0016153586460654428,0.0018590360590729298,0.0018590360590729298,0.0017234552178405878,0.0017234552178405878,0.000567333333795735
Run_or_walk_information,RandomForest,8859,0.0007853873470846317,0.010882730248931247,0.010882730248931247,9.2600465640334e-05,9.2600465640334e-05,7.928795923078221e-05,7.928795923078221e-05,9.188544313551597e-05,9.188544313551597e-05,8.79246226688774e-05,8.79246226688774e-05,0.004635456897858219,0.004635456897858219,0.004637511751031131,0.004637511751031131,0.004863270866055398,0.004863270866055398,0.004712079838314916,0.004712079838314916,0.004635456897858219,0.004635456897858219,0.004637511751031131,0.004637511751031131,0.004863270866055398,0.004863270866055398,0.004712079838314916,0.004712079838314916,0.0005669026662265727
Run_or_walk_information,XGBoost,8859,9.801705724564982e-06,0.0010685539641082551,0.0010685539641082551,4.849814386064836e-06,4.849814386064836e-06,1.4579087838027895e-05,1.4579087838027895e-05,1.9298636258200588e-06,1.9298636258200588e-06,7.119588616637596e-06,7.119588616637596e-06,0.0012794153157307988,0.0012794153157307988,0.001588814661572734,0.001588814661572734,0.0007349855771913732,0.0007349855771913732,0.001201071851498302,0.001201071851498302,0.0012794153157307988,0.0012794153157307988,0.001588814661572734,0.001588814661572734,0.0007349855771913732,0.0007349855771913732,0.001201071851498302,0.001201071851498302,0.00060670833287683
adult,CatBoost,4885,0.0006152181577692995,0.01687512706217434,0.01687512706217434,0.000786535546888472,0.000786535546888472,0.0007662895527489443,0.0007662895527489443,0.0010731264045094578,0.0010731264045094578,0.000875317168048958,0.000875317168048958,0.017740838207664325,0.017740838207664325,0.019516732676522354,0.019516732676522354,0.021284386430082982,0.021284386430082982,0.019513985771423218,0.019513985771423218,0.017740838207664325,0.017740838207664325,0.019516732676522354,0.019516732676522354,0.021284386430082982,0.021284386430082982,0.019513985771423218,0.019513985771423218,0.0003806250000100893
adult,ExtraTrees,4885,0.0011370991685457355,0.025229521107036034,0.025229521107036034,0.0013207698573837984,0.0013207698573837984,0.0017197372228331975,0.0017197372228331975,0.0008797190762288376,0.0008797190762288376,0.0013067420521486112,0.0013067420521486112,0.02728945681911712,0.02728945681911712,0.029751917836362815,0.029751917836362815,0.02312291269365693,0.02312291269365693,0.026721429116378956,0.026721429116378956,0.02728945681911712,0.02728945681911712,0.029751917836362815,0.029751917836362815,0.02312291269365693,0.02312291269365693,0.026721429116378956,0.026721429116378956,0.0003686386674720173
adult,LightGBM,4885,0.0004237835510739854,0.013610577703054249,0.013610577703054249,0.0005496485861931379,0.0005496485861931379,0.0006448317761101839,0.0006448317761101839,0.0005257378116502061,0.0005257378116502061,0.0005734060579845093,0.0005734060579845093,0.015150166957965583,0.015150166957965583,0.01682502420248645,0.01682502420248645,0.01576429183002291,0.01576429183002291,0.015913160996824983,0.015913160996824983,0.015150166957965583,0.015150166957965583,0.01682502420248645,0.01682502420248645,0.01576429183002291,0.01576429183002291,0.015913160996824983,0.015913160996824983,0.00037290266603425454
adult,LinearModel,4885,0.00027479023834166164,0.01382074661413434,0.01382074661413434,0.00037505671742231716,0.00037505671742231716,0.0005487147518709245,0.0005487147518709245,0.00029859200782431273,0.00029859200782431273,0.00040745449237251816,0.00040745449237251816,0.01571782760397102,0.01571782760397102,0.017646738702043245,0.017646738702043245,0.011664205494961992,0.011664205494961992,0.01500959060032542,0.01500959060032542,0.01571782760397102,0.01571782760397102,0.017646738702043245,0.017646738702043245,0.011664205494961992,0.011664205494961992,0.01500959060032542,0.01500959060032542,0.0004277636665695657
adult,NeuralNetFastAI,4885,0.0007270421928356895,0.019435569401433525,0.019435569401433525,0.0009538667704827144,0.0009538667704827144,0.0011652382090731714,0.0011652382090731714,0.000928029543199253,0.000928029543199253,0.0010157115075850461,0.0010157115075850461,0.02245534712106871,0.02245534712106871,0.02288304127773169,0.02288304127773169,0.02281738700287381,0.02281738700287381,0.02271859180055807,0.02271859180055807,0.02245534712106871,0.02245534712106871,0.02288304127773169,0.02288304127773169,0.02281738700287381,0.02281738700287381,0.02271859180055807,0.02271859180055807,0.00037505533327930607
adult,NeuralNetTorch,4885,0.0009504127682872356,0.020245912457373255,0.020245912457373255,0.0010903456534077454,0.0010903456534077454,0.001298122690739114,0.001298122690739114,0.0008164256943514845,0.0008164256943514845,0.0010682980128327814,0.0010682980128327814,0.019847384917395395,0.019847384917395395,0.023131165994090104,0.023131165994090104,0.020907103064990502,0.020907103064990502,0.021295217992158666,0.021295217992158666,0.019847384917395395,0.019847384917395395,0.023131165994090104,0.023131165994090104,0.020907103064990502,0.020907103064990502,0.021295217992158666,0.021295217992158666,0.0003922219996942052
adult,RandomForest,4885,0.0012868164993794738,0.026970672527330302,0.026970672527330302,0.0015752206477804855,0.0015752206477804855,0.002328622880310519,0.002328622880310519,0.0010299867843753712,0.0010299867843753712,0.0016446101041554587,0.0016446101041554587,0.02963734745989887,0.02963734745989887,0.033153171016263173,0.033153171016263173,0.025019366043871442,0.025019366043871442,0.029269961506677832,0.029269961506677832,0.02963734745989887,0.02963734745989887,0.033153171016263173,0.033153171016263173,0.025019366043871442,0.025019366043871442,0.029269961506677832,0.029269961506677832,0.0003624860000854824
adult,XGBoost,4885,0.0005345494552161558,0.016391190786140295,0.016391190786140295,0.0004999317430196786,0.0004999317430196786,0.0009403611268187969,0.0009403611268187969,0.000590383472268954,0.000590383472268954,0.0006768921140358099,0.0006768921140358099,0.014929809892715539,0.014929809892715539,0.02134104735071717,0.02134104735071717,0.017284415358141347,0.017284415358141347,0.01785175753385802,0.01785175753385802,0.014929809892715539,0.014929809892715539,0.02134104735071717,0.02134104735071717,0.017284415358141347,0.017284415358141347,0.01785175753385802,0.01785175753385802,0.0003792359990863285
ailerons,CatBoost,1375,0.00027630217784780714,0.011567778694020077,0.011567778694020077,0.0008342246031884501,0.0008342246031884501,0.001074822176527066,0.001074822176527066,0.0018066863031020288,0.0018066863031020288,0.001238577694272515,0.001238577694272515,0.01975393888307735,0.01975393888307735,0.020274027561133893,0.020274027561133893,0.02460435147401454,0.02460435147401454,0.021544105972741926,0.021544105972741926,0.01975393888307735,0.01975393888307735,0.020274027561133893,0.020274027561133893,0.02460435147401454,0.02460435147401454,0.021544105972741926,0.021544105972741926,0.0001488196661133164
ailerons,ExtraTrees,1375,0.0013176445909882613,0.0290793574283598,0.0290793574283598,0.002052221624643095,0.002052221624643095,0.00139705609247118,0.00139705609247118,0.0013465415991586673,0.0013465415991586673,0.0015986064387576472,0.0015986064387576472,0.03310108173432208,0.03310108173432208,0.029277764640039425,0.029277764640039425,0.02719826535200064,0.02719826535200064,0.029859037242120714,0.029859037242120714,0.03310108173432208,0.03310108173432208,0.029277764640039425,0.029277764640039425,0.02719826535200064,0.02719826535200064,0.029859037242120714,0.029859037242120714,0.00015249999948233986
ailerons,LightGBM,1375,0.00011693810695666074,0.008554613836744631,0.008554613836744631,0.0005961495361052895,0.0005961495361052895,0.0008752908253997946,0.0008752908253997946,0.001079174898784412,0.001079174898784412,0.0008502050867631654,0.0008502050867631654,0.018017769877460177,0.018017769877460177,0.022779747745106847,0.022779747745106847,0.02281463722639124,0.02281463722639124,0.021204051616319424,0.021204051616319424,0.018017769877460177,0.018017769877460177,0.022779747745106847,0.022779747745106847,0.02281463722639124,0.02281463722639124,0.021204051616319424,0.021204051616319424,0.00014818066726244675
ailerons,LinearModel,1375,0.0001836785291027428,0.010391804801025004,0.010391804801025004,0.00047941552320426856,0.00047941552320426856,0.0008458389137740743,0.0008458389137740743,0.000896177610783999,0.000896177610783999,0.000740477349254114,0.000740477349254114,0.014801334968429392,0.014801334968429392,0.020037831048481166,0.020037831048481166,0.020389853219501666,0.020389853219501666,0.018409673078804076,0.018409673078804076,0.014801334968429392,0.014801334968429392,0.020037831048481166,0.020037831048481166,0.020389853219501666,0.020389853219501666,0.018409673078804076,0.018409673078804076,0.0001505973329282521
ailerons,NeuralNetFastAI,1375,0.0001645495308457295,0.009278845729904126,0.009278845729904126,0.0006633661492669624,0.0006633661492669624,0.0011105735282404018,0.0011105735282404018,0.0008235282058878559,0.0008235282058878559,0.0008658226277984067,0.0008658226277984067,0.01746197600175368,0.01746197600175368,0.023339036524290677,0.023339036524290677,0.019782658219205326,0.019782658219205326,0.02019455691508323,0.02019455691508323,0.01746197600175368,0.01746197600175368,0.023339036524290677,0.023339036524290677,0.019782658219205326,0.019782658219205326,0.02019455691508323,0.02019455691508323,0.00020955566651537083
ailerons,NeuralNetTorch,1375,0.0002283116865340639,0.010233639353312108,0.010233639353312108,0.0007461779095837932,0.0007461779095837932,0.00045942086383175205,0.00045942086383175205,0.001307440388459533,0.001307440388459533,0.0008376797206250262,0.0008376797206250262,0.017964913842990586,0.017964913842990586,0.01440021011838955,0.01440021011838955,0.023923844031949897,0.023923844031949897,0.01876298933111001,0.01876298933111001,0.017964913842990586,0.017964913842990586,0.01440021011838955,0.01440021011838955,0.023923844031949897,0.023923844031949897,0.01876298933111001,0.01876298933111001,0.0001630970000405796
ailerons,RandomForest,1375,0.0006854447630043796,0.0203316415928791,0.0203316415928791,0.00064918317319343,0.00064918317319343,0.0011368435240126137,0.0011368435240126137,0.0013660302509462448,0.0013660302509462448,0.0010506856493840962,0.0010506856493840962,0.020466747143739764,0.020466747143739764,0.022802673611461873,0.022802673611461873,0.02609960614247459,0.02609960614247459,0.023123008965892075,0.023123008965892075,0.020466747143739764,0.020466747143739764,0.022802673611461873,0.022802673611461873,0.02609960614247459,0.02609960614247459,0.023123008965892075,0.023123008965892075,0.00016288899981494373
ailerons,XGBoost,1375,7.454605353151486e-05,0.0065705054893200705,0.0065705054893200705,0.0006548487067347096,0.0006548487067347096,0.001082093858495472,0.001082093858495472,0.0007017929767598051,0.0007017929767598051,0.0008129118473299956,0.0008129118473299956,0.017259600404247816,0.017259600404247816,0.021105961737921463,0.021105961737921463,0.016592375997051767,0.016592375997051767,0.018319312713073684,0.018319312713073684,0.017259600404247816,0.017259600404247816,0.021105961737921463,0.021105961737921463,0.016592375997051767,0.016592375997051767,0.018319312713073684,0.018319312713073684,0.00014858333330873089
bank-marketing,CatBoost,4522,0.0005132235775827006,0.01307845357417823,0.01307845357417823,0.00042841209872381203,0.00042841209872381203,0.0010777015880678801,0.0010777015880678801,0.000699690510079462,0.000699690510079462,0.0007352680656237181,0.0007352680656237181,0.011834206508763698,0.011834206508763698,0.016423915725201695,0.016423915725201695,0.01627765282771012,0.01627765282771012,0.014845258353891838,0.014845258353891838,0.011834206508763698,0.011834206508763698,0.016423915725201695,0.016423915725201695,0.01627765282771012,0.01627765282771012,0.014845258353891838,0.014845258353891838,0.0003492499999993015
bank-marketing,ExtraTrees,4522,0.00027389379500799627,0.011776435399688001,0.011776435399688001,0.0002203190219704227,0.0002203190219704227,0.0002467451290830031,0.0002467451290830031,0.0005363721721477049,0.0005363721721477049,0.0003344787744003769,0.0003344787744003769,0.011240011466107397,0.011240011466107397,0.0121736787474575,0.0121736787474575,0.014649866183510133,0.014649866183510133,0.012687852132358344,0.012687852132358344,0.011240011466107397,0.011240011466107397,0.0121736787474575,0.0121736787474575,0.014649866183510133,0.014649866183510133,0.012687852132358344,0.012687852132358344,0.0003391806664391576
bank-marketing,LightGBM,4522,0.00020177039456570074,0.008544793628403111,0.008544793628403111,0.0004536352198983365,0.0004536352198983365,0.0008336416530661602,0.0008336416530661602,0.00034618880572687334,0.00034618880572687334,0.00054448855956379,0.00054448855956379,0.01274822632152773,0.01274822632152773,0.01515993375899189,0.01515993375899189,0.012083535290151083,0.012083535290151083,0.013330565123556902,0.013330565123556902,0.01274822632152773,0.01274822632152773,0.01515993375899189,0.01515993375899189,0.012083535290151083,0.012083535290151083,0.013330565123556902,0.013330565123556902,0.00035381966760420863
bank-marketing,LinearModel,4522,0.001231073646633584,0.01771170175477092,0.01771170175477092,0.0012097970658857863,0.0012097970658857863,0.0005536260770192766,0.0005536260770192766,0.0019094937324865672,0.0019094937324865672,0.0012243056251305432,0.0012243056251305432,0.023626435206891935,0.023626435206891935,0.01501358345910453,0.01501358345910453,0.02260453168460895,0.02260453168460895,0.02041485011686847,0.02041485011686847,0.023626435206891935,0.023626435206891935,0.01501358345910453,0.01501358345910453,0.02260453168460895,0.02260453168460895,0.02041485011686847,0.02041485011686847,0.00036013900050117326
bank-marketing,NeuralNetFastAI,4522,0.0001663844076763581,0.006980738153360599,0.006980738153360599,0.0004019945002554718,0.0004019945002554718,0.0002103192985648353,0.0002103192985648353,0.00015881724856557948,0.00015881724856557948,0.0002570436824619622,0.0002570436824619622,0.010895149354974319,0.010895149354974319,0.007531565862658985,0.007531565862658985,0.007116046982807161,0.007116046982807161,0.00851425406681349,0.00851425406681349,0.010895149354974319,0.010895149354974319,0.007531565862658985,0.007531565862658985,0.007116046982807161,0.007116046982807161,0.00851425406681349,0.00851425406681349,0.00033843033331019495
bank-marketing,NeuralNetTorch,4522,0.0001924682271929433,0.006890143246673141,0.006890143246673141,0.0001976076968223896,0.0001976076968223896,0.00048588164331213064,0.00048588164331213064,0.00017650504509058508,0.00017650504509058508,0.0002866647950750351,0.0002866647950750351,0.008958444887804845,0.008958444887804845,0.011687968312251197,0.011687968312251197,0.0076705698499944,0.0076705698499944,0.009438994350016815,0.009438994350016815,0.008958444887804845,0.008958444887804845,0.011687968312251197,0.011687968312251197,0.0076705698499944,0.0076705698499944,0.009438994350016815,0.009438994350016815,0.00035934699917561375
bank-marketing,RandomForest,4522,0.0002454993245856833,0.011252096679536966,0.011252096679536966,0.00022474894560118826,0.00022474894560118826,0.0001779544589610008,0.0001779544589610008,0.0004068793868185916,0.0004068793868185916,0.00026986093046026024,0.00026986093046026024,0.011565535156026962,0.011565535156026962,0.009576663173976907,0.009576663173976907,0.013655140659125969,0.013655140659125969,0.011599112996376613,0.011599112996376613,0.011565535156026962,0.011565535156026962,0.009576663173976907,0.009576663173976907,0.013655140659125969,0.013655140659125969,0.011599112996376613,0.011599112996376613,0.00034927766682812944
bank-marketing,XGBoost,4522,0.00047387595942246255,0.011958409853437551,0.011958409853437551,0.00039790113368273023,0.00039790113368273023,0.0006180934564627416,0.0006180934564627416,0.0011296177796540929,0.0011296177796540929,0.0007152041232665217,0.0007152041232665217,0.013176781844975302,0.013176781844975302,0.013915634075205078,0.013915634075205078,0.020077702055713492,0.020077702055713492,0.01572337265863129,0.01572337265863129,0.013176781844975302,0.013176781844975302,0.013915634075205078,0.013915634075205078,0.020077702055713492,0.020077702055713492,0.01572337265863129,0.01572337265863129,0.0003498333329237842
delta_elevators,CatBoost,952,0.00020880514056423636,0.012558266367032505,0.012558266367032505,0.0010628876346392036,0.0010628876346392036,0.0019508235265246843,0.0019508235265246843,0.0012419269396562222,0.0012419269396562222,0.0014185460336067033,0.0014185460336067033,0.027950026758309605,0.027950026758309605,0.033523305508913664,0.033523305508913664,0.02440787659468376,0.02440787659468376,0.028627069620635676,0.028627069620635676,0.027950026758309605,0.027950026758309605,0.033523305508913664,0.033523305508913664,0.02440787659468376,0.02440787659468376,0.028627069620635676,0.028627069620635676,0.00013163866727457693
delta_elevators,ExtraTrees,952,0.0034708040120754553,0.054296452067342404,0.054296452067342404,0.004148776791847472,0.004148776791847472,0.004551717585139083,0.004551717585139083,0.002858016880534807,0.002858016880534807,0.003852837085840454,0.003852837085840454,0.055102704224928016,0.055102704224928016,0.05825396472912969,0.05825396472912969,0.04971124882078065,0.04971124882078065,0.05435597259161279,0.05435597259161279,0.055102704224928016,0.055102704224928016,0.05825396472912969,0.05825396472912969,0.04971124882078065,0.04971124882078065,0.05435597259161279,0.05435597259161279,0.00012230566668828638
delta_elevators,LightGBM,952,0.00031472046437343364,0.016041899277503845,0.016041899277503845,0.0015621343898952074,0.0015621343898952074,0.0018292103662851298,0.0018292103662851298,0.0012377945416080054,0.0012377945416080054,0.0015430464325961143,0.0015430464325961143,0.03243818420607658,0.03243818420607658,0.028145483645078316,0.028145483645078316,0.029827407491784707,0.029827407491784707,0.0301370251143132,0.0301370251143132,0.03243818420607658,0.03243818420607658,0.028145483645078316,0.028145483645078316,0.029827407491784707,0.029827407491784707,0.0301370251143132,0.0301370251143132,0.0001212083334394265
delta_elevators,LinearModel,952,0.0006587720091662157,0.01935168200737685,0.01935168200737685,0.001847411840910948,0.001847411840910948,0.0016871751892828994,0.0016871751892828994,0.0008812231601933406,0.0008812231601933406,0.0014719367301290625,0.0014719367301290625,0.03540255410403272,0.03540255410403272,0.03093339343651387,0.03093339343651387,0.021845037091248028,0.021845037091248028,0.029393661543931537,0.029393661543931537,0.03540255410403272,0.03540255410403272,0.03093339343651387,0.03093339343651387,0.021845037091248028,0.021845037091248028,0.029393661543931537,0.029393661543931537,0.00013023599967709742
delta_elevators,NeuralNetFastAI,952,0.000379645069313219,0.01539118967758907,0.01539118967758907,0.0034994870289014094,0.0034994870289014094,0.0020536963127019306,0.0020536963127019306,0.0004878952636619841,0.0004878952636619841,0.0020136928684217747,0.0020136928684217747,0.04307629535822557,0.04307629535822557,0.03630311063743876,0.03630311063743876,0.017610195364375456,0.017610195364375456,0.03232986712001326,0.03232986712001326,0.04307629535822557,0.04307629535822557,0.03630311063743876,0.03630311063743876,0.017610195364375456,0.017610195364375456,0.03232986712001326,0.03232986712001326,0.0001253889992464489
delta_elevators,NeuralNetTorch,952,0.00040540976264224343,0.016273342592552687,0.016273342592552687,0.0012540714233150734,0.0012540714233150734,0.0008474723205758593,0.0008474723205758593,0.0009424497384364492,0.0009424497384364492,0.0010146644941091273,0.0010146644941091273,0.0286488231666975,0.0286488231666975,0.02283653739936153,0.02283653739936153,0.02448848312284833,0.02448848312284833,0.02532461456296912,0.02532461456296912,0.0286488231666975,0.0286488231666975,0.02283653739936153,0.02283653739936153,0.02448848312284833,0.02448848312284833,0.02532461456296912,0.02532461456296912,0.0001287220002268441
delta_elevators,RandomForest,952,0.0011662909718192576,0.028698917492630326,0.028698917492630326,0.0012971128873361243,0.0012971128873361243,0.0023105480199185065,0.0023105480199185065,0.0009223485161754032,0.0009223485161754032,0.0015100031411433446,0.0015100031411433446,0.029882979275880798,0.029882979275880798,0.03606718957231931,0.03606718957231931,0.02693893826366579,0.02693893826366579,0.0309630357039553,0.0309630357039553,0.029882979275880798,0.029882979275880798,0.03606718957231931,0.03606718957231931,0.02693893826366579,0.02693893826366579,0.0309630357039553,0.0309630357039553,0.00016951366584786834
delta_elevators,XGBoost,952,0.00020807751953127272,0.013166452370370747,0.013166452370370747,0.0014758086044479298,0.0014758086044479298,0.0012816171041675317,0.0012816171041675317,0.0010127813825760311,0.0010127813825760311,0.0012567356970638308,0.0012567356970638308,0.029350158658921488,0.029350158658921488,0.026679586179157277,0.026679586179157277,0.02645954809238657,0.02645954809238657,0.02749643097682178,0.02749643097682178,0.029350158658921488,0.029350158658921488,0.026679586179157277,0.026679586179157277,0.02645954809238657,0.02645954809238657,0.02749643097682178,0.02749643097682178,0.00013329166661909161
eeg-eye-state,CatBoost,1498,0.0006470860356479212,0.010574178733270599,0.010574178733270599,0.00082657109823846,0.00082657109823846,0.0008610832120864433,0.0008610832120864433,0.0003660236969170246,0.0003660236969170246,0.0006845593357473092,0.0006845593357473092,0.013411345882386965,0.013411345882386965,0.013840736021521197,0.013840736021521197,0.009128017353110005,0.009128017353110005,0.01212669975233939,0.01212669975233939,0.013411345882386965,0.013411345882386965,0.013840736021521197,0.013840736021521197,0.009128017353110005,0.009128017353110005,0.01212669975233939,0.01212669975233939,0.00015190266640274785
eeg-eye-state,ExtraTrees,1498,0.025988050043628134,0.1408774455347409,0.1408774455347409,0.02580634519172343,0.02580634519172343,0.02526063102112387,0.02526063102112387,0.02453526046538142,0.02453526046538142,0.02520074555940957,0.02520074555940957,0.14113039647643075,0.14113039647643075,0.13518024065801612,0.13518024065801612,0.1364574992801691,0.1364574992801691,0.137589378804872,0.137589378804872,0.14113039647643075,0.14113039647643075,0.13518024065801612,0.13518024065801612,0.1364574992801691,0.1364574992801691,0.137589378804872,0.137589378804872,0.0001604583339940291
eeg-eye-state,LightGBM,1498,0.0003252814603870711,0.007621748294114375,0.007621748294114375,0.0004883207890109916,0.0004883207890109916,0.0006796206625176215,0.0006796206625176215,0.0009714402268358839,0.0009714402268358839,0.000713127226121499,0.000713127226121499,0.009602666554909052,0.009602666554909052,0.011330683110402359,0.011330683110402359,0.01340786424074663,0.01340786424074663,0.011447071302019348,0.011447071302019348,0.009602666554909052,0.009602666554909052,0.011330683110402359,0.011330683110402359,0.01340786424074663,0.01340786424074663,0.011447071302019348,0.011447071302019348,0.00015991666684082398
eeg-eye-state,LinearModel,1498,0.001906843841220247,0.034798441667082375,0.034798441667082375,0.002750415184384132,0.002750415184384132,0.0034507966011183785,0.0034507966011183785,0.0013920282784842528,0.0013920282784842528,0.002531080021328921,0.002531080021328921,0.038068901966307286,0.038068901966307286,0.04449313011104975,0.04449313011104975,0.030961487302991805,0.030961487302991805,0.03784117312678295,0.03784117312678295,0.038068901966307286,0.038068901966307286,0.04449313011104975,0.04449313011104975,0.030961487302991805,0.030961487302991805,0.03784117312678295,0.03784117312678295,0.00016756933352250294
eeg-eye-state,NeuralNetFastAI,1498,0.00014542071119450184,0.008729747439853074,0.008729747439853074,0.003033925126929889,0.003033925126929889,0.0014091024358223812,0.0014091024358223812,0.002234474054688354,0.002234474054688354,0.0022258338724802083,0.0022258338724802083,0.04562200772332322,0.04562200772332322,0.03060988714646183,0.03060988714646183,0.03641184918596116,0.03641184918596116,0.037547914685248734,0.037547914685248734,0.04562200772332322,0.04562200772332322,0.03060988714646183,0.03060988714646183,0.03641184918596116,0.03641184918596116,0.037547914685248734,0.037547914685248734,0.0001609720008370156
eeg-eye-state,NeuralNetTorch,1498,0.00032580937256434893,0.00407839503036282,0.00407839503036282,0.00015361432724400907,0.00015361432724400907,9.896208974226228e-05,9.896208974226228e-05,0.00040052613983633203,0.00040052613983633203,0.00021770085227420114,0.00021770085227420114,0.004170213194478311,0.004170213194478311,0.0049494347624713265,0.0049494347624713265,0.005996371143930361,0.005996371143930361,0.005038673033626666,0.005038673033626666,0.004170213194478311,0.004170213194478311,0.0049494347624713265,0.0049494347624713265,0.005996371143930361,0.005996371143930361,0.005038673033626666,0.005038673033626666,0.0001546386665722821
eeg-eye-state,RandomForest,1498,0.02405895088331239,0.1358734397884756,0.1358734397884756,0.02607106752718753,0.02607106752718753,0.024231325009764933,0.024231325009764933,0.02196484175364548,0.02196484175364548,0.024089078096865984,0.024089078096865984,0.13860480676688633,0.13860480676688633,0.13459946631294772,0.13459946631294772,0.12792389888971675,0.12792389888971675,0.13370939065651696,0.13370939065651696,0.13860480676688633,0.13860480676688633,0.13459946631294772,0.13459946631294772,0.12792389888971675,0.12792389888971675,0.13370939065651696,0.13370939065651696,0.00015365299987024628
eeg-eye-state,XGBoost,1498,0.0003079101549047496,0.00688104010978535,0.00688104010978535,0.0005122187795865158,0.0005122187795865158,0.0006621716467954101,0.0006621716467954101,0.0009069171907849435,0.0009069171907849435,0.0006937692057222898,0.0006937692057222898,0.012369651931162464,0.012369651931162464,0.013305556824848377,0.013305556824848377,0.013120819670865423,0.013120819670865423,0.012932009475625422,0.012932009475625422,0.012369651931162464,0.012369651931162464,0.013305556824848377,0.013305556824848377,0.013120819670865423,0.013120819670865423,0.012932009475625422,0.012932009475625422,0.00015531933361974856
electricity,CatBoost,4532,0.00010843761911822794,0.004937411736887804,0.004937411736887804,6.905913261743578e-05,6.905913261743578e-05,0.00018763658828566427,0.00018763658828566427,8.71672944081643e-05,8.71672944081643e-05,0.00011462100510375478,0.00011462100510375478,0.005117371346282706,0.005117371346282706,0.007953045552939075,0.007953045552939075,0.005926181400945103,0.005926181400945103,0.006332199433388961,0.006332199433388961,0.005117371346282706,0.005117371346282706,0.007953045552939075,0.007953045552939075,0.005926181400945103,0.005926181400945103,0.006332199433388961,0.006332199433388961,0.000327611000102479
electricity,ExtraTrees,4532,0.007086258880093106,0.06942670523509689,0.06942670523509689,0.007381546960364931,0.007381546960364931,0.007768571861540669,0.007768571861540669,0.006275727905791041,0.006275727905791041,0.007141948909232213,0.007141948909232213,0.07118269977180759,0.07118269977180759,0.07360988423782702,0.07360988423782702,0.06478375890684732,0.06478375890684732,0.06985878097216065,0.06985878097216065,0.07118269977180759,0.07118269977180759,0.07360988423782702,0.07360988423782702,0.06478375890684732,0.06478375890684732,0.06985878097216065,0.06985878097216065,0.00032915299986295093
electricity,LightGBM,4532,0.00012710323371788613,0.005676105174072797,0.005676105174072797,0.00019794108605899964,0.00019794108605899964,7.023726210243074e-05,7.023726210243074e-05,5.913899005903065e-05,5.913899005903065e-05,0.00010910577940682035,0.00010910577940682035,0.008397702905486361,0.008397702905486361,0.005137567788327626,0.005137567788327626,0.00472400278682537,0.00472400278682537,0.006086424493546453,0.006086424493546453,0.008397702905486361,0.008397702905486361,0.005137567788327626,0.005137567788327626,0.00472400278682537,0.00472400278682537,0.006086424493546453,0.006086424493546453,0.00035994433346786536
electricity,LinearModel,4532,0.0004035558214285251,0.017008395915046364,0.017008395915046364,0.0013355732429790063,0.0013355732429790063,0.0007803369321824696,0.0007803369321824696,0.0007068955245049309,0.0007068955245049309,0.0009409352332221356,0.0009409352332221356,0.031602365326757274,0.031602365326757274,0.019927494912905092,0.019927494912905092,0.02048426274147691,0.02048426274147691,0.02400470766037976,0.02400470766037976,0.031602365326757274,0.031602365326757274,0.019927494912905092,0.019927494912905092,0.02048426274147691,0.02048426274147691,0.02400470766037976,0.02400470766037976,0.0003562776667725605
electricity,NeuralNetFastAI,4532,0.00033354277197180797,0.012777430792358987,0.012777430792358987,0.0005718820833407615,0.0005718820833407615,0.000648799791992954,0.000648799791992954,0.0006480569495065288,0.0006480569495065288,0.0006229129416134147,0.0006229129416134147,0.016048807417843067,0.016048807417843067,0.017146703520484672,0.017146703520484672,0.01772539387361792,0.01772539387361792,0.01697363493731522,0.01697363493731522,0.016048807417843067,0.016048807417843067,0.017146703520484672,0.017146703520484672,0.01772539387361792,0.01772539387361792,0.01697363493731522,0.01697363493731522,0.00035643033334054053
electricity,NeuralNetTorch,4532,0.0002008343004878142,0.012690960519868476,0.012690960519868476,0.0005451914493945495,0.0005451914493945495,0.00042507535321416963,0.00042507535321416963,0.0005314965518595146,0.0005314965518595146,0.0005005877848227445,0.0005005877848227445,0.01815314215024604,0.01815314215024604,0.015210922589554698,0.015210922589554698,0.016490150376547233,0.016490150376547233,0.016618071705449322,0.016618071705449322,0.01815314215024604,0.01815314215024604,0.015210922589554698,0.015210922589554698,0.016490150376547233,0.016490150376547233,0.016618071705449322,0.016618071705449322,0.00034988900006283075
electricity,RandomForest,4532,0.004441776453166886,0.0496580173616181,0.0496580173616181,0.003924358580696695,0.003924358580696695,0.004269789810754605,0.004269789810754605,0.0037037160910210233,0.0037037160910210233,0.0039659548274907745,0.0039659548274907745,0.047119740501645406,0.047119740501645406,0.049370402454921365,0.049370402454921365,0.044957339789431505,0.044957339789431505,0.047149160915332756,0.047149160915332756,0.047119740501645406,0.047119740501645406,0.049370402454921365,0.049370402454921365,0.044957339789431505,0.044957339789431505,0.047149160915332756,0.047149160915332756,0.00033626399939142476
electricity,XGBoost,4532,4.8861021365858896e-05,0.0031008525334646356,0.0031008525334646356,0.00020157434399798685,0.00020157434399798685,2.7175630010498723e-05,2.7175630010498723e-05,3.51153340583216e-05,3.51153340583216e-05,8.795510268893572e-05,8.795510268893572e-05,0.007999452843951623,0.007999452843951623,0.0033443352287644977,0.0033443352287644977,0.003668059474877585,0.003668059474877585,0.005003949182531235,0.005003949182531235,0.007999452843951623,0.007999452843951623,0.0033443352287644977,0.0033443352287644977,0.003668059474877585,0.003668059474877585,0.005003949182531235,0.005003949182531235,0.0003334863334506129
fried,CatBoost,4077,0.001154454166467346,0.022346031385042747,0.022346031385042747,0.001068496959879256,0.001068496959879256,0.0014836523145418939,0.0014836523145418939,0.0015524120594317436,0.0015524120594317436,0.0013681871112842978,0.0013681871112842978,0.021928863955791852,0.021928863955791852,0.025117483038450676,0.025117483038450676,0.025840009481031177,0.025840009481031177,0.024295452158424564,0.024295452158424564,0.021928863955791852,0.021928863955791852,0.025117483038450676,0.025117483038450676,0.025840009481031177,0.025840009481031177,0.024295452158424564,0.024295452158424564,0.00029773633286822587
fried,ExtraTrees,4077,0.006903059541016786,0.06332892553083012,0.06332892553083012,0.00718846409451948,0.00718846409451948,0.0060603341164386015,0.0060603341164386015,0.006798190256836331,0.006798190256836331,0.006682329489264804,0.006682329489264804,0.064912107567421,0.064912107567421,0.06074237492086715,0.06074237492086715,0.06200310605163977,0.06200310605163977,0.06255252951330931,0.06255252951330931,0.064912107567421,0.064912107567421,0.06074237492086715,0.06074237492086715,0.06200310605163977,0.06200310605163977,0.06255252951330931,0.06255252951330931,0.0002935833338900314
fried,LightGBM,4077,0.00026798282706437396,0.010261553242490265,0.010261553242490265,0.0004167419856738706,0.0004167419856738706,0.000552861747445843,0.000552861747445843,0.0003193580023769031,0.0003193580023769031,0.00042965391183220555,0.00042965391183220555,0.012447036454297353,0.012447036454297353,0.013769675539282456,0.013769675539282456,0.011923532255295901,0.011923532255295901,0.012713414749625236,0.012713414749625236,0.012447036454297353,0.012447036454297353,0.013769675539282456,0.013769675539282456,0.011923532255295901,0.011923532255295901,0.012713414749625236,0.012713414749625236,0.0002957640002326419
fried,LinearModel,4077,0.001254826499521398,0.029152005908696158,0.029152005908696158,0.0015154471065397938,0.0015154471065397938,0.0013931537588562843,0.0013931537588562843,0.0021118565950910533,0.0021118565950910533,0.0016734858201623772,0.0016734858201623772,0.032537578524585546,0.032537578524585546,0.026871321846326186,0.026871321846326186,0.03622252509321123,0.03622252509321123,0.03187714182137432,0.03187714182137432,0.032537578524585546,0.032537578524585546,0.026871321846326186,0.026871321846326186,0.03622252509321123,0.03622252509321123,0.03187714182137432,0.03187714182137432,0.00030468066567361046
fried,NeuralNetFastAI,4077,0.00012129928235200947,0.007206099160809135,0.007206099160809135,0.00019423953150323446,0.00019423953150323446,0.00016469111889072516,0.00016469111889072516,0.00021640414446844617,0.00021640414446844617,0.00019177826495413524,0.00019177826495413524,0.008759050167666888,0.008759050167666888,0.007926169393381062,0.007926169393381062,0.009273899875093337,0.009273899875093337,0.008653039812047096,0.008653039812047096,0.008759050167666888,0.008759050167666888,0.007926169393381062,0.007926169393381062,0.009273899875093337,0.009273899875093337,0.008653039812047096,0.008653039812047096,0.0002949443332909141
fried,NeuralNetTorch,4077,0.0007219724496050008,0.01778407569967757,0.01778407569967757,0.0009463891018273992,0.0009463891018273992,0.0008976813790235881,0.0008976813790235881,0.0013331194099391911,0.0013331194099391911,0.0010590632969300594,0.0010590632969300594,0.018324354352157006,0.018324354352157006,0.017835105626814195,0.017835105626814195,0.022048362431591112,0.022048362431591112,0.019402607470187436,0.019402607470187436,0.018324354352157006,0.018324354352157006,0.017835105626814195,0.017835105626814195,0.022048362431591112,0.022048362431591112,0.019402607470187436,0.019402607470187436,0.0003360693323581169
fried,RandomForest,4077,0.0036032137281073865,0.04565656378096693,0.04565656378096693,0.0031932795185105538,0.0031932795185105538,0.0034460551035370582,0.0034460551035370582,0.004026409194965527,0.004026409194965527,0.00355524793900438,0.00355524793900438,0.04322702740298374,0.04322702740298374,0.04481299912145913,0.04481299912145913,0.045925089703695035,0.045925089703695035,0.04465503874271263,0.04465503874271263,0.04322702740298374,0.04322702740298374,0.04481299912145913,0.04481299912145913,0.045925089703695035,0.045925089703695035,0.04465503874271263,0.04465503874271263,0.0003095416674720279
fried,XGBoost,4077,0.0002778545380507471,0.010808944365157695,0.010808944365157695,0.00039781110581850384,0.00039781110581850384,0.0008455799607995186,0.0008455799607995186,0.00034361974246927744,0.00034361974246927744,0.0005290036030291,0.0005290036030291,0.013623269264527985,0.013623269264527985,0.01724787598841486,0.01724787598841486,0.012377608592180837,0.012377608592180837,0.014416251281707893,0.014416251281707893,0.013623269264527985,0.013623269264527985,0.01724787598841486,0.01724787598841486,0.012377608592180837,0.012377608592180837,0.014416251281707893,0.014416251281707893,0.00030698599948664196
houses,CatBoost,2064,1.4204701228638996e-05,0.001192008610834639,0.001192008610834639,9.826689850712165e-05,9.826689850712165e-05,6.210302230338318e-06,6.210302230338318e-06,2.173089340132231e-05,2.173089340132231e-05,4.206936471292742e-05,4.206936471292742e-05,0.0034532684657694913,0.0034532684657694913,0.0012604971580497276,0.0012604971580497276,0.0024389530908451957,0.0024389530908451957,0.0023842395715548046,0.0023842395715548046,0.0034532684657694913,0.0034532684657694913,0.0012604971580497276,0.0012604971580497276,0.0024389530908451957,0.0024389530908451957,0.0023842395715548046,0.0023842395715548046,0.00022513866618586084
houses,ExtraTrees,2064,0.00037951987919955944,0.007923446218264624,0.007923446218264624,1.9503019159764645e-05,1.9503019159764645e-05,0.00010290426083396428,0.00010290426083396428,1.3982106749005312e-05,1.3982106749005312e-05,4.5463128914244746e-05,4.5463128914244746e-05,0.003420542380068629,0.003420542380068629,0.007877906680182947,0.007877906680182947,0.0027680875947374145,0.0027680875947374145,0.004688845551662997,0.004688845551662997,0.003420542380068629,0.003420542380068629,0.007877906680182947,0.007877906680182947,0.0027680875947374145,0.0027680875947374145,0.004688845551662997,0.004688845551662997,0.00015762500091417073
houses,LightGBM,2064,1.3250593926179e-05,0.000957850827254587,0.000957850827254587,7.611137728441026e-05,7.611137728441026e-05,1.493077549306078e-05,1.493077549306078e-05,8.064186862191566e-06,8.064186862191566e-06,3.30354465465542e-05,3.30354465465542e-05,0.0033548639092139698,0.0033548639092139698,0.0019258429550190641,0.0019258429550190641,0.0014548128495320703,0.0014548128495320703,0.0022451732379217015,0.0022451732379217015,0.0033548639092139698,0.0033548639092139698,0.0019258429550190641,0.0019258429550190641,0.0014548128495320703,0.0014548128495320703,0.0022451732379217015,0.0022451732379217015,0.0001835276658918398
houses,LinearModel,2064,0.001905403901629658,0.018221830937356798,0.018221830937356798,0.0011630157016177937,0.0011630157016177937,0.0006299543482190567,0.0006299543482190567,0.0007896567669745009,0.0007896567669745009,0.0008608756056037838,0.0008608756056037838,0.019176102662348322,0.019176102662348322,0.01433114142203825,0.01433114142203825,0.014504707895123075,0.014504707895123075,0.016003983993169883,0.016003983993169883,0.019176102662348322,0.019176102662348322,0.01433114142203825,0.01433114142203825,0.014504707895123075,0.014504707895123075,0.016003983993169883,0.016003983993169883,0.00018622233255882747
houses,NeuralNetFastAI,2064,5.755704362879802e-05,0.0019120419770464242,0.0019120419770464242,0.00011601371200075855,0.00011601371200075855,1.9889606855199903e-05,1.9889606855199903e-05,2.092843996871006e-05,2.092843996871006e-05,5.227725294155617e-05,5.227725294155617e-05,0.004341798776416465,0.004341798776416465,0.002086991230923414,0.002086991230923414,0.0015807301566441118,0.0015807301566441118,0.0026698400546613303,0.0026698400546613303,0.004341798776416465,0.004341798776416465,0.002086991230923414,0.002086991230923414,0.0015807301566441118,0.0015807301566441118,0.0026698400546613303,0.0026698400546613303,0.00019088900080532767
houses,NeuralNetTorch,2064,0.000413800447970954,0.006170077965516859,0.006170077965516859,7.212096904154742e-05,7.212096904154742e-05,0.000138235333264461,0.000138235333264461,9.509331322431323e-05,9.509331322431323e-05,0.00010181653851010722,0.00010181653851010722,0.0034958101941087367,0.0034958101941087367,0.004820949641096404,0.004820949641096404,0.003622096380097825,0.003622096380097825,0.003979618738434322,0.003979618738434322,0.0034958101941087367,0.0034958101941087367,0.004820949641096404,0.004820949641096404,0.003622096380097825,0.003622096380097825,0.003979618738434322,0.003979618738434322,0.00019515266709883386
houses,RandomForest,2064,0.0002291509747290798,0.005750992408290283,0.005750992408290283,0.00016352054780204898,0.00016352054780204898,8.088166045407567e-05,8.088166045407567e-05,2.7223282120795048e-05,2.7223282120795048e-05,9.05418301256399e-05,9.05418301256399e-05,0.005766484512231864,0.005766484512231864,0.004237487920638465,0.004237487920638465,0.002783999548545437,0.002783999548545437,0.004262657327138589,0.004262657327138589,0.005766484512231864,0.005766484512231864,0.004237487920638465,0.004237487920638465,0.002783999548545437,0.002783999548545437,0.004262657327138589,0.004262657327138589,0.00017505533348109262
houses,XGBoost,2064,1.4119616642225715e-05,0.001111732412486931,0.001111732412486931,2.561022123396405e-05,2.561022123396405e-05,2.40855566331739e-05,2.40855566331739e-05,9.453243547276751e-06,9.453243547276751e-06,1.9716340471471568e-05,1.9716340471471568e-05,0.0021666987248398365,0.0021666987248398365,0.0021413456119537214,0.0021413456119537214,0.0013320508530285226,0.0013320508530285226,0.0018800317299406935,0.0018800317299406935,0.0021666987248398365,0.0021666987248398365,0.0021413456119537214,0.0021413456119537214,0.0013320508530285226,0.0013320508530285226,0.0018800317299406935,0.0018800317299406935,0.0001851806664490141
jm1,CatBoost,1089,0.0004593651716264114,0.016492085288474602,0.016492085288474602,0.0025529696646015266,0.0025529696646015266,0.0013644239574004979,0.0013644239574004979,0.0017402458601605728,0.0017402458601605728,0.0018858798273875324,0.0018858798273875324,0.03256134050526238,0.03256134050526238,0.030596033970186537,0.030596033970186537,0.03396367078477686,0.03396367078477686,0.032373681753408594,0.032373681753408594,0.03256134050526238,0.03256134050526238,0.030596033970186537,0.030596033970186537,0.03396367078477686,0.03396367078477686,0.032373681753408594,0.032373681753408594,0.00016181966687630242
jm1,ExtraTrees,1089,0.0010491897673640903,0.02842682492911783,0.02842682492911783,0.002002458221586636,0.002002458221586636,0.002458894503098342,0.002458894503098342,0.0016366545648130763,0.0016366545648130763,0.0020326690964993514,0.0020326690964993514,0.03668019470624683,0.03668019470624683,0.0374086209286036,0.0374086209286036,0.0317418036116625,0.0317418036116625,0.03527687308217097,0.03527687308217097,0.03668019470624683,0.03668019470624683,0.0374086209286036,0.0374086209286036,0.0317418036116625,0.0317418036116625,0.03527687308217097,0.03527687308217097,0.00013912500071455725
jm1,LightGBM,1089,0.0002128138158242075,0.013651963000085728,0.013651963000085728,0.003126785306185608,0.003126785306185608,0.0015735497912333627,0.0015735497912333627,0.0015197905177147775,0.0015197905177147775,0.0020733752050445826,0.0020733752050445826,0.03874977309978589,0.03874977309978589,0.034589138295915395,0.034589138295915395,0.0304304414434757,0.0304304414434757,0.034589784279725665,0.034589784279725665,0.03874977309978589,0.03874977309978589,0.034589138295915395,0.034589138295915395,0.0304304414434757,0.0304304414434757,0.034589784279725665,0.034589784279725665,0.0001337916667883595
jm1,LinearModel,1089,0.0004755464473911734,0.01843881275491144,0.01843881275491144,0.0023618839001107936,0.0023618839001107936,0.0027533105561931225,0.0027533105561931225,0.0016825976247000036,0.0016825976247000036,0.0022659306936679735,0.0022659306936679735,0.03544259370074593,0.03544259370074593,0.03706391553648494,0.03706391553648494,0.030425761422677743,0.030425761422677743,0.03431075688663621,0.03431075688663621,0.03544259370074593,0.03544259370074593,0.03706391553648494,0.03706391553648494,0.030425761422677743,0.030425761422677743,0.03431075688663621,0.03431075688663621,0.00013520833332828866
jm1,NeuralNetFastAI,1089,0.0008481313064926765,0.019026765100404797,0.019026765100404797,0.0027055174612631893,0.0027055174612631893,0.0011226973728488954,0.0011226973728488954,0.0008228598919930742,0.0008228598919930742,0.0015503582420350532,0.0015503582420350532,0.0330369560333624,0.0330369560333624,0.029569112631612906,0.029569112631612906,0.022391787123814216,0.022391787123814216,0.028332618596263178,0.028332618596263178,0.0330369560333624,0.0330369560333624,0.029569112631612906,0.029569112631612906,0.022391787123814216,0.022391787123814216,0.028332618596263178,0.028332618596263178,0.00013063900041743182
jm1,NeuralNetTorch,1089,0.0005744025831623151,0.021173878675078694,0.021173878675078694,0.002813407177990275,0.002813407177990275,0.0023115028089293476,0.0023115028089293476,0.0013099677130845532,0.0013099677130845532,0.0021449592333347253,0.0021449592333347253,0.04005811409169554,0.04005811409169554,0.034752432170133324,0.034752432170133324,0.028955823187250224,0.028955823187250224,0.0345887898163597,0.0345887898163597,0.04005811409169554,0.04005811409169554,0.034752432170133324,0.034752432170133324,0.028955823187250224,0.028955823187250224,0.0345887898163597,0.0345887898163597,0.0001353196676063817
jm1,RandomForest,1089,0.0009024565193582983,0.02430348862947116,0.02430348862947116,0.0038269552543087003,0.0038269552543087003,0.0017432871577252006,0.0017432871577252006,0.0010437188735602334,0.0010437188735602334,0.0022046537618647115,0.0022046537618647115,0.04560269014739891,0.04560269014739891,0.03384665370771502,0.03384665370771502,0.024798703584911968,0.024798703584911968,0.0347493491466753,0.0347493491466753,0.04560269014739891,0.04560269014739891,0.03384665370771502,0.03384665370771502,0.024798703584911968,0.024798703584911968,0.0347493491466753,0.0347493491466753,0.00014973600021524666
jm1,XGBoost,1089,0.00032598756892539385,0.015437645146655752,0.015437645146655752,0.002934532726192987,0.002934532726192987,0.002033877981090202,0.002033877981090202,0.0012338545434103039,0.0012338545434103039,0.0020674217502311644,0.0020674217502311644,0.04015657448879452,0.04015657448879452,0.037235322927489975,0.037235322927489975,0.029682596348383435,0.029682596348383435,0.03569149792155598,0.03569149792155598,0.04015657448879452,0.04015657448879452,0.037235322927489975,0.037235322927489975,0.029682596348383435,0.029682596348383435,0.03569149792155598,0.03569149792155598,0.00013681966690152572
kdd_internet_usage,CatBoost,1011,0.00011989314943202964,0.008030440630033128,0.008030440630033128,0.0024149498156991137,0.0024149498156991137,0.0010770174917033462,0.0010770174917033462,0.0008268252155116515,0.0008268252155116515,0.0014395975076380372,0.0014395975076380372,0.028362948699526373,0.028362948699526373,0.02300660386481198,0.02300660386481198,0.023263976949407104,0.023263976949407104,0.024877843171248484,0.024877843171248484,0.028362948699526373,0.028362948699526373,0.02300660386481198,0.02300660386481198,0.023263976949407104,0.023263976949407104,0.024877843171248484,0.024877843171248484,0.00012998600019879328
kdd_internet_usage,ExtraTrees,1011,0.002305234841809879,0.034895905272840685,0.034895905272840685,0.002060810812751723,0.002060810812751723,0.0030709889919683852,0.0030709889919683852,0.005738495997890609,0.005738495997890609,0.003623431934203572,0.003623431934203572,0.03268742641675251,0.03268742641675251,0.03616633555102776,0.03616633555102776,0.05474017441333361,0.05474017441333361,0.041197978793704626,0.041197978793704626,0.03268742641675251,0.03268742641675251,0.03616633555102776,0.03616633555102776,0.05474017441333361,0.05474017441333361,0.041197978793704626,0.041197978793704626,0.00013126400032585175
kdd_internet_usage,LightGBM,1011,0.00019709012292062653,0.011555293486926854,0.011555293486926854,0.00178279956464383,0.00178279956464383,0.0010796698754277074,0.0010796698754277074,0.000676010375250522,0.000676010375250522,0.00117949327177402,0.00117949327177402,0.02588164947906732,0.02588164947906732,0.022837817168248314,0.022837817168248314,0.01960614877573327,0.01960614877573327,0.022775205141016303,0.022775205141016303,0.02588164947906732,0.02588164947906732,0.022837817168248314,0.022837817168248314,0.01960614877573327,0.01960614877573327,0.022775205141016303,0.022775205141016303,0.00017283333363593556
kdd_internet_usage,LinearModel,1011,0.0005205022132861698,0.013718643449135908,0.013718643449135908,0.0003427287133884814,0.0003427287133884814,0.0021542307221119016,0.0021542307221119016,0.0015330188526736254,0.0015330188526736254,0.001343326096058003,0.001343326096058003,0.014295183744633861,0.014295183744633861,0.026924265495370168,0.026924265495370168,0.028090994562576462,0.028090994562576462,0.02310348126752683,0.02310348126752683,0.014295183744633861,0.014295183744633861,0.026924265495370168,0.026924265495370168,0.028090994562576462,0.028090994562576462,0.02310348126752683,0.02310348126752683,0.00013122233334191455
kdd_internet_usage,NeuralNetFastAI,1011,0.0006063670016805417,0.013139750460642008,0.013139750460642008,0.001106643428397148,0.001106643428397148,0.0011328087464140574,0.0011328087464140574,0.0007253537197482726,0.0007253537197482726,0.000988268631519826,0.000988268631519826,0.01989886005978817,0.01989886005978817,0.020899971163947727,0.020899971163947727,0.018812955844789033,0.018812955844789033,0.019870595689508313,0.019870595689508313,0.01989886005978817,0.01989886005978817,0.020899971163947727,0.020899971163947727,0.018812955844789033,0.018812955844789033,0.019870595689508313,0.019870595689508313,0.00012477799949313825
kdd_internet_usage,NeuralNetTorch,1011,0.0004818589126725466,0.01775397100298975,0.01775397100298975,0.0003471082822091723,0.0003471082822091723,0.0016644129626834808,0.0016644129626834808,0.0008128097063293598,0.0008128097063293598,0.0009414436504073376,0.0009414436504073376,0.01562637980621121,0.01562637980621121,0.029626259925470314,0.029626259925470314,0.02010355638934283,0.02010355638934283,0.02178539870700812,0.02178539870700812,0.01562637980621121,0.01562637980621121,0.029626259925470314,0.029626259925470314,0.02010355638934283,0.02010355638934283,0.02178539870700812,0.02178539870700812,0.00012326400004288493
kdd_internet_usage,RandomForest,1011,0.0014103647049324539,0.026669656403356303,0.026669656403356303,0.001155934613361299,0.001155934613361299,0.0014012820160363307,0.0014012820160363307,0.0032643765146135972,0.0032643765146135972,0.0019405310480037422,0.0019405310480037422,0.02394756871106567,0.02394756871106567,0.025668188004107816,0.025668188004107816,0.03739289053276819,0.03739289053276819,0.02900288241598056,0.02900288241598056,0.02394756871106567,0.02394756871106567,0.025668188004107816,0.025668188004107816,0.03739289053276819,0.03739289053276819,0.02900288241598056,0.02900288241598056,0.0001220833340388102
kdd_internet_usage,XGBoost,1011,0.0002602774634580257,0.011638285660769415,0.011638285660769415,0.0015263009338650512,0.0015263009338650512,0.0018020983687425326,0.0018020983687425326,0.0021252131906856126,0.0021252131906856126,0.0018178708310977322,0.0018178708310977322,0.023446984428697755,0.023446984428697755,0.026974420100851226,0.026974420100851226,0.03110475150044292,0.03110475150044292,0.027175385343330635,0.027175385343330635,0.023446984428697755,0.023446984428697755,0.026974420100851226,0.026974420100851226,0.03110475150044292,0.03110475150044292,0.027175385343330635,0.027175385343330635,0.00013822233328634562
kick,CatBoost,7299,0.0003284324724235084,0.01568537063988908,0.01568537063988908,0.00025275222635104795,0.00025275222635104795,0.0003723270218600043,0.0003723270218600043,0.0003222534164962254,0.0003222534164962254,0.00031577755490242587,0.00031577755490242587,0.013845278986916352,0.013845278986916352,0.018015426575134896,0.018015426575134896,0.015594380427730438,0.015594380427730438,0.015818361996593897,0.015818361996593897,0.013845278986916352,0.013845278986916352,0.018015426575134896,0.018015426575134896,0.015594380427730438,0.015594380427730438,0.015818361996593897,0.015818361996593897,0.0005491526656745312
kick,ExtraTrees,7299,0.0007693803283363651,0.022206391086151307,0.022206391086151307,0.0006117924568958125,0.0006117924568958125,0.0008609140344144725,0.0008609140344144725,0.00037277916222408335,0.00037277916222408335,0.0006151618845114561,0.0006151618845114561,0.022443228478881815,0.022443228478881815,0.025387964532750645,0.025387964532750645,0.016566783293313663,0.016566783293313663,0.021465992101648707,0.021465992101648707,0.022443228478881815,0.022443228478881815,0.025387964532750645,0.025387964532750645,0.016566783293313663,0.016566783293313663,0.021465992101648707,0.021465992101648707,0.0005385140005576735
kick,LightGBM,7299,0.000758403691047608,0.0190159195066514,0.0190159195066514,0.0005393507153645298,0.0005393507153645298,0.0006003622425367155,0.0006003622425367155,0.00042843824238639536,0.00042843824238639536,0.000522717066762547,0.000522717066762547,0.018264259331722998,0.018264259331722998,0.01781583478514033,0.01781583478514033,0.01726324976240579,0.01726324976240579,0.01778111462642304,0.01778111462642304,0.018264259331722998,0.018264259331722998,0.01781583478514033,0.01781583478514033,0.01726324976240579,0.01726324976240579,0.01778111462642304,0.01778111462642304,0.000547875000241523
kick,LinearModel,7299,0.0005939979673438714,0.01760061161563192,0.01760061161563192,0.0003807512299672608,0.0003807512299672608,0.000503464796815001,0.000503464796815001,0.00034931726069508263,0.00034931726069508263,0.00041117776249244823,0.00041117776249244823,0.015470817912104445,0.015470817912104445,0.01663846724083478,0.01663846724083478,0.015933909306955582,0.015933909306955582,0.01601439815329827,0.01601439815329827,0.015470817912104445,0.015470817912104445,0.01663846724083478,0.01663846724083478,0.015933909306955582,0.015933909306955582,0.01601439815329827,0.01601439815329827,0.0005513750002137385
kick,NeuralNetFastAI,7299,0.0005771733416787403,0.017684241476468614,0.017684241476468614,0.0004083620899118641,0.0004083620899118641,0.00039063596000811783,0.00039063596000811783,0.00045770695380145497,0.00045770695380145497,0.0004189016679071456,0.0004189016679071456,0.015828442026709556,0.015828442026709556,0.01651174191109646,0.01651174191109646,0.017439912771710427,0.017439912771710427,0.016593365569838814,0.016593365569838814,0.015828442026709556,0.015828442026709556,0.01651174191109646,0.01651174191109646,0.017439912771710427,0.017439912771710427,0.016593365569838814,0.016593365569838814,0.0005390833333270469
kick,NeuralNetTorch,7299,0.00023458592068901205,0.013487245802634747,0.013487245802634747,0.0004827451072704087,0.0004827451072704087,0.00036688924072989193,0.00036688924072989193,0.0003286782725781145,0.0003286782725781145,0.0003927708735261383,0.0003927708735261383,0.01795190160645315,0.01795190160645315,0.016021730068116385,0.016021730068116385,0.015957193673867904,0.015957193673867904,0.01664360844947915,0.01664360844947915,0.01795190160645315,0.01795190160645315,0.016021730068116385,0.016021730068116385,0.015957193673867904,0.015957193673867904,0.01664360844947915,0.01664360844947915,0.0005447499994867636
kick,RandomForest,7299,0.002828115379297646,0.03225391854775516,0.03225391854775516,0.0015654195333596717,0.0015654195333596717,0.0020562569545332313,0.0020562569545332313,0.0017390920444230683,0.0017390920444230683,0.0017869228441053236,0.0017869228441053236,0.031583527185270105,0.031583527185270105,0.03596768939927203,0.03596768939927203,0.030898501839332314,0.030898501839332314,0.032816572807958154,0.032816572807958154,0.031583527185270105,0.031583527185270105,0.03596768939927203,0.03596768939927203,0.030898501839332314,0.030898501839332314,0.032816572807958154,0.032816572807958154,0.0005205140005273279
kick,XGBoost,7299,0.00046227426086040705,0.018060586153021627,0.018060586153021627,0.0003820270736056083,0.0003820270736056083,0.00044996294135437155,0.00044996294135437155,0.0002898044214570088,0.0002898044214570088,0.0003739314788056629,0.0003739314788056629,0.015271509873523444,0.015271509873523444,0.018421978622869904,0.018421978622869904,0.013679614702347078,0.013679614702347078,0.015791034399580142,0.015791034399580142,0.015271509873523444,0.015271509873523444,0.018421978622869904,0.018421978622869904,0.013679614702347078,0.013679614702347078,0.015791034399580142,0.015791034399580142,0.0005594583332519202
mammography,CatBoost,1119,0.0003067871709737866,0.002987250300573251,0.002987250300573251,4.12377752847119e-05,4.12377752847119e-05,2.5253298845274777e-05,2.5253298845274777e-05,0.00023909624247678215,0.00023909624247678215,0.00010186243886892294,0.00010186243886892294,0.0031744337093568935,0.0031744337093568935,0.003190408176539367,0.003190408176539367,0.006778598023950502,0.006778598023950502,0.004381146636615587,0.004381146636615587,0.0031744337093568935,0.0031744337093568935,0.003190408176539367,0.003190408176539367,0.006778598023950502,0.006778598023950502,0.004381146636615587,0.004381146636615587,0.00013944433279296695
mammography,ExtraTrees,1119,0.0009083719555935277,0.00982183899564482,0.00982183899564482,0.0001599039170727459,0.0001599039170727459,0.0001294253440120606,0.0001294253440120606,0.00010927395393985768,0.00010927395393985768,0.00013286773834155473,0.00013286773834155473,0.007259576027203816,0.007259576027203816,0.006604118099216079,0.006604118099216079,0.006854736917279794,0.006854736917279794,0.0069061436812332296,0.0069061436812332296,0.007259576027203816,0.007259576027203816,0.006604118099216079,0.006604118099216079,0.006854736917279794,0.006854736917279794,0.0069061436812332296,0.0069061436812332296,0.00013147233403287828
mammography,LightGBM,1119,0.00031100477806888605,0.004549416189807716,0.004549416189807716,9.151475015256156e-05,9.151475015256156e-05,1.6601718204884934e-05,1.6601718204884934e-05,6.171438849119645e-05,6.171438849119645e-05,5.6610285616214316e-05,5.6610285616214316e-05,0.005677324449651816,0.005677324449651816,0.0024910109674007074,0.0024910109674007074,0.005113240539273572,0.005113240539273572,0.004427191985442031,0.004427191985442031,0.005677324449651816,0.005677324449651816,0.0024910109674007074,0.0024910109674007074,0.005113240539273572,0.005113240539273572,0.004427191985442031,0.004427191985442031,0.00013300000015685023
mammography,LinearModel,1119,0.00047097862035540007,0.0075422727862264815,0.0075422727862264815,7.623946256340488e-05,7.623946256340488e-05,0.0001472142956295131,0.0001472142956295131,0.000264362003021728,0.000264362003021728,0.00016260525373821533,0.00016260525373821533,0.004433662982948932,0.004433662982948932,0.007616183543113458,0.007616183543113458,0.00852118423810508,0.00852118423810508,0.00685701025472249,0.00685701025472249,0.004433662982948932,0.004433662982948932,0.007616183543113458,0.007616183543113458,0.00852118423810508,0.00852118423810508,0.00685701025472249,0.00685701025472249,0.00013683333236258477
mammography,NeuralNetFastAI,1119,0.00021599745896071988,0.0038140064351425873,0.0038140064351425873,3.193979976103189e-05,3.193979976103189e-05,5.1485872312708455e-05,5.1485872312708455e-05,4.985434854642841e-05,4.985434854642841e-05,4.4426673540056246e-05,4.4426673540056246e-05,0.0035053399612191617,0.0035053399612191617,0.004516489056023743,0.004516489056023743,0.004141111281039435,0.004141111281039435,0.00405431343276078,0.00405431343276078,0.0035053399612191617,0.0035053399612191617,0.004516489056023743,0.004516489056023743,0.004141111281039435,0.004141111281039435,0.00405431343276078,0.00405431343276078,0.00014468033380884057
mammography,NeuralNetTorch,1119,0.0002914973659975757,0.004787277400137917,0.004787277400137917,0.00021560916993759954,0.00021560916993759954,0.0001622767680635433,0.0001622767680635433,3.491678579228895e-05,3.491678579228895e-05,0.00013760090793114393,0.00013760090793114393,0.006389653186781868,0.006389653186781868,0.006297871632109799,0.006297871632109799,0.0038308934506133666,0.0038308934506133666,0.005506139423168345,0.005506139423168345,0.006389653186781868,0.006389653186781868,0.006297871632109799,0.006297871632109799,0.0038308934506133666,0.0038308934506133666,0.005506139423168345,0.005506139423168345,0.00013294433301780373
mammography,RandomForest,1119,0.0009077515840056415,0.010416327105699756,0.010416327105699756,0.0001609615746547635,0.0001609615746547635,0.00021978759047915758,0.00021978759047915758,8.858282712224712e-05,8.858282712224712e-05,0.00015644399741872273,0.00015644399741872273,0.007247551529124244,0.007247551529124244,0.008129941766490154,0.008129941766490154,0.00596597425889925,0.00596597425889925,0.007114489184837883,0.007114489184837883,0.007247551529124244,0.007247551529124244,0.008129941766490154,0.008129941766490154,0.00596597425889925,0.00596597425889925,0.007114489184837883,0.007114489184837883,0.00017188866695505567
mammography,XGBoost,1119,0.00038680258371852957,0.004986199969852342,0.004986199969852342,0.00014675751118712382,0.00014675751118712382,2.5882302977688975e-05,2.5882302977688975e-05,0.00024032443240950158,0.00024032443240950158,0.0001376547488581048,0.0001376547488581048,0.0066256990354658825,0.0066256990354658825,0.0038969053666172266,0.0038969053666172266,0.008029662721161583,0.008029662721161583,0.006184089041081565,0.006184089041081565,0.0066256990354658825,0.0066256990354658825,0.0038969053666172266,0.0038969053666172266,0.008029662721161583,0.008029662721161583,0.006184089041081565,0.006184089041081565,0.00012980566680198535
mc1,CatBoost,947,8.474567040156436e-05,0.001448690264707574,0.001448690264707574,1.2312549832616e-05,1.2312549832616e-05,0.00046512078390198935,0.00046512078390198935,2.4234710301542727e-05,2.4234710301542727e-05,0.00016722268134538272,0.00016722268134538272,0.0015651638711615316,0.0015651638711615316,0.00754772433131533,0.00754772433131533,0.002114067745274287,0.002114067745274287,0.0037423186492503827,0.0037423186492503827,0.0015651638711615316,0.0015651638711615316,0.00754772433131533,0.00754772433131533,0.002114067745274287,0.002114067745274287,0.0037423186492503827,0.0037423186492503827,0.00012795833390555345
mc1,ExtraTrees,947,0.00010842411057971378,0.00240776792749526,0.00240776792749526,0.00019579118411318624,0.00019579118411318624,0.0002151308190394344,0.0002151308190394344,0.00012196420445327878,0.00012196420445327878,0.00017762873586863313,0.00017762873586863313,0.004263669502797673,0.004263669502797673,0.00444048902212337,0.00444048902212337,0.004421610997858176,0.004421610997858176,0.004375256507593073,0.004375256507593073,0.004263669502797673,0.004263669502797673,0.00444048902212337,0.00444048902212337,0.004421610997858176,0.004421610997858176,0.004375256507593073,0.004375256507593073,0.0001440833329979796
mc1,LightGBM,947,9.440718488325625e-05,0.002233540501656573,0.002233540501656573,4.444731141575584e-05,4.444731141575584e-05,0.0004950574817325398,0.0004950574817325398,2.2850800664312008e-05,2.2850800664312008e-05,0.00018745186460420254,0.00018745186460420254,0.00274863565991433,0.00274863565991433,0.0075573558722319785,0.0075573558722319785,0.002643366640228621,0.002643366640228621,0.004316452724124976,0.004316452724124976,0.00274863565991433,0.00274863565991433,0.0075573558722319785,0.0075573558722319785,0.002643366640228621,0.002643366640228621,0.004316452724124976,0.004316452724124976,0.00012974999966293885
mc1,LinearModel,947,0.00014638436646146276,0.0026338506459625682,0.0026338506459625682,0.00018105563905599793,0.00018105563905599793,0.0001030585978744139,0.0001030585978744139,2.776227536992383e-05,2.776227536992383e-05,0.00010395883743344522,0.00010395883743344522,0.005825910258132793,0.005825910258132793,0.004044461073044437,0.004044461073044437,0.002661164318351362,0.002661164318351362,0.004177178549842864,0.004177178549842864,0.005825910258132793,0.005825910258132793,0.004044461073044437,0.004044461073044437,0.002661164318351362,0.002661164318351362,0.004177178549842864,0.004177178549842864,0.0001274999995075632
mc1,NeuralNetFastAI,947,0.0002510707807121435,0.0026250846864085877,0.0026250846864085877,7.808958191618661e-05,7.808958191618661e-05,0.0001501508791680042,0.0001501508791680042,0.00016781184848442543,0.00016781184848442543,0.00013201743652287208,0.00013201743652287208,0.0036050426164972458,0.0036050426164972458,0.005143772055706508,0.005143772055706508,0.00492693707740275,0.00492693707740275,0.004558583916535502,0.004558583916535502,0.0036050426164972458,0.0036050426164972458,0.005143772055706508,0.005143772055706508,0.00492693707740275,0.00492693707740275,0.004558583916535502,0.004558583916535502,0.000124291665997589
mc1,NeuralNetTorch,947,0.00010110961490308469,0.002626690070216347,0.002626690070216347,0.0003101832140321669,0.0003101832140321669,0.0003880832495039477,0.0003880832495039477,0.00011114287858073082,0.00011114287858073082,0.00026980311403894847,0.00026980311403894847,0.0060198801941671026,0.0060198801941671026,0.006726683178205834,0.006726683178205834,0.0043897989526907304,0.0043897989526907304,0.005712120775021222,0.005712120775021222,0.0060198801941671026,0.0060198801941671026,0.006726683178205834,0.006726683178205834,0.0043897989526907304,0.0043897989526907304,0.005712120775021222,0.005712120775021222,0.0001293473336166547
mc1,RandomForest,947,5.816639252468534e-05,0.002580967733421892,0.002580967733421892,0.0004214141311025601,0.0004214141311025601,0.00028726794180684287,0.00028726794180684287,0.0002818068262350583,0.0002818068262350583,0.0003301629663814871,0.0003301629663814871,0.006108112904205862,0.006108112904205862,0.006047120222952691,0.006047120222952691,0.0056305542854640026,0.0056305542854640026,0.005928595804207518,0.005928595804207518,0.006108112904205862,0.006108112904205862,0.006047120222952691,0.006047120222952691,0.0056305542854640026,0.0056305542854640026,0.005928595804207518,0.005928595804207518,0.0001144719996470182
mc1,XGBoost,947,6.719166348136656e-05,0.0017722229712900024,0.0017722229712900024,2.7689681444814224e-05,2.7689681444814224e-05,0.000393258656104075,0.000393258656104075,4.305214398043505e-05,4.305214398043505e-05,0.00015466682717644144,0.00015466682717644144,0.002583041346072364,0.002583041346072364,0.007018114893511331,0.007018114893511331,0.0035355140232808547,0.0035355140232808547,0.004378890087621517,0.004378890087621517,0.002583041346072364,0.002583041346072364,0.007018114893511331,0.007018114893511331,0.0035355140232808547,0.0035355140232808547,0.004378890087621517,0.004378890087621517,0.00011962500017640802
mozilla4,CatBoost,1555,0.00010475732649914228,0.004283992180305419,0.004283992180305419,0.00016087256774240764,0.00016087256774240764,4.965166077170036e-05,4.965166077170036e-05,0.00014167441253187208,0.00014167441253187208,0.00011739954701532668,0.00011739954701532668,0.008770631373536343,0.008770631373536343,0.0044017508961707585,0.0044017508961707585,0.007802099331353755,0.007802099331353755,0.006991493867020286,0.006991493867020286,0.008770631373536343,0.008770631373536343,0.0044017508961707585,0.0044017508961707585,0.007802099331353755,0.007802099331353755,0.006991493867020286,0.006991493867020286,0.00016031933409976773
mozilla4,ExtraTrees,1555,0.0009227105781339121,0.019337496672612108,0.019337496672612108,0.0009331723617800448,0.0009331723617800448,0.0005942762692600834,0.0005942762692600834,0.0009135199024701666,0.0009135199024701666,0.000813656177836765,0.000813656177836765,0.019262595802030456,0.019262595802030456,0.015974277182754675,0.015974277182754675,0.02028295842547363,0.02028295842547363,0.018506610470086254,0.018506610470086254,0.019262595802030456,0.019262595802030456,0.015974277182754675,0.015974277182754675,0.02028295842547363,0.02028295842547363,0.018506610470086254,0.018506610470086254,0.00015301366753798598
mozilla4,LightGBM,1555,0.000159472009788727,0.00936400598354699,0.00936400598354699,0.00026775043664770034,0.00026775043664770034,0.00035137167289881496,0.00035137167289881496,0.00013899889798677802,0.00013899889798677802,0.00025270700251109774,0.00025270700251109774,0.01224078557205497,0.01224078557205497,0.014548496955592424,0.014548496955592424,0.009021833757914806,0.009021833757914806,0.011937038761854068,0.011937038761854068,0.01224078557205497,0.01224078557205497,0.014548496955592424,0.014548496955592424,0.009021833757914806,0.009021833757914806,0.011937038761854068,0.011937038761854068,0.00015918066613570167
mozilla4,LinearModel,1555,0.00220445800765884,0.015876230313230686,0.015876230313230686,0.0008482599261513583,0.0008482599261513583,0.0008944759373627521,0.0008944759373627521,0.001633583704394639,0.001633583704394639,0.0011254398559695832,0.0011254398559695832,0.022251859644718083,0.022251859644718083,0.018434976977667224,0.018434976977667224,0.02595371791990775,0.02595371791990775,0.022213518180764353,0.022213518180764353,0.022251859644718083,0.022251859644718083,0.018434976977667224,0.018434976977667224,0.02595371791990775,0.02595371791990775,0.022213518180764353,0.022213518180764353,0.00016011133266147226
mozilla4,NeuralNetFastAI,1555,0.0010055261190156874,0.020562476577339065,0.020562476577339065,0.0012863609953784611,0.0012863609953784611,0.0026302205930016694,0.0026302205930016694,0.001417333012017385,0.001417333012017385,0.0017779715334658387,0.0017779715334658387,0.02622261217816274,0.02622261217816274,0.035988596540507414,0.035988596540507414,0.023647807465440963,0.023647807465440963,0.028619672061370376,0.028619672061370376,0.02622261217816274,0.02622261217816274,0.035988596540507414,0.035988596540507414,0.023647807465440963,0.023647807465440963,0.028619672061370376,0.028619672061370376,0.00015243033340084367
mozilla4,NeuralNetTorch,1555,0.0007979974933060649,0.013448329768381714,0.013448329768381714,0.0019652566234243402,0.0019652566234243402,0.0012830630208739483,0.0012830630208739483,0.00035289494710858023,0.00035289494710858023,0.0012004048638022896,0.0012004048638022896,0.022503955253021273,0.022503955253021273,0.022584911393153096,0.022584911393153096,0.012794417802114343,0.012794417802114343,0.019294428149429572,0.019294428149429572,0.022503955253021273,0.022503955253021273,0.022584911393153096,0.022584911393153096,0.012794417802114343,0.012794417802114343,0.019294428149429572,0.019294428149429572,0.0001610276655507429
mozilla4,RandomForest,1555,0.0006578447157407265,0.014748294860964668,0.014748294860964668,0.0008269031240879052,0.0008269031240879052,0.0006497339891595563,0.0006497339891595563,0.0010538053450501238,0.0010538053450501238,0.0008434808194325285,0.0008434808194325285,0.01633226054921217,0.01633226054921217,0.015466238298360559,0.015466238298360559,0.021459805966621413,0.021459805966621413,0.01775276827139805,0.01775276827139805,0.01633226054921217,0.01633226054921217,0.015466238298360559,0.015466238298360559,0.021459805966621413,0.021459805966621413,0.01775276827139805,0.01775276827139805,0.0001709723328531254
mozilla4,XGBoost,1555,0.00013384213959910505,0.004527395625543843,0.004527395625543843,0.0003288468950890643,0.0003288468950890643,0.0001457102082186799,0.0001457102082186799,0.00021538056643660993,0.00021538056643660993,0.00022997922324811805,0.00022997922324811805,0.011807735379425192,0.011807735379425192,0.007124069333207492,0.007124069333207492,0.010259783742451524,0.010259783742451524,0.00973052948502807,0.00973052948502807,0.011807735379425192,0.011807735379425192,0.007124069333207492,0.007124069333207492,0.010259783742451524,0.010259783742451524,0.00973052948502807,0.00973052948502807,0.00015662499936297536
nomao,CatBoost,3447,0.00014470361669024728,0.003625955038653568,0.003625955038653568,0.00018741067652925948,0.00018741067652925948,0.0003199248310584589,0.0003199248310584589,0.00020146977520921132,0.00020146977520921132,0.00023626842759897658,0.00023626842759897658,0.005687847159261085,0.005687847159261085,0.007508606392286234,0.007508606392286234,0.006379468372486273,0.006379468372486273,0.006525307308011197,0.006525307308011197,0.005687847159261085,0.005687847159261085,0.007508606392286234,0.007508606392286234,0.006379468372486273,0.006379468372486273,0.006525307308011197,0.006525307308011197,0.00027044433348540525
nomao,ExtraTrees,3447,0.0017768789407561548,0.022720582999909377,0.022720582999909377,0.0015093824513851934,0.0015093824513851934,0.0008548282494213946,0.0008548282494213946,0.0012508986062835226,0.0012508986062835226,0.0012050364356967034,0.0012050364356967034,0.021403762652539564,0.021403762652539564,0.017740674426442535,0.017740674426442535,0.019663118614245384,0.019663118614245384,0.01960251856440916,0.01960251856440916,0.021403762652539564,0.021403762652539564,0.017740674426442535,0.017740674426442535,0.019663118614245384,0.019663118614245384,0.01960251856440916,0.01960251856440916,0.0002454443335106286
nomao,LightGBM,3447,2.7357595544002276e-05,0.002103834546971972,0.002103834546971972,0.0003118988124193514,0.0003118988124193514,0.0003673274338257013,0.0003673274338257013,0.0001478405004233972,0.0001478405004233972,0.00027568891555615,0.00027568891555615,0.007395791278675886,0.007395791278675886,0.008559602439516114,0.008559602439516114,0.004982957491409811,0.004982957491409811,0.006979450403200604,0.006979450403200604,0.007395791278675886,0.007395791278675886,0.008559602439516114,0.008559602439516114,0.004982957491409811,0.004982957491409811,0.006979450403200604,0.006979450403200604,0.0002758886657829862
nomao,LinearModel,3447,7.56566533120852e-05,0.004612081453781588,0.004612081453781588,0.00011810448186634188,0.00011810448186634188,0.00045036131289817306,0.00045036131289817306,6.537371479087756e-05,6.537371479087756e-05,0.00021127983651846415,0.00021127983651846415,0.006389144845938776,0.006389144845938776,0.010310661126312059,0.010310661126312059,0.004578045582118013,0.004578045582118013,0.007092617184789616,0.007092617184789616,0.006389144845938776,0.006389144845938776,0.010310661126312059,0.010310661126312059,0.004578045582118013,0.004578045582118013,0.007092617184789616,0.007092617184789616,0.00033855566774339724
nomao,NeuralNetFastAI,3447,8.557584359431473e-05,0.004501180151485815,0.004501180151485815,0.0004107407776328037,0.0004107407776328037,0.00010471974320950983,0.00010471974320950983,0.00019377436087822706,0.00019377436087822706,0.0002364116272401802,0.0002364116272401802,0.007935565772467191,0.007935565772467191,0.006196416327165688,0.006196416327165688,0.00722904173412297,0.00722904173412297,0.007120341277918617,0.007120341277918617,0.007935565772467191,0.007935565772467191,0.006196416327165688,0.006196416327165688,0.00722904173412297,0.00722904173412297,0.007120341277918617,0.007120341277918617,0.00028959733390365727
nomao,NeuralNetTorch,3447,9.360997247336185e-05,0.00656317371732796,0.00656317371732796,0.00013166313841676404,0.00013166313841676404,7.859634065020527e-05,7.859634065020527e-05,0.00012827083134242672,0.00012827083134242672,0.00011284343680313203,0.00011284343680313203,0.008200131821094064,0.008200131821094064,0.005782463090615311,0.005782463090615311,0.008045274112279023,0.008045274112279023,0.007342623007996134,0.007342623007996134,0.008200131821094064,0.008200131821094064,0.005782463090615311,0.005782463090615311,0.008045274112279023,0.008045274112279023,0.007342623007996134,0.007342623007996134,0.0004936803331171783
nomao,RandomForest,3447,0.00211467999050397,0.025183486880836287,0.025183486880836287,0.0018157317009770179,0.0018157317009770179,0.0013138598790635903,0.0013138598790635903,0.001780598366929583,0.001780598366929583,0.001636729982323397,0.001636729982323397,0.021896082304865477,0.021896082304865477,0.020238817521660853,0.020238817521660853,0.02226956889967068,0.02226956889967068,0.02146815624206567,0.02146815624206567,0.021896082304865477,0.021896082304865477,0.020238817521660853,0.020238817521660853,0.02226956889967068,0.02226956889967068,0.02146815624206567,0.02146815624206567,0.0002987499998804803
nomao,XGBoost,3447,9.556992200958155e-06,0.0014441128888325516,0.0014441128888325516,0.00011254092365896716,0.00011254092365896716,7.86055835843301e-05,7.86055835843301e-05,1.961387851578506e-05,1.961387851578506e-05,7.02534619196941e-05,7.02534619196941e-05,0.004837225530006568,0.004837225530006568,0.004406458166511453,0.004406458166511453,0.0022934429228457917,0.0022934429228457917,0.003845708873121271,0.003845708873121271,0.004837225530006568,0.004837225530006568,0.004406458166511453,0.004406458166511453,0.0022934429228457917,0.0022934429228457917,0.003845708873121271,0.003845708873121271,0.0003326249995249479
numerai28_6,CatBoost,9632,0.00035483117713662227,0.011971280148927357,0.011971280148927357,0.0006153380398963745,0.0006153380398963745,0.0008005910213177947,0.0008005910213177947,0.00033127273098776513,0.00033127273098776513,0.0005824005974006447,0.0005824005974006447,0.01985140478987234,0.01985140478987234,0.023106753900399624,0.023106753900399624,0.012660759157714654,0.012660759157714654,0.018539639282662206,0.018539639282662206,0.01985140478987234,0.01985140478987234,0.023106753900399624,0.023106753900399624,0.012660759157714654,0.012660759157714654,0.018539639282662206,0.018539639282662206,0.0006961250001040753
numerai28_6,ExtraTrees,9632,0.0001826482708778305,0.01051235737656537,0.01051235737656537,0.0005876257878428691,0.0005876257878428691,0.000489748948226368,0.000489748948226368,0.0008564142790071297,0.0008564142790071297,0.0006445963383587889,0.0006445963383587889,0.019901644853113867,0.019901644853113867,0.018655145738855523,0.018655145738855523,0.018917578139475408,0.018917578139475408,0.0191581229104816,0.0191581229104816,0.019901644853113867,0.019901644853113867,0.018655145738855523,0.018655145738855523,0.018917578139475408,0.018917578139475408,0.0191581229104816,0.0191581229104816,0.0006789719991502352
numerai28_6,LightGBM,9632,0.0002515680942445501,0.011848843371823578,0.011848843371823578,0.0005029721603746076,0.0005029721603746076,0.0007903588127452663,0.0007903588127452663,0.000624854588240668,0.000624854588240668,0.0006393951871201806,0.0006393951871201806,0.01953158037817457,0.01953158037817457,0.022710360404091596,0.022710360404091596,0.022614336566399298,0.022614336566399298,0.02161875911622182,0.02161875911622182,0.01953158037817457,0.01953158037817457,0.022710360404091596,0.022710360404091596,0.022614336566399298,0.022614336566399298,0.02161875911622182,0.02161875911622182,0.0006848193334008101
numerai28_6,LinearModel,9632,0.0002761142419707706,0.01254462680633975,0.01254462680633975,0.000601394605463555,0.000601394605463555,0.000593832180875497,0.000593832180875497,0.0002445179799267689,0.0002445179799267689,0.000479914922088607,0.000479914922088607,0.019624917962869935,0.019624917962869935,0.021421408373553094,0.021421408373553094,0.012325081194556043,0.012325081194556043,0.017790469176993024,0.017790469176993024,0.019624917962869935,0.019624917962869935,0.021421408373553094,0.021421408373553094,0.012325081194556043,0.012325081194556043,0.017790469176993024,0.017790469176993024,0.0007918886670571131
numerai28_6,NeuralNetFastAI,9632,0.0002771364253259482,0.013133332572654633,0.013133332572654633,0.00039431353048030126,0.00039431353048030126,0.00044900599683732247,0.00044900599683732247,0.0006137446846697566,0.0006137446846697566,0.00048568807066246017,0.00048568807066246017,0.01698438865612214,0.01698438865612214,0.017659441085278567,0.017659441085278567,0.020414189392224304,0.020414189392224304,0.018352673044541672,0.018352673044541672,0.01698438865612214,0.01698438865612214,0.017659441085278567,0.017659441085278567,0.020414189392224304,0.020414189392224304,0.018352673044541672,0.018352673044541672,0.0007409306660216922
numerai28_6,NeuralNetTorch,9632,0.0002644595391366567,0.012526102667284567,0.012526102667284567,0.0005721510647056538,0.0005721510647056538,0.0005731892330539627,0.0005731892330539627,0.0005106467465851945,0.0005106467465851945,0.0005519956814482703,0.0005519956814482703,0.019342757547985888,0.019342757547985888,0.021265313119018005,0.021265313119018005,0.019638300601058815,0.019638300601058815,0.020082123756020902,0.020082123756020902,0.019342757547985888,0.019342757547985888,0.021265313119018005,0.021265313119018005,0.019638300601058815,0.019638300601058815,0.020082123756020902,0.020082123756020902,0.0006941249994270038
numerai28_6,RandomForest,9632,0.00012645464047984857,0.0071427804631400745,0.0071427804631400745,0.0003748615008561764,0.0003748615008561764,0.0005778455960888889,0.0005778455960888889,0.0004878634028732837,0.0004878634028732837,0.00048019016660611635,0.00048019016660611635,0.015662555545692222,0.015662555545692222,0.01661243470713644,0.01661243470713644,0.017227789018909624,0.017227789018909624,0.01650092642391276,0.01650092642391276,0.015662555545692222,0.015662555545692222,0.01661243470713644,0.01661243470713644,0.017227789018909624,0.017227789018909624,0.01650092642391276,0.01650092642391276,0.0007211109999237427
numerai28_6,XGBoost,9632,0.0003256287364334502,0.01252303114377482,0.01252303114377482,0.0006581265632282606,0.0006581265632282606,0.001079568742903962,0.001079568742903962,0.0007723412011774021,0.0007723412011774021,0.0008366788357698748,0.0008366788357698748,0.020480141789339868,0.020480141789339868,0.027942105920434574,0.027942105920434574,0.02142472876130644,0.02142472876130644,0.02328232549036029,0.02328232549036029,0.020480141789339868,0.020480141789339868,0.027942105920434574,0.027942105920434574,0.02142472876130644,0.02142472876130644,0.02328232549036029,0.02328232549036029,0.0007231390009110328
