dataset,model,test_size,true_brier,true_l1,true_l2,Quantile-IS_brier_draw0,Quantile-IS_brier_draw0_unclipped,Quantile-IS_brier_draw1,Quantile-IS_brier_draw1_unclipped,Quantile-IS_brier_draw2,Quantile-IS_brier_draw2_unclipped,Quantile-IS_brier,Quantile-IS_brier_unclipped,Quantile-IS_l1_draw0,Quantile-IS_l1_draw0_unclipped,Quantile-IS_l1_draw1,Quantile-IS_l1_draw1_unclipped,Quantile-IS_l1_draw2,Quantile-IS_l1_draw2_unclipped,Quantile-IS_l1,Quantile-IS_l1_unclipped,Quantile-IS_l2_draw0,Quantile-IS_l2_draw0_unclipped,Quantile-IS_l2_draw1,Quantile-IS_l2_draw1_unclipped,Quantile-IS_l2_draw2,Quantile-IS_l2_draw2_unclipped,Quantile-IS_l2,Quantile-IS_l2_unclipped,Quantile-IS_time
2dplanes,CatBoost,4077,0.0010357467002906422,0.016759806470045092,0.016759806470045092,0.0,-0.0003240388060930792,0.0,-0.0011701330052266256,0.0,-0.0014018365990301047,0.0,-0.0009653361367832698,0.009470447435319357,0.009470447435319357,0.006752154398544492,0.006752154398544492,0.0021335827552054197,0.0021335827552054197,0.006118728196356424,0.006118728196356424,0.009470447435319357,0.009470447435319357,0.006752154398544492,0.006752154398544492,0.0021335827552054197,0.0021335827552054197,0.006118728196356424,0.006118728196356424,0.0006962360009007776
2dplanes,ExtraTrees,4077,0.00060943821379165,0.013471089267672749,0.013471089267672749,0.0,-6.274689823287683e-05,0.0,-0.0004981171415362123,0.0,-0.0009491438420249761,0.0,-0.0005033359605980217,0.011121983596108553,0.011121983596108553,0.011375578493682686,0.011375578493682686,0.005762674567366736,0.005762674567366736,0.009420078885719324,0.009420078885719324,0.011121983596108553,0.011121983596108553,0.011375578493682686,0.011375578493682686,0.005762674567366736,0.005762674567366736,0.009420078885719324,0.009420078885719324,0.0006662500006010911
2dplanes,LightGBM,4077,0.0006452912859289947,0.014063984582822505,0.014063984582822505,0.0,-0.0003034299826740592,0.0,-0.0009202415371938747,0.0,-0.001610598509713045,0.0,-0.000944756676526993,0.008653411162670906,0.008653411162670906,0.009821314265281805,0.009821314265281805,0.0004870835554416307,0.0004870835554416307,0.00632060299446478,0.00632060299446478,0.008653411162670906,0.008653411162670906,0.009821314265281805,0.009821314265281805,0.0004870835554416307,0.0004870835554416307,0.00632060299446478,0.00632060299446478,0.000633722332471128
2dplanes,LinearModel,4077,0.006020850286611491,0.05546835795935246,0.05546835795935246,0.0011809715708416702,0.0011809715708416702,0.0008012740937257424,0.0008012740937257424,0.0006516675823771505,0.0006516675823771505,0.0008779710823148542,0.0008779710823148542,0.0226381395559752,0.0226381395559752,0.017202572814412304,0.017202572814412304,0.01848010186667113,0.01848010186667113,0.01944027141235288,0.01944027141235288,0.0226381395559752,0.0226381395559752,0.017202572814412304,0.017202572814412304,0.01848010186667113,0.01848010186667113,0.01944027141235288,0.01944027141235288,0.0006842223338026088
2dplanes,NeuralNetFastAI,4077,0.0003691270459463433,0.010036207619855754,0.010036207619855754,0.0,-0.0009775512256657915,0.0,-0.000783519460709013,0.0,-0.0010783412001036698,0.0,-0.0009464706288261582,0.002272121242322312,0.002272121242322312,0.010917855155762393,0.010917855155762393,0.004449846998086077,0.004449846998086077,0.0058799411320569275,0.0058799411320569275,0.002272121242322312,0.002272121242322312,0.010917855155762393,0.010917855155762393,0.004449846998086077,0.004449846998086077,0.0058799411320569275,0.0058799411320569275,0.0006382363341496481
2dplanes,NeuralNetTorch,4077,0.0003406932270880549,0.009938694772379074,0.009938694772379074,0.0004368317169573586,0.0004368317169573586,0.0,-0.000492087235862725,0.0003567280535304853,0.0003567280535304853,0.00026451992349594796,0.00010049084487503963,0.008178522667806538,0.008178522667806538,0.007008415430219621,0.007008415430219621,0.010725212702416706,0.010725212702416706,0.008637383600147623,0.008637383600147623,0.008178522667806538,0.008178522667806538,0.007008415430219621,0.007008415430219621,0.010725212702416706,0.010725212702416706,0.008637383600147623,0.008637383600147623,0.0006731666665776478
2dplanes,RandomForest,4077,0.000662710189717478,0.012572317079092885,0.012572317079092885,0.00018975719342273037,0.00018975719342273037,0.0,-0.0003115887512161725,0.0,-0.00022431676603313047,6.32523978075768e-05,-0.00011538277460885754,0.007679488663475551,0.007679488663475551,0.009290382071365904,0.009290382071365904,0.0060581399361678175,0.0060581399361678175,0.007676003557003091,0.007676003557003091,0.007679488663475551,0.007679488663475551,0.009290382071365904,0.009290382071365904,0.0060581399361678175,0.0060581399361678175,0.007676003557003091,0.007676003557003091,0.0006391109988423219
2dplanes,XGBoost,4077,0.0007391555875778144,0.013616694989012785,0.013616694989012785,0.0,-0.00040133908581755257,0.0,-0.0006688489361534716,0.0,-0.0007159310814144215,0.0,-0.0005953730344618152,0.008374371510554701,0.008374371510554701,0.010259810589057564,0.010259810589057564,0.00665715169445101,0.00665715169445101,0.008430444598021091,0.008430444598021091,0.008374371510554701,0.008374371510554701,0.010259810589057564,0.010259810589057564,0.00665715169445101,0.00665715169445101,0.008430444598021091,0.008430444598021091,0.0007427499998205652
APSFailure,CatBoost,7600,0.00023072929039153674,0.0018584471185175446,0.0018584471185175446,0.0,-0.008966563289239617,0.0,-0.00903827827718435,0.0,-0.009734450970692728,0.0,-0.009246430845705566,0.0007950395928736199,0.0007950395928736199,0.00030199712946293736,0.00030199712946293736,0.0,-0.000382896664380161,0.0003656789074455191,0.00023804668598546546,0.0007950395928736199,0.0007950395928736199,0.00030199712946293736,0.00030199712946293736,0.0,-0.000382896664380161,0.0003656789074455191,0.00023804668598546546,0.0012491389995072193
APSFailure,ExtraTrees,7600,0.0006226824370906533,0.0051914377608753915,0.0051914377608753915,0.0,-0.008371602057372264,0.0,-0.007760745532072,0.0,-0.00815527904267203,0.0,-0.008095875544038764,0.0,-0.005153929232426316,0.0,-0.004248697781228035,0.0,-0.004846591631482481,0.0,-0.004749739548378943,0.0,-0.005153929232426316,0.0,-0.004248697781228035,0.0,-0.004846591631482481,0.0,-0.004749739548378943,0.001009069665694066
APSFailure,LightGBM,7600,0.00045686417862927437,0.0026085678974425864,0.0026085678974425864,0.0,-0.009093437577429931,0.0,-0.008827199741081097,0.0,-0.009537455642049759,0.0,-0.009152697653520262,0.0,-5.3130364837766377e-05,0.0,-0.0003632403472609344,0.0,-0.0016268548782875912,0.0,-0.0006810751967954307,0.0,-5.3130364837766377e-05,0.0,-0.0003632403472609344,0.0,-0.0016268548782875912,0.0,-0.0006810751967954307,0.0012406526669413627
APSFailure,LinearModel,7600,0.0003803322741956466,0.0034943082985187082,0.0034943082985187082,0.0,-0.00638900808678407,0.0,-0.007819370243525208,0.0,-0.006913312448219993,0.0,-0.00704056359284309,0.0015307253107150734,0.0015307253107150734,0.0,-0.0007091013926044551,0.0,-0.0003761742063663168,0.0005102417702383578,0.00014848323724810051,0.0015307253107150734,0.0015307253107150734,0.0,-0.0007091013926044551,0.0,-0.0003761742063663168,0.0005102417702383578,0.00014848323724810051,0.0011745696671520516
APSFailure,NeuralNetFastAI,7600,0.0005370516703016731,0.002903728571302389,0.002903728571302389,0.0,-0.008205954853893018,0.0,-0.008010018049949191,0.0,-0.00808487779102575,0.0,-0.008100283564955986,0.0,-0.00038937364706271183,0.0,-0.0005865320213282949,0.0,-0.0016287595593183525,0.0,-0.0008682217425697863,0.0,-0.00038937364706271183,0.0,-0.0005865320213282949,0.0,-0.0016287595593183525,0.0,-0.0008682217425697863,0.0011397499996140443
APSFailure,NeuralNetTorch,7600,0.0003528082933513664,0.0026576990019937415,0.0026576990019937415,0.0,-0.006442956219142515,0.0,-0.007893955925694604,0.0,-0.007048599221857423,0.0,-0.007128503788898181,0.0007368200744409287,0.0007368200744409287,0.0,-0.0012037938760288038,0.0,-0.00014357918966604637,0.0002456066914803096,-0.00020351766375130716,0.0007368200744409287,0.0007368200744409287,0.0,-0.0012037938760288038,0.0,-0.00014357918966604637,0.0002456066914803096,-0.00020351766375130716,0.0011778890002460685
APSFailure,RandomForest,7600,0.0007705903281132056,0.0069554844467050935,0.0069554844467050935,0.0,-0.008872527240485895,0.0,-0.00861088349596603,0.0,-0.008904859876718836,0.0,-0.008796090204390254,0.0,-0.0034210526680353245,0.0,-0.0031280702168097426,0.0,-0.003654386006283427,0.0,-0.003401169630376165,0.0,-0.0034210526680353245,0.0,-0.0031280702168097426,0.0,-0.003654386006283427,0.0,-0.003401169630376165,0.000917416667410483
APSFailure,XGBoost,7600,0.0004522037960324727,0.00276524990062937,0.00276524990062937,0.0,-0.009633729177350316,0.0,-0.009418054940444408,0.0,-0.009739803701160718,0.0,-0.009597195939651814,5.761386602420029e-05,5.761386602420029e-05,0.0,-0.0003103608564388675,0.0,-0.0012644418632158992,1.920462200806676e-05,-0.0005057296178768555,5.761386602420029e-05,5.761386602420029e-05,0.0,-0.0003103608564388675,0.0,-0.0012644418632158992,1.920462200806676e-05,-0.0005057296178768555,0.0011408889998468414
Amazon_employee_access,CatBoost,3277,6.587767880525423e-05,0.007047274838570309,0.007047274838570309,0.0,-0.0038477759090853325,0.0,-0.0016348067027674518,0.0,-0.0035260390473529123,0.0,-0.003002873886401899,0.006048932397578379,0.006048932397578379,0.01014176738068466,0.01014176738068466,0.0061486723764862345,0.0061486723764862345,0.007446457384916425,0.007446457384916425,0.006048932397578379,0.006048932397578379,0.01014176738068466,0.01014176738068466,0.0061486723764862345,0.0061486723764862345,0.007446457384916425,0.007446457384916425,0.0005588473334986096
Amazon_employee_access,ExtraTrees,3277,0.0011848128098959204,0.021936008014946693,0.021936008014946693,0.0,-0.000830189027283623,0.0,-0.0017655625626430544,0.0,-0.0020226102666528927,0.0,-0.00153945395219319,0.02420407610493242,0.02420407610493242,0.021292702200247596,0.021292702200247596,0.018129683014711375,0.018129683014711375,0.021208820439963794,0.021208820439963794,0.02420407610493242,0.02420407610493242,0.021292702200247596,0.021292702200247596,0.018129683014711375,0.018129683014711375,0.021208820439963794,0.021208820439963794,0.0006047359990285864
Amazon_employee_access,LightGBM,3277,0.00011584613744030146,0.006122729817486624,0.006122729817486624,0.0,-0.00343499070276541,0.0,-0.002554026234583013,0.0,-0.0028226038428485153,0.0,-0.0029372069267323123,0.0007494786912833986,0.0007494786912833986,0.000966588600783367,0.000966588600783367,0.0041261399491625585,0.0041261399491625585,0.0019474024137431081,0.0019474024137431081,0.0007494786912833986,0.0007494786912833986,0.000966588600783367,0.000966588600783367,0.0041261399491625585,0.0041261399491625585,0.0019474024137431081,0.0019474024137431081,0.0006849446666213529
Amazon_employee_access,LinearModel,3277,0.000577567983805529,0.015529851627251633,0.015529851627251633,0.0,-0.0021366532243758487,7.470103584608542e-05,7.470103584608542e-05,0.0,-0.0008182483915115234,2.4900345282028472e-05,-0.0009600668600137622,0.013241191960468792,0.013241191960468792,0.021367267267548316,0.021367267267548316,0.016709228575702555,0.016709228575702555,0.01710589593457322,0.01710589593457322,0.013241191960468792,0.013241191960468792,0.021367267267548316,0.021367267267548316,0.016709228575702555,0.016709228575702555,0.01710589593457322,0.01710589593457322,0.0005970973325020168
Amazon_employee_access,NeuralNetFastAI,3277,0.0003750018116364677,0.009594039574861163,0.009594039574861163,0.0,-0.001972320283524553,0.0,-0.0020161357568398764,0.0,-0.0003833889387548744,0.0,-0.0014572816597064346,0.009105206240704048,0.009105206240704048,0.006750864533523906,0.006750864533523906,0.016496495876619284,0.016496495876619284,0.010784188883615745,0.010784188883615745,0.009105206240704048,0.009105206240704048,0.006750864533523906,0.006750864533523906,0.016496495876619284,0.016496495876619284,0.010784188883615745,0.010784188883615745,0.0006205416672552625
Amazon_employee_access,NeuralNetTorch,3277,0.001192830126488589,0.0172959970043751,0.0172959970043751,0.0,-0.000963126168946239,0.0,-0.0018811524273997361,0.0,-0.0013499673444594058,0.0,-0.0013980819802684602,0.009253310486969877,0.009253310486969877,0.01043303613714376,0.01043303613714376,0.015764279971407943,0.015764279971407943,0.011816875531840526,0.011816875531840526,0.009253310486969877,0.009253310486969877,0.01043303613714376,0.01043303613714376,0.015764279971407943,0.015764279971407943,0.011816875531840526,0.011816875531840526,0.0006441946667716062
Amazon_employee_access,RandomForest,3277,0.0010407990874690906,0.019401031244190358,0.019401031244190358,0.0,-0.0030408216473090726,0.0,-0.0024449483104269014,0.0,-0.002670791567895129,0.0,-0.002718853841877034,0.014136043138208642,0.014136043138208642,0.01574906232537458,0.01574906232537458,0.015506195897440522,0.015506195897440522,0.015130433787007916,0.015130433787007916,0.014136043138208642,0.014136043138208642,0.01574906232537458,0.01574906232537458,0.015506195897440522,0.015506195897440522,0.015130433787007916,0.015130433787007916,0.0005950970007688738
Amazon_employee_access,XGBoost,3277,6.127144786686918e-05,0.006959118745905035,0.006959118745905035,0.0,-0.003394709131777524,0.0,-0.002069569015251393,0.0,-0.004019512004746025,0.0,-0.003161263383924981,0.0067293881030845906,0.0067293881030845906,0.009354327112745505,0.009354327112745505,0.0036758185421998523,0.0036758185421998523,0.006586511252676649,0.006586511252676649,0.0067293881030845906,0.0067293881030845906,0.009354327112745505,0.009354327112745505,0.0036758185421998523,0.0036758185421998523,0.006586511252676649,0.006586511252676649,0.00056944466753824
Click_prediction_small,CatBoost,3995,0.00038633628898235186,0.01768859708588454,0.01768859708588454,0.0,-0.00036881716710673493,0.0,-0.0011483909380356977,0.0,-0.0003146436591615933,0.0,-0.0006106172547680086,0.01953271673479408,0.01953271673479408,0.018682920222563463,0.018682920222563463,0.015014179998680073,0.015014179998680073,0.017743272318679202,0.017743272318679202,0.01953271673479408,0.01953271673479408,0.018682920222563463,0.018682920222563463,0.015014179998680073,0.015014179998680073,0.017743272318679202,0.017743272318679202,0.0006492223328677937
Click_prediction_small,ExtraTrees,3995,0.0008215564260373532,0.023610837407146718,0.023610837407146718,0.00023336575193295836,0.00023336575193295836,0.0,-0.0007235154697987198,0.0004548078598911304,0.0004548078598911304,0.00022939120394136294,-1.1780619324877018e-05,0.029313409658736352,0.029313409658736352,0.0204149463077021,0.0204149463077021,0.0251094590487292,0.0251094590487292,0.024945938338389217,0.024945938338389217,0.029313409658736352,0.029313409658736352,0.0204149463077021,0.0204149463077021,0.0251094590487292,0.0251094590487292,0.024945938338389217,0.024945938338389217,0.0006918056666715225
Click_prediction_small,LightGBM,3995,0.0004458847215889114,0.01815457796381882,0.01815457796381882,0.0006946624458766873,0.0006946624458766873,0.0,-0.0017388595117252593,0.0,-0.0008518137347317414,0.00023155414862556243,-0.0006320036001934378,0.02888414351600636,0.02888414351600636,0.018619066029577254,0.018619066029577254,0.014923494205097941,0.014923494205097941,0.020808901250227184,0.020808901250227184,0.02888414351600636,0.02888414351600636,0.018619066029577254,0.018619066029577254,0.014923494205097941,0.014923494205097941,0.020808901250227184,0.020808901250227184,0.000757652667137639
Click_prediction_small,LinearModel,3995,0.003433357252839177,0.038138102764381475,0.038138102764381475,0.0029168824311814326,0.0029168824311814326,0.0021540781275104608,0.0021540781275104608,0.0016524322358132343,0.0016524322358132343,0.002241130931501709,0.002241130931501709,0.041694527574568915,0.041694527574568915,0.03642872500435003,0.03642872500435003,0.03742531813198563,0.03742531813198563,0.038516190236968194,0.038516190236968194,0.041694527574568915,0.041694527574568915,0.03642872500435003,0.03642872500435003,0.03742531813198563,0.03742531813198563,0.038516190236968194,0.038516190236968194,0.0006713056670074972
Click_prediction_small,NeuralNetFastAI,3995,0.0006152494557119272,0.02168230629401941,0.02168230629401941,0.0008801969526761105,0.0008801969526761105,0.0,-0.00041791689825925013,0.0,-0.0008973425895638037,0.00029339898422537015,-0.0001450208450489811,0.027476504316975424,0.027476504316975424,0.020121049202712852,0.020121049202712852,0.014388653689247086,0.014388653689247086,0.02066206906964512,0.02066206906964512,0.027476504316975424,0.027476504316975424,0.020121049202712852,0.020121049202712852,0.014388653689247086,0.014388653689247086,0.02066206906964512,0.02066206906964512,0.0006567359996552113
Click_prediction_small,NeuralNetTorch,3995,0.000906484864703196,0.025087184047802014,0.025087184047802014,0.0010393335729802229,0.0010393335729802229,0.0,-0.0003965795406359321,3.969481877087415e-05,3.969481877087415e-05,0.000359676130583699,0.00022748295037172166,0.02892404780431752,0.02892404780431752,0.022633901949988232,0.022633901949988232,0.018564236760943736,0.018564236760943736,0.023374062171749827,0.023374062171749827,0.02892404780431752,0.02892404780431752,0.022633901949988232,0.022633901949988232,0.018564236760943736,0.018564236760943736,0.023374062171749827,0.023374062171749827,0.0006817776666139252
Click_prediction_small,RandomForest,3995,0.0011413213978873715,0.02535429986824517,0.02535429986824517,0.0005709058692218551,0.0005709058692218551,0.0,-0.0003744267227519083,7.999618052837866e-05,7.999618052837866e-05,0.00021696734991674457,9.215844233277514e-05,0.02557395655596693,0.02557395655596693,0.024892585550544747,0.024892585550544747,0.020268097664271824,0.020268097664271824,0.023578213256927837,0.023578213256927837,0.02557395655596693,0.02557395655596693,0.024892585550544747,0.024892585550544747,0.020268097664271824,0.020268097664271824,0.023578213256927837,0.023578213256927837,0.0007346666667823835
Click_prediction_small,XGBoost,3995,0.00047790328474461684,0.018971117007725632,0.018971117007725632,0.00010007275790034407,0.00010007275790034407,0.0,-0.0017674143193518476,0.0,-0.000918462754372893,3.3357585966781356e-05,-0.0008619347719414656,0.022417262865397122,0.022417262865397122,0.013127325668036984,0.013127325668036984,0.015849707065148978,0.015849707065148978,0.01713143186619436,0.01713143186619436,0.022417262865397122,0.022417262865397122,0.013127325668036984,0.013127325668036984,0.015849707065148978,0.015849707065148978,0.01713143186619436,0.01713143186619436,0.0006676946662385793
PhishingWebsites,CatBoost,1106,0.00011501653449411958,0.003910267557744939,0.003910267557744939,0.0,-0.0032328743768599874,0.0,-0.0007579611539216418,0.0,-0.0029518874413435856,0.0,-0.002314240990708405,0.0020958629585016058,0.0020958629585016058,0.004108223489657966,0.004108223489657966,0.0010338766552583653,0.0010338766552583653,0.002412654367805979,0.002412654367805979,0.0020958629585016058,0.0020958629585016058,0.004108223489657966,0.004108223489657966,0.0010338766552583653,0.0010338766552583653,0.002412654367805979,0.002412654367805979,0.0002766526667983271
PhishingWebsites,ExtraTrees,1106,0.0066681586143801565,0.05625384704162044,0.05625384704162044,0.0023119937778926115,0.0023119937778926115,0.004529250449186735,0.004529250449186735,0.005135444454799131,0.005135444454799131,0.003992229560626159,0.003992229560626159,0.03947628053883259,0.03947628053883259,0.045805394462883224,0.045805394462883224,0.055107835109642865,0.055107835109642865,0.0467965033704529,0.0467965033704529,0.03947628053883259,0.03947628053883259,0.045805394462883224,0.045805394462883224,0.055107835109642865,0.055107835109642865,0.0467965033704529,0.0467965033704529,0.0003075833337788936
PhishingWebsites,LightGBM,1106,9.452185636811948e-05,0.0038107923112926127,0.0038107923112926127,0.0,-0.001743187162684515,0.0,-0.0005218213736014899,0.0,-0.0017398763913602285,0.0,-0.0013349616425487444,0.007261711903868279,0.007261711903868279,0.00680024277903407,0.00680024277903407,0.008714267288685282,0.008714267288685282,0.007592073990529209,0.007592073990529209,0.007261711903868279,0.007261711903868279,0.00680024277903407,0.00680024277903407,0.008714267288685282,0.008714267288685282,0.007592073990529209,0.007592073990529209,0.00026895833313271095
PhishingWebsites,LinearModel,1106,0.00021872736660312296,0.00902476140604523,0.00902476140604523,0.0,-0.0009157071795471286,0.0,-0.0007257136517365191,0.0007527967897184742,0.0007527967897184742,0.0002509322632394914,-0.0002962080138550578,0.005828937725103637,0.005828937725103637,0.006421572573853768,0.006421572573853768,0.02010574848347187,0.02010574848347187,0.010785419594143092,0.010785419594143092,0.005828937725103637,0.005828937725103637,0.006421572573853768,0.006421572573853768,0.02010574848347187,0.02010574848347187,0.010785419594143092,0.010785419594143092,0.000269805333421876
PhishingWebsites,NeuralNetFastAI,1106,4.744237505240245e-05,0.003141969719634052,0.003141969719634052,0.0,-0.00284792723977984,0.0,-0.002159532822722122,0.0,-0.0035771762408405607,0.0,-0.0028615454344475075,0.002050276885424643,0.002050276885424643,0.002838082375252833,0.002838082375252833,0.0010789889720871045,0.0010789889720871045,0.0019891160775881937,0.0019891160775881937,0.002050276885424643,0.002050276885424643,0.002838082375252833,0.002838082375252833,0.0010789889720871045,0.0010789889720871045,0.0019891160775881937,0.0019891160775881937,0.00027225000061055954
PhishingWebsites,NeuralNetTorch,1106,0.00011321565322257829,0.004358799474228134,0.004358799474228134,0.0,-0.003599561773794797,0.0,-0.0012937832352875205,0.0,-0.0015191430293260816,0.0,-0.0021374960128027996,0.0,-0.002151983206518044,0.007350341153360773,0.007350341153360773,0.006204648781262341,0.006204648781262341,0.004518329978207705,0.00380100224270169,0.0,-0.002151983206518044,0.007350341153360773,0.007350341153360773,0.006204648781262341,0.006204648781262341,0.004518329978207705,0.00380100224270169,0.00029600000076849636
PhishingWebsites,RandomForest,1106,0.005133421861791541,0.04618638428999584,0.04618638428999584,0.0010486464801440555,0.0010486464801440555,0.0019580801738024833,0.0019580801738024833,0.0014152709088233665,0.0014152709088233665,0.0014739991875899687,0.0014739991875899687,0.031090648422872073,0.031090648422872073,0.03917138430636065,0.03917138430636065,0.03724487304971328,0.03724487304971328,0.03583563525964867,0.03583563525964867,0.031090648422872073,0.031090648422872073,0.03917138430636065,0.03917138430636065,0.03724487304971328,0.03724487304971328,0.03583563525964867,0.03583563525964867,0.0002789303325698711
PhishingWebsites,XGBoost,1106,8.611671452407753e-05,0.0031778621042838112,0.0031778621042838112,0.0,-0.004311160015503931,0.0,-0.0018512595465590596,0.0,-0.0024696085854863208,0.0,-0.0028773427158497703,0.0016663751038324109,0.0016663751038324109,0.0031904152290215745,0.0031904152290215745,0.0027588569972304268,0.0027588569972304268,0.0025385491100281374,0.0025385491100281374,0.0016663751038324109,0.0016663751038324109,0.0031904152290215745,0.0031904152290215745,0.0027588569972304268,0.0027588569972304268,0.0025385491100281374,0.0025385491100281374,0.00028037500063267845
Run_or_walk_information,CatBoost,8859,0.00010483370935025374,0.001972443140557718,0.001972443140557718,0.0,-0.01245908433153415,0.0,-0.013228492933489626,0.0,-0.012607128998587673,0.0,-0.012764902087870483,0.001366559989014961,0.001366559989014961,0.0,-0.00040732374739293375,0.0006339047917567224,0.0006339047917567224,0.0006668215935905611,0.0005310470111262499,0.001366559989014961,0.001366559989014961,0.0,-0.00040732374739293375,0.0006339047917567224,0.0006339047917567224,0.0006668215935905611,0.0005310470111262499,0.0012569306660831596
Run_or_walk_information,ExtraTrees,8859,0.002147695508629922,0.02022570610150847,0.02022570610150847,0.0,-0.010222096610716727,0.0,-0.010144034695106366,0.0,-0.01056330215044757,0.0,-0.01030981115209022,0.0,-0.0001900154921263103,0.0,-0.00031945070228484214,0.0,-0.0020156541947733333,0.0,-0.0008417067963948285,0.0,-0.0001900154921263103,0.0,-0.00031945070228484214,0.0,-0.0020156541947733333,0.0,-0.0008417067963948285,0.0012100833337171935
Run_or_walk_information,LightGBM,8859,0.00010954628564335039,0.0022700646441504158,0.0022700646441504158,0.0,-0.013017342383151428,0.0,-0.01295292857702598,0.0,-0.013404115515014449,0.0,-0.013124795491730618,0.0,-0.0008455874436914115,0.0,-0.0012406123798606261,0.0,-0.0017419724624537067,0.0,-0.0012760574286685815,0.0,-0.0008455874436914115,0.0,-0.0012406123798606261,0.0,-0.0017419724624537067,0.0,-0.0012760574286685815,0.0013275973336324871
Run_or_walk_information,LinearModel,8859,0.046580505774797464,0.15507859029528043,0.15507859029528043,0.031143302838406422,0.031143302838406422,0.03294149967135277,0.03294149967135277,0.0334109568144294,0.0334109568144294,0.03249858644139619,0.03249858644139619,0.12338469474549403,0.12338469474549403,0.12695835711215614,0.12695835711215614,0.1401474125161919,0.1401474125161919,0.130163488124614,0.130163488124614,0.12338469474549403,0.12338469474549403,0.12695835711215614,0.12695835711215614,0.1401474125161919,0.1401474125161919,0.130163488124614,0.130163488124614,0.0013088473339545696
Run_or_walk_information,NeuralNetFastAI,8859,0.0001224129144028694,0.003099597334877249,0.003099597334877249,0.0,-0.010897246691295732,0.0,-0.01113552216715804,0.0,-0.011476112595494931,0.0,-0.011169627151316234,0.0,-0.0008973020326095449,0.0,-0.0009534581913379998,0.0,-0.0013381415125429878,0.0,-0.0010629672454968442,0.0,-0.0008973020326095449,0.0,-0.0009534581913379998,0.0,-0.0013381415125429878,0.0,-0.0010629672454968442,0.0012452083331785009
Run_or_walk_information,NeuralNetTorch,8859,7.932355281150218e-05,0.0019208274511967615,0.0019208274511967615,0.0,-0.010124914361396318,0.0,-0.011202881053733264,0.0,-0.01117662692510749,0.0,-0.01083480744674569,0.0016414250619682818,0.0016414250619682818,0.0,-0.0005713939955943072,0.0,-0.0006118305620261223,0.0005471416873227606,0.0001527335014492841,0.0016414250619682818,0.0016414250619682818,0.0,-0.0005713939955943072,0.0,-0.0006118305620261223,0.0005471416873227606,0.0001527335014492841,0.0012119446667687346
Run_or_walk_information,RandomForest,8859,0.0007853873470846317,0.010882730248931247,0.010882730248931247,0.0,-0.010583041492515623,0.0,-0.010974999057051295,0.0,-0.01053211392908604,0.0,-0.010696718159550986,0.0,-0.0017126585195067418,0.0,-0.0021621218963823645,0.0,-0.0017106036663338264,0.0,-0.001861794694074311,0.0,-0.0017126585195067418,0.0,-0.0021621218963823645,0.0,-0.0017106036663338264,0.0,-0.001861794694074311,0.0012732083329562254
Run_or_walk_information,XGBoost,8859,9.801705724564982e-06,0.0010685539641082551,0.0010685539641082551,0.0,-0.012179388311415216,0.0,-0.012672279123047213,0.0,-0.012013363318333456,0.0,-0.012288343584265296,0.0011878890095130099,0.0011878890095130099,0.0,-0.0011381465755904779,0.0006810473237220662,0.0006810473237220662,0.0006229787777450253,0.00024359658588153275,0.0011878890095130099,0.0011878890095130099,0.0,-0.0011381465755904779,0.0006810473237220662,0.0006810473237220662,0.0006229787777450253,0.00024359658588153275,0.0012451526660394545
adult,CatBoost,4885,0.0006152181577692995,0.01687512706217434,0.01687512706217434,7.08235151335466e-05,7.08235151335466e-05,0.0003153545610568219,0.0003153545610568219,0.0006941056401869687,0.0006941056401869687,0.0003600945721257791,0.0003600945721257791,0.017151134706844408,0.017151134706844408,0.02045126431915163,0.02045126431915163,0.016863455492860627,0.016863455492860627,0.018155284839618886,0.018155284839618886,0.017151134706844408,0.017151134706844408,0.02045126431915163,0.02045126431915163,0.016863455492860627,0.016863455492860627,0.018155284839618886,0.018155284839618886,0.0007730693323537707
adult,ExtraTrees,4885,0.0011370991685457355,0.025229521107036034,0.025229521107036034,0.0006657961272265633,0.0006657961272265633,0.0012442906881234947,0.0012442906881234947,0.00037095204301174724,0.00037095204301174724,0.0007603462861206018,0.0007603462861206018,0.024900709636145962,0.024900709636145962,0.028612773203370804,0.028612773203370804,0.020988671904743142,0.020988671904743142,0.024834051581419967,0.024834051581419967,0.024900709636145962,0.024900709636145962,0.028612773203370804,0.028612773203370804,0.020988671904743142,0.020988671904743142,0.024834051581419967,0.024834051581419967,0.0007827916657940174
adult,LightGBM,4885,0.0004237835510739854,0.013610577703054249,0.013610577703054249,0.0002352084731516214,0.0002352084731516214,0.0,-0.00032856552000582736,0.0,-0.00029393004772608087,7.84028243838738e-05,-0.00012909569819342896,0.015667413694791136,0.015667413694791136,0.011338666961822378,0.011338666961822378,0.007385900824809694,0.007385900824809694,0.01146399382714107,0.01146399382714107,0.015667413694791136,0.015667413694791136,0.011338666961822378,0.011338666961822378,0.007385900824809694,0.007385900824809694,0.01146399382714107,0.01146399382714107,0.0007629306674061809
adult,LinearModel,4885,0.00027479023834166164,0.01382074661413434,0.01382074661413434,0.0,-0.0003145988492026886,0.0,-0.00019360017054306515,0.0,-0.00017398048232375693,0.0,-0.00022739316735650354,0.01475400734619114,0.01475400734619114,0.010595836001326199,0.010595836001326199,0.012249435994155327,0.012249435994155327,0.012533093113890887,0.012533093113890887,0.01475400734619114,0.01475400734619114,0.010595836001326199,0.010595836001326199,0.012249435994155327,0.012249435994155327,0.012533093113890887,0.012533093113890887,0.000758402999053942
adult,NeuralNetFastAI,4885,0.0007270421928356895,0.019435569401433525,0.019435569401433525,0.00011031169291632692,0.00011031169291632692,0.00023635091198523548,0.00023635091198523548,0.00020305557803777783,0.00020305557803777783,0.0001832393943131134,0.0001832393943131134,0.01910526102793295,0.01910526102793295,0.01931990887481086,0.01931990887481086,0.015537501067687528,0.015537501067687528,0.017987556990143778,0.017987556990143778,0.01910526102793295,0.01910526102793295,0.01931990887481086,0.01931990887481086,0.015537501067687528,0.015537501067687528,0.017987556990143778,0.017987556990143778,0.0008655693333518381
adult,NeuralNetTorch,4885,0.0009504127682872356,0.020245912457373255,0.020245912457373255,9.80588037473211e-05,9.80588037473211e-05,0.0007669417159609802,0.0007669417159609802,0.00046909916176564656,0.00046909916176564656,0.0004446998938246493,0.0004446998938246493,0.013645742753187952,0.013645742753187952,0.020213722878143395,0.020213722878143395,0.020650968926975925,0.020650968926975925,0.01817014485276909,0.01817014485276909,0.013645742753187952,0.013645742753187952,0.020213722878143395,0.020213722878143395,0.020650968926975925,0.020650968926975925,0.01817014485276909,0.01817014485276909,0.0007623750000978665
adult,RandomForest,4885,0.0012868164993794738,0.026970672527330302,0.026970672527330302,0.001269676085274815,0.001269676085274815,0.0018848505300101967,0.0018848505300101967,0.0,-5.1028598691844184e-06,0.0010515088717616705,0.0010498079184719424,0.02895532792482805,0.02895532792482805,0.03058783932277614,0.03058783932277614,0.016067806800290685,0.016067806800290685,0.02520365801596496,0.02520365801596496,0.02895532792482805,0.02895532792482805,0.03058783932277614,0.03058783932277614,0.016067806800290685,0.016067806800290685,0.02520365801596496,0.02520365801596496,0.0009883890003645017
adult,XGBoost,4885,0.0005345494552161558,0.016391190786140295,0.016391190786140295,0.0,-0.00016090547284976938,0.00011111344319240649,0.00011111344319240649,0.0,-0.0002481099696592145,3.7037814397468826e-05,-9.930066643885914e-05,0.013584282956650942,0.013584282956650942,0.01748899031841861,0.01748899031841861,0.00912851099711833,0.00912851099711833,0.01340059475739596,0.01340059475739596,0.013584282956650942,0.013584282956650942,0.01748899031841861,0.01748899031841861,0.00912851099711833,0.00912851099711833,0.01340059475739596,0.01340059475739596,0.0008605000002717134
ailerons,CatBoost,1375,0.00027630217784780714,0.011567778694020077,0.011567778694020077,0.0,-0.00044689224325614174,0.0007341558727695078,0.0007341558727695078,0.00044009226672145883,0.00044009226672145883,0.0003914160464969889,0.0002424519654116083,0.014890058595560153,0.014890058595560153,0.02054650565122508,0.02054650565122508,0.019850792296442456,0.019850792296442456,0.018429118847742565,0.018429118847742565,0.014890058595560153,0.014890058595560153,0.02054650565122508,0.02054650565122508,0.019850792296442456,0.019850792296442456,0.018429118847742565,0.018429118847742565,0.00032086133311774273
ailerons,ExtraTrees,1375,0.0013176445909882613,0.0290793574283598,0.0290793574283598,0.0024309511845939636,0.0024309511845939636,0.0005808302242533827,0.0005808302242533827,0.000257822674863941,0.000257822674863941,0.0010898680279037625,0.0010898680279037625,0.040612298266422424,0.040612298266422424,0.032559705490384,0.032559705490384,0.02167987320704428,0.02167987320704428,0.03161729232128357,0.03161729232128357,0.040612298266422424,0.040612298266422424,0.032559705490384,0.032559705490384,0.02167987320704428,0.02167987320704428,0.03161729232128357,0.03161729232128357,0.000313083333215521
ailerons,LightGBM,1375,0.00011693810695666074,0.008554613836744631,0.008554613836744631,0.0,-0.0016451157539589525,0.0005456251243896309,0.0005456251243896309,0.0,-0.000111277580368647,0.0001818750414632103,-0.0004035894033126562,0.0,-0.004561886029910635,0.019083999979479068,0.019083999979479068,0.011157300991344859,0.011157300991344859,0.010080433656941308,0.00855980498030443,0.0,-0.004561886029910635,0.019083999979479068,0.019083999979479068,0.011157300991344859,0.011157300991344859,0.010080433656941308,0.00855980498030443,0.0003165693330326273
ailerons,LinearModel,1375,0.0001836785291027428,0.010391804801025004,0.010391804801025004,0.0002475446290522168,0.0002475446290522168,7.626209623303898e-06,7.626209623303898e-06,0.0,-0.00010741083353641395,8.505694622517358e-05,4.925333504636893e-05,0.017183215116320007,0.017183215116320007,0.020913555295037276,0.020913555295037276,0.011696331454356286,0.011696331454356286,0.016597700621904524,0.016597700621904524,0.017183215116320007,0.017183215116320007,0.020913555295037276,0.020913555295037276,0.011696331454356286,0.011696331454356286,0.016597700621904524,0.016597700621904524,0.00032594466756563634
ailerons,NeuralNetFastAI,1375,0.0001645495308457295,0.009278845729904126,0.009278845729904126,0.0,-0.0007222043169413044,0.00042702092448867064,0.00042702092448867064,0.0003877758281950876,0.0003877758281950876,0.00027159891756125274,3.08641452474846e-05,0.008355164716734758,0.008355164716734758,0.02250194361534473,0.02250194361534473,0.011183701646466778,0.011183701646466778,0.01401360332618209,0.01401360332618209,0.008355164716734758,0.008355164716734758,0.02250194361534473,0.02250194361534473,0.011183701646466778,0.011183701646466778,0.01401360332618209,0.01401360332618209,0.00031658333318773657
ailerons,NeuralNetTorch,1375,0.0002283116865340639,0.010233639353312108,0.010233639353312108,0.0,-0.001186248399361599,0.0,-0.0003507747016728958,0.0010453684281612721,0.0010453684281612721,0.00034845614272042405,-0.00016388489095774087,0.005290602251170309,0.005290602251170309,0.011874799466228896,0.011874799466228896,0.017491055309732804,0.017491055309732804,0.011552152342377336,0.011552152342377336,0.005290602251170309,0.005290602251170309,0.011874799466228896,0.011874799466228896,0.017491055309732804,0.017491055309732804,0.011552152342377336,0.011552152342377336,0.0003104446671689705
ailerons,RandomForest,1375,0.0006854447630043796,0.0203316415928791,0.0203316415928791,0.0,-6.919773332117101e-05,0.0001595375384063664,0.0001595375384063664,0.00018069125641456191,0.00018069125641456191,0.00011340959827364277,9.034368716658577e-05,0.016059447115805762,0.016059447115805762,0.014288202665756795,0.014288202665756795,0.021234825441455045,0.021234825441455045,0.017194158407672532,0.017194158407672532,0.016059447115805762,0.016059447115805762,0.014288202665756795,0.014288202665756795,0.021234825441455045,0.021234825441455045,0.017194158407672532,0.017194158407672532,0.00031893033398470533
ailerons,XGBoost,1375,7.454605353151486e-05,0.0065705054893200705,0.0065705054893200705,0.0,-0.0007365767923703764,0.00014812679108222802,0.00014812679108222802,0.0,-0.0016593292348379498,4.9375597027409336e-05,-0.0007492597453753661,0.018075612439964476,0.018075612439964476,0.01434582345655442,0.01434582345655442,0.0,-0.003906724530928345,0.010807145298839632,0.009504903788530186,0.018075612439964476,0.018075612439964476,0.01434582345655442,0.01434582345655442,0.0,-0.003906724530928345,0.010807145298839632,0.009504903788530186,0.00034936099958334427
bank-marketing,CatBoost,4522,0.0005132235775827006,0.01307845357417823,0.01307845357417823,0.0004012921089706553,0.0004012921089706553,0.000335096654693824,0.000335096654693824,0.0,-0.00020149381569875636,0.0002454629212214931,0.0001782983159885743,0.013689350625334822,0.013689350625334822,0.008008876241448963,0.008008876241448963,0.011942716098626044,0.011942716098626044,0.01121364765513661,0.01121364765513661,0.013689350625334822,0.013689350625334822,0.008008876241448963,0.008008876241448963,0.011942716098626044,0.011942716098626044,0.01121364765513661,0.01121364765513661,0.0007972083330969326
bank-marketing,ExtraTrees,4522,0.00027389379500799627,0.011776435399688001,0.011776435399688001,0.0,-0.00041020238402259267,0.0,-0.0010303370373433104,0.0,-0.0006852240874042249,0.0,-0.0007085878362567094,0.006460516292464787,0.006460516292464787,0.005617139236822487,0.005617139236822487,0.007574158215548186,0.007574158215548186,0.00655060458161182,0.00655060458161182,0.006460516292464787,0.006460516292464787,0.005617139236822487,0.005617139236822487,0.007574158215548186,0.007574158215548186,0.00655060458161182,0.00655060458161182,0.0007373609999679805
bank-marketing,LightGBM,4522,0.00020177039456570074,0.008544793628403111,0.008544793628403111,0.0,-0.0005882528560826673,0.0004358197041577795,0.0004358197041577795,0.0,-0.0007599350384648928,0.00014527323471925983,-0.00030412273012992683,0.0064134308742545285,0.0064134308742545285,0.009495129007174773,0.009495129007174773,0.007747484441413759,0.007747484441413759,0.007885348107614354,0.007885348107614354,0.0064134308742545285,0.0064134308742545285,0.009495129007174773,0.009495129007174773,0.007747484441413759,0.007747484441413759,0.007885348107614354,0.007885348107614354,0.0007303333331947215
bank-marketing,LinearModel,4522,0.001231073646633584,0.01771170175477092,0.01771170175477092,0.0006716356786745291,0.0006716356786745291,0.0003068119578209751,0.0003068119578209751,0.0019589531326640653,0.0019589531326640653,0.0009791335897198566,0.0009791335897198566,0.019662006031844887,0.019662006031844887,0.012979536480700254,0.012979536480700254,0.01996033741681003,0.01996033741681003,0.017533959976451723,0.017533959976451723,0.019662006031844887,0.019662006031844887,0.012979536480700254,0.012979536480700254,0.01996033741681003,0.01996033741681003,0.017533959976451723,0.017533959976451723,0.000719000000875288
bank-marketing,NeuralNetFastAI,4522,0.0001663844076763581,0.006980738153360599,0.006980738153360599,0.0,-0.0005233451583571639,0.0,-7.44253985740383e-05,0.0,-0.0007097672480027972,0.0,-0.0004358459349779998,0.006622892164985859,0.006622892164985859,0.005702783413587474,0.005702783413587474,0.003473476658212456,0.003473476658212456,0.005266384078928596,0.005266384078928596,0.006622892164985859,0.006622892164985859,0.005702783413587474,0.005702783413587474,0.003473476658212456,0.003473476658212456,0.005266384078928596,0.005266384078928596,0.0007151943330730622
bank-marketing,NeuralNetTorch,4522,0.0001924682271929433,0.006890143246673141,0.006890143246673141,0.0,-0.0001364294563165745,0.0,-0.00017565229032265485,0.0,-0.001142364749224556,0.0,-0.0004848154986212617,0.005561754635570704,0.005561754635570704,0.007188380922870592,0.007188380922870592,0.0,-0.00047484875033932826,0.004250045186147099,0.004091762269367322,0.005561754635570704,0.005561754635570704,0.007188380922870592,0.007188380922870592,0.0,-0.00047484875033932826,0.004250045186147099,0.004091762269367322,0.000726805666393678
bank-marketing,RandomForest,4522,0.0002454993245856833,0.011252096679536966,0.011252096679536966,0.0,-0.0004983026212479236,0.0,-0.0008212294687812311,0.0,-0.0006129487868279499,0.0,-0.0006441602922857016,0.009151336465687823,0.009151336465687823,0.006053009625382149,0.006053009625382149,0.0059291926341786825,0.0059291926341786825,0.007044512908416217,0.007044512908416217,0.009151336465687823,0.009151336465687823,0.006053009625382149,0.006053009625382149,0.0059291926341786825,0.0059291926341786825,0.007044512908416217,0.007044512908416217,0.0007306806667960094
bank-marketing,XGBoost,4522,0.00047387595942246255,0.011958409853437551,0.011958409853437551,0.0,-0.0009597154255455391,0.0,-0.00035602770747938017,0.00015210480608791042,0.00015210480608791042,5.070160202930347e-05,-0.0003878794423123363,0.0066897145850250365,0.0066897145850250365,0.0055261159193021265,0.0055261159193021265,0.017089626055517133,0.017089626055517133,0.009768485519948099,0.009768485519948099,0.0066897145850250365,0.0066897145850250365,0.0055261159193021265,0.0055261159193021265,0.017089626055517133,0.017089626055517133,0.009768485519948099,0.009768485519948099,0.000743722333330273
delta_elevators,CatBoost,952,0.00020880514056423636,0.012558266367032505,0.012558266367032505,0.0005053458439821484,0.0005053458439821484,0.0010802833427771322,0.0010802833427771322,0.0,-0.0011002629686139049,0.0005285430622530935,0.00016178873938179193,0.022431980484060577,0.022431980484060577,0.03376802787399448,0.03376802787399448,0.004200949507619708,0.004200949507619708,0.020133652621891585,0.020133652621891585,0.022431980484060577,0.022431980484060577,0.03376802787399448,0.03376802787399448,0.004200949507619708,0.004200949507619708,0.020133652621891585,0.020133652621891585,0.0002685693337601454
delta_elevators,ExtraTrees,952,0.0034708040120754553,0.054296452067342404,0.054296452067342404,0.0034515362746791256,0.0034515362746791256,0.005318746449897557,0.005318746449897557,0.0016447078522397905,0.0016447078522397905,0.003471663525605491,0.003471663525605491,0.04741394296660237,0.04741394296660237,0.06325217996070459,0.06325217996070459,0.03165171325828943,0.03165171325828943,0.04743927872853213,0.04743927872853213,0.04741394296660237,0.04741394296660237,0.06325217996070459,0.06325217996070459,0.03165171325828943,0.03165171325828943,0.04743927872853213,0.04743927872853213,0.0002604026667540893
delta_elevators,LightGBM,952,0.00031472046437343364,0.016041899277503845,0.016041899277503845,0.0008324363538597318,0.0008324363538597318,0.0002903183435196294,0.0002903183435196294,0.0,-0.0003656235664403456,0.0003742515657931204,0.0002523770436463385,0.03450498290989986,0.03450498290989986,0.02453563954512894,0.02453563954512894,0.018796298747780507,0.018796298747780507,0.025945640400936432,0.025945640400936432,0.03450498290989986,0.03450498290989986,0.02453563954512894,0.02453563954512894,0.018796298747780507,0.018796298747780507,0.025945640400936432,0.025945640400936432,0.000255749999875358
delta_elevators,LinearModel,952,0.0006587720091662157,0.01935168200737685,0.01935168200737685,0.0,-0.00018913967444616548,0.0,-0.0009879674592536694,0.001028184436845971,0.001028184436845971,0.00034272814561532366,-4.964089895128793e-05,0.027556599564950605,0.027556599564950605,0.012945559506850932,0.012945559506850932,0.024616745732073623,0.024616745732073623,0.02170630160129172,0.02170630160129172,0.027556599564950605,0.027556599564950605,0.012945559506850932,0.012945559506850932,0.024616745732073623,0.024616745732073623,0.02170630160129172,0.02170630160129172,0.0002524723337652783
delta_elevators,NeuralNetFastAI,952,0.000379645069313219,0.01539118967758907,0.01539118967758907,0.002530020286489776,0.002530020286489776,0.0022407045015032053,0.0022407045015032053,0.0,-8.985556721555828e-05,0.0015902415959976603,0.001560289740259141,0.04537187004808868,0.04537187004808868,0.03766395512947452,0.03766395512947452,0.021382727540445297,0.021382727540445297,0.03480618423933616,0.03480618423933616,0.04537187004808868,0.04537187004808868,0.03766395512947452,0.03766395512947452,0.021382727540445297,0.021382727540445297,0.03480618423933616,0.03480618423933616,0.00025101400024141185
delta_elevators,NeuralNetTorch,952,0.00040540976264224343,0.016273342592552687,0.016273342592552687,0.000577538725014856,0.000577538725014856,0.0,-0.0005830701013721484,0.001012231678388333,0.001012231678388333,0.000529923467801063,0.0003355667673436802,0.03572524149137639,0.03572524149137639,0.009802622401313035,0.009802622401313035,0.013935614703638879,0.013935614703638879,0.019821159532109434,0.019821159532109434,0.03572524149137639,0.03572524149137639,0.009802622401313035,0.009802622401313035,0.013935614703638879,0.013935614703638879,0.019821159532109434,0.019821159532109434,0.00025336133330711164
delta_elevators,RandomForest,952,0.0011662909718192576,0.028698917492630326,0.028698917492630326,0.0,-0.00023047255744222276,0.0016994187269532197,0.0016994187269532197,3.834072352861253e-05,3.834072352861253e-05,0.0005792531501606107,0.0005024289643465364,0.013955093988588182,0.013955093988588182,0.03836862754041012,0.03836862754041012,0.016402651440276875,0.016402651440276875,0.022908790989758395,0.022908790989758395,0.013955093988588182,0.013955093988588182,0.03836862754041012,0.03836862754041012,0.016402651440276875,0.016402651440276875,0.022908790989758395,0.022908790989758395,0.00025080566774704494
delta_elevators,XGBoost,952,0.00020807751953127272,0.013166452370370747,0.013166452370370747,0.000822192952800129,0.000822192952800129,0.0003596313743551316,0.0003596313743551316,0.0,-0.0007640298693394024,0.0003939414423850868,0.00013926481927195272,0.030501886907066882,0.030501886907066882,0.014990984157222801,0.014990984157222801,0.014265505614848965,0.014265505614848965,0.019919458893046218,0.019919458893046218,0.030501886907066882,0.030501886907066882,0.014990984157222801,0.014990984157222801,0.014265505614848965,0.014265505614848965,0.019919458893046218,0.019919458893046218,0.0002540280001994688
eeg-eye-state,CatBoost,1498,0.0006470860356479212,0.010574178733270599,0.010574178733270599,0.0,-0.004139933857669559,0.0,-0.00175417623657696,0.0,-0.002016606475488194,0.0,-0.002636905523244904,0.0036815031213354534,0.0036815031213354534,0.011461902870848537,0.011461902870848537,0.005797695619291325,0.005797695619291325,0.006980367203825105,0.006980367203825105,0.0036815031213354534,0.0036815031213354534,0.011461902870848537,0.011461902870848537,0.005797695619291325,0.005797695619291325,0.006980367203825105,0.006980367203825105,0.00030719433319366846
eeg-eye-state,ExtraTrees,1498,0.025988050043628134,0.1408774455347409,0.1408774455347409,0.0248226141855205,0.0248226141855205,0.024577928332197883,0.024577928332197883,0.023542008121800448,0.023542008121800448,0.024314183546506277,0.024314183546506277,0.14113039647643075,0.14113039647643075,0.1281530934470508,0.1281530934470508,0.13645749928016906,0.13645749928016906,0.13524699640121687,0.13524699640121687,0.14113039647643075,0.14113039647643075,0.1281530934470508,0.1281530934470508,0.13645749928016906,0.13645749928016906,0.13524699640121687,0.13524699640121687,0.0003102500001356627
eeg-eye-state,LightGBM,1498,0.0003252814603870711,0.007621748294114375,0.007621748294114375,0.0,-0.001973738474733927,0.0,-0.003090589057517691,0.0,-0.0011601617539077338,0.0,-0.0020748297620531175,0.009899802259457928,0.009899802259457928,0.0037834528918764113,0.0037834528918764113,0.009887469703332768,0.009887469703332768,0.007856908284889037,0.007856908284889037,0.009899802259457928,0.009899802259457928,0.0037834528918764113,0.0037834528918764113,0.009887469703332768,0.009887469703332768,0.007856908284889037,0.007856908284889037,0.0003106943343785436
eeg-eye-state,LinearModel,1498,0.001906843841220247,0.034798441667082375,0.034798441667082375,0.0015607901173029634,0.0015607901173029634,0.0032785958783268223,0.0032785958783268223,0.000805990867388047,0.000805990867388047,0.001881792287672611,0.001881792287672611,0.03207074079379062,0.03207074079379062,0.04650996075831204,0.04650996075831204,0.022427715883355275,0.022427715883355275,0.03366947247848598,0.03366947247848598,0.03207074079379062,0.03207074079379062,0.04650996075831204,0.04650996075831204,0.022427715883355275,0.022427715883355275,0.03366947247848598,0.03366947247848598,0.00033022233401425183
eeg-eye-state,NeuralNetFastAI,1498,0.00014542071119450184,0.008729747439853074,0.008729747439853074,0.0026134821909292363,0.0026134821909292363,0.0009155310486734045,0.0009155310486734045,0.002642498768736438,0.002642498768736438,0.0020571706694463596,0.0020571706694463596,0.03720494825921416,0.03720494825921416,0.02991548837262028,0.02991548837262028,0.03651821341903977,0.03651821341903977,0.03454621668362474,0.03454621668362474,0.03720494825921416,0.03720494825921416,0.02991548837262028,0.02991548837262028,0.03651821341903977,0.03651821341903977,0.03454621668362474,0.03454621668362474,0.000327638999200038
eeg-eye-state,NeuralNetTorch,1498,0.00032580937256434893,0.00407839503036282,0.00407839503036282,0.0,-0.006235680555750136,0.0,-0.006345874033583073,0.0,-0.004431144806261155,0.0,-0.005670899798531454,0.0,-0.0022028865501449984,0.0,-0.0030818486569935497,0.00040750992926936715,0.00040750992926936715,0.00013583664308978904,-0.0016257417592897268,0.0,-0.0022028865501449984,0.0,-0.0030818486569935497,0.00040750992926936715,0.00040750992926936715,0.00013583664308978904,-0.0016257417592897268,0.00031675000112348545
eeg-eye-state,RandomForest,1498,0.02405895088331239,0.1358734397884756,0.1358734397884756,0.024798608627725476,0.024798608627725476,0.0234786837847303,0.0234786837847303,0.020439908756816304,0.020439908756816304,0.022905733723090693,0.022905733723090693,0.13751891454668078,0.13751891454668078,0.12808411259381958,0.12808411259381958,0.11829773053490819,0.11829773053490819,0.12796691922513617,0.12796691922513617,0.13751891454668078,0.13751891454668078,0.12808411259381958,0.12808411259381958,0.11829773053490819,0.11829773053490819,0.12796691922513617,0.12796691922513617,0.00031761133383649093
eeg-eye-state,XGBoost,1498,0.0003079101549047496,0.00688104010978535,0.00688104010978535,0.0,-0.0024476642984189952,0.0,-0.0011960448346062128,4.7862260458469866e-05,4.7862260458469866e-05,1.5954086819489955e-05,-0.0011986156241889127,0.009241103287266262,0.009241103287266262,0.007455898232446956,0.007455898232446956,0.010336153613920469,0.010336153613920469,0.009011051711211228,0.009011051711211228,0.009241103287266262,0.009241103287266262,0.007455898232446956,0.007455898232446956,0.010336153613920469,0.010336153613920469,0.009011051711211228,0.009011051711211228,0.0003157500007849497
electricity,CatBoost,4532,0.00010843761911822794,0.004937411736887804,0.004937411736887804,0.0,-0.0025824850221076866,0.0,-0.001984371929523061,0.0,-0.0018933898708778972,0.0,-0.0021534156075028814,0.0,-0.0010825737333288307,0.002917699077301282,0.002917699077301282,0.003992430022412839,0.003992430022412839,0.0023033763665713737,0.0019425184554617634,0.0,-0.0010825737333288307,0.002917699077301282,0.002917699077301282,0.003992430022412839,0.003992430022412839,0.0023033763665713737,0.0019425184554617634,0.0007098056667018682
electricity,ExtraTrees,4532,0.007086258880093106,0.06942670523509689,0.06942670523509689,0.006077072980378845,0.006077072980378845,0.006895766513889449,0.006895766513889449,0.005080371752719803,0.005080371752719803,0.006017737082329365,0.006017737082329365,0.06918211142125227,0.06918211142125227,0.07353486213000822,0.07353486213000822,0.06426890157785806,0.06426890157785806,0.06899529170970618,0.06899529170970618,0.06918211142125227,0.06918211142125227,0.07353486213000822,0.07353486213000822,0.06426890157785806,0.06426890157785806,0.06899529170970618,0.06899529170970618,0.0007051806666519648
electricity,LightGBM,4532,0.00012710323371788613,0.005676105174072797,0.005676105174072797,0.0,-0.0011109845887080116,0.0,-0.0016082234550991177,0.0,-0.00105592179600728,0.0,-0.0012583766132714697,0.005286367702753726,0.005286367702753726,0.0,-0.0007375799728394912,0.0030104613642608392,0.0030104613642608392,0.0027656096890048554,0.002519749698058358,0.005286367702753726,0.005286367702753726,0.0,-0.0007375799728394912,0.0030104613642608392,0.0030104613642608392,0.0027656096890048554,0.002519749698058358,0.0007465973333940686
electricity,LinearModel,4532,0.0004035558214285251,0.017008395915046364,0.017008395915046364,0.0007195816054230843,0.0007195816054230843,0.0005225794584039167,0.0005225794584039167,9.939787523056092e-05,9.939787523056092e-05,0.00044718631301918736,0.00044718631301918736,0.027227102081503144,0.027227102081503144,0.016191135680242663,0.016191135680242663,0.009893693512097344,0.009893693512097344,0.017770643757947718,0.017770643757947718,0.027227102081503144,0.027227102081503144,0.016191135680242663,0.016191135680242663,0.009893693512097344,0.009893693512097344,0.017770643757947718,0.017770643757947718,0.0007759583337853352
electricity,NeuralNetFastAI,4532,0.00033354277197180797,0.012777430792358987,0.012777430792358987,0.0,-3.139928583262102e-05,0.00017596851596491005,0.00017596851596491005,0.00016124961804804913,0.00016124961804804913,0.00011240604467098639,0.00010193961606011271,0.012667506549003383,0.012667506549003383,0.01302060012697475,0.01302060012697475,0.014970377659572164,0.014970377659572164,0.0135528281118501,0.0135528281118501,0.012667506549003383,0.012667506549003383,0.01302060012697475,0.01302060012697475,0.014970377659572164,0.014970377659572164,0.0135528281118501,0.0135528281118501,0.0007254026677401271
electricity,NeuralNetTorch,4532,0.0002008343004878142,0.012690960519868476,0.012690960519868476,0.0001447992660275666,0.0001447992660275666,0.0006596058968972503,0.0006596058968972503,0.0004548751330173275,0.0004548751330173275,0.0004197600986473814,0.0004197600986473814,0.014692433849103195,0.014692433849103195,0.01634619800187599,0.01634619800187599,0.019216771138841356,0.019216771138841356,0.016751800996606846,0.016751800996606846,0.014692433849103195,0.014692433849103195,0.01634619800187599,0.01634619800187599,0.019216771138841356,0.019216771138841356,0.016751800996606846,0.016751800996606846,0.0007183886664279271
electricity,RandomForest,4532,0.004441776453166886,0.0496580173616181,0.0496580173616181,0.003122196847128164,0.003122196847128164,0.0031589221588376694,0.0031589221588376694,0.0024965124607104743,0.0024965124607104743,0.0029258771555587693,0.0029258771555587693,0.04497057863949681,0.04497057863949681,0.045307442528115124,0.045307442528115124,0.04292291773239435,0.04292291773239435,0.04440031296666876,0.04440031296666876,0.04497057863949681,0.04497057863949681,0.045307442528115124,0.045307442528115124,0.04292291773239435,0.04292291773239435,0.04440031296666876,0.04440031296666876,0.0007318333324898655
electricity,XGBoost,4532,4.8861021365858896e-05,0.0031008525334646356,0.0031008525334646356,0.0,-0.0020046502826419348,0.0,-0.0015442254599036505,0.0,-0.0018658933766293562,0.0,-0.0018049230397249804,0.007121106596407338,0.007121106596407338,0.0027963837665782735,0.0027963837665782735,0.0,-0.0008493348473996579,0.003305830120995204,0.003022718505195318,0.007121106596407338,0.007121106596407338,0.0027963837665782735,0.0027963837665782735,0.0,-0.0008493348473996579,0.003305830120995204,0.003022718505195318,0.000757319667172851
fried,CatBoost,4077,0.001154454166467346,0.022346031385042747,0.022346031385042747,0.0,-0.000411680913811666,0.0002386994724522841,0.0002386994724522841,0.0009448853768526107,0.0009448853768526107,0.0003945282831016316,0.00025730131183107624,0.014371935368633192,0.014371935368633192,0.018529335153371147,0.018529335153371147,0.023579531244301528,0.023579531244301528,0.018826933922101954,0.018826933922101954,0.014371935368633192,0.014371935368633192,0.018529335153371147,0.018529335153371147,0.023579531244301528,0.023579531244301528,0.018826933922101954,0.018826933922101954,0.000629444667235172
fried,ExtraTrees,4077,0.006903059541016786,0.06332892553083012,0.06332892553083012,0.006104864080071087,0.006104864080071087,0.005320869741976554,0.005320869741976554,0.005866231038830334,0.005866231038830334,0.005763988286959325,0.005763988286959325,0.06166789204401675,0.06166789204401675,0.05879813485792803,0.05879813485792803,0.054839341645740086,0.054839341645740086,0.058435122849228284,0.058435122849228284,0.06166789204401675,0.06166789204401675,0.05879813485792803,0.05879813485792803,0.054839341645740086,0.054839341645740086,0.058435122849228284,0.058435122849228284,0.0006660276667389553
fried,LightGBM,4077,0.00026798282706437396,0.010261553242490265,0.010261553242490265,0.0,-0.0009304271587243232,0.0,-0.00011442967502157427,0.0,-0.0012531686120326052,0.0,-0.0007660084819261676,0.0018508190655012228,0.0018508190655012228,0.009326104380478198,0.009326104380478198,0.002570070383268933,0.002570070383268933,0.004582331276416118,0.004582331276416118,0.0018508190655012228,0.0018508190655012228,0.009326104380478198,0.009326104380478198,0.002570070383268933,0.002570070383268933,0.004582331276416118,0.004582331276416118,0.0006444166659396918
fried,LinearModel,4077,0.001254826499521398,0.029152005908696158,0.029152005908696158,0.0007542204238111988,0.0007542204238111988,0.0009150373610489171,0.0009150373610489171,0.002364686580759073,0.002364686580759073,0.001344648121873063,0.001344648121873063,0.026438277590873843,0.026438277590873843,0.021189663599966584,0.021189663599966584,0.03637395901371771,0.03637395901371771,0.02800063340151938,0.02800063340151938,0.026438277590873843,0.026438277590873843,0.021189663599966584,0.021189663599966584,0.03637395901371771,0.03637395901371771,0.02800063340151938,0.02800063340151938,0.0007166109996129914
fried,NeuralNetFastAI,4077,0.00012129928235200947,0.007206099160809135,0.007206099160809135,0.0,-0.0019789787807330396,0.0,-0.0011461469892369556,0.0,-0.0010707324453140164,0.0,-0.0013986194050946705,0.0,-0.002076428668005374,0.0032496096868593945,0.0032496096868593945,0.004121148676184553,0.004121148676184553,0.0024569194543479825,0.0017647765650128577,0.0,-0.002076428668005374,0.0032496096868593945,0.0032496096868593945,0.004121148676184553,0.004121148676184553,0.0024569194543479825,0.0017647765650128577,0.0006867776658812849
fried,NeuralNetTorch,4077,0.0007219724496050008,0.01778407569967757,0.01778407569967757,0.0,-0.00044368306746641744,0.0,-0.0006149063283310919,0.000788873374844032,0.000788873374844032,0.0002629577916146773,-8.990534031782579e-05,0.010527795215649019,0.010527795215649019,0.008317227712936125,0.008317227712936125,0.018908937239143424,0.018908937239143424,0.012584653389242856,0.012584653389242856,0.010527795215649019,0.010527795215649019,0.008317227712936125,0.008317227712936125,0.018908937239143424,0.018908937239143424,0.012584653389242856,0.012584653389242856,0.0006185276676357413
fried,RandomForest,4077,0.0036032137281073865,0.04565656378096693,0.04565656378096693,0.00225664983212203,0.00225664983212203,0.002886512973661949,0.002886512973661949,0.0035377815316485757,0.0035377815316485757,0.0028936481124775186,0.0028936481124775186,0.035160831211915516,0.035160831211915516,0.04327682545359351,0.04327682545359351,0.045630847350794465,0.045630847350794465,0.0413561680054345,0.0413561680054345,0.035160831211915516,0.035160831211915516,0.04327682545359351,0.04327682545359351,0.045630847350794465,0.045630847350794465,0.0413561680054345,0.0413561680054345,0.000626013999863062
fried,XGBoost,4077,0.0002778545380507471,0.010808944365157695,0.010808944365157695,0.0,-0.0007562478045553327,0.0,-0.0005186514922224197,0.0,-0.001260273386859221,0.0,-0.0008450575612123245,0.0082503642851465,0.0082503642851465,0.007677891796777758,0.007677891796777758,0.0029944373381396647,0.0029944373381396647,0.006307564473354641,0.006307564473354641,0.0082503642851465,0.0082503642851465,0.007677891796777758,0.007677891796777758,0.0029944373381396647,0.0029944373381396647,0.006307564473354641,0.006307564473354641,0.0006990556673069174
houses,CatBoost,2064,1.4204701228638996e-05,0.001192008610834639,0.001192008610834639,0.0,-0.008271110097438536,0.0,-0.008102728476166285,0.0,-0.007505799165414276,0.0,-0.0079598792463397,0.0005923751441091448,0.0005923751441091448,0.0013784095200003498,0.0013784095200003498,0.0015862681311914493,0.0015862681311914493,0.0011856842651003145,0.0011856842651003145,0.0005923751441091448,0.0005923751441091448,0.0013784095200003498,0.0013784095200003498,0.0015862681311914493,0.0015862681311914493,0.0011856842651003145,0.0011856842651003145,0.0004351666660416716
houses,ExtraTrees,2064,0.00037951987919955944,0.007923446218264624,0.007923446218264624,0.0,-0.007316623616952786,0.0,-0.007139184280966538,0.0,-0.007982391337875198,0.0,-0.007479399745264841,0.0,-0.0004166662228264839,0.0011595613923277561,0.0011595613923277561,0.0,-0.004777131339105554,0.00038652046410925207,-0.001344745389868094,0.0,-0.0004166662228264839,0.0011595613923277561,0.0011595613923277561,0.0,-0.004777131339105554,0.00038652046410925207,-0.001344745389868094,0.000332541666769733
houses,LightGBM,2064,1.3250593926179e-05,0.000957850827254587,0.000957850827254587,0.0,-0.008422038134191756,0.0,-0.006949829361457536,0.0,-0.008559687789656607,0.0,-0.007977185095101967,0.0,-0.001373977377501743,0.0,-6.12830023656411e-05,0.0,-0.0025374871401423705,0.0,-0.0013242491733365849,0.0,-0.001373977377501743,0.0,-6.12830023656411e-05,0.0,-0.0025374871401423705,0.0,-0.0013242491733365849,0.00039979166710206
houses,LinearModel,2064,0.001905403901629658,0.018221830937356798,0.018221830937356798,0.0,-0.002863083520025468,0.0,-0.0024414780197458516,0.0,-0.003897985063275669,0.0,-0.0030675155343489967,0.014329713726190027,0.014329713726190027,0.012837750902433121,0.012837750902433121,0.008809999678563095,0.008809999678563095,0.011992488102395414,0.011992488102395414,0.014329713726190027,0.014329713726190027,0.012837750902433121,0.012837750902433121,0.008809999678563095,0.008809999678563095,0.011992488102395414,0.011992488102395414,0.0003939166660226571
houses,NeuralNetFastAI,2064,5.755704362879802e-05,0.0019120419770464242,0.0019120419770464242,0.0,-0.007036539961518727,0.0,-0.0065080102688703295,0.0,-0.008288952897940361,0.0,-0.007277834376109807,0.0009924061123824524,0.0009924061123824524,0.0015241735144072037,0.0015241735144072037,0.0,-0.0011023567010681504,0.0008388598755965521,0.0004714076419071686,0.0009924061123824524,0.0009924061123824524,0.0015241735144072037,0.0015241735144072037,0.0,-0.0011023567010681504,0.0008388598755965521,0.0004714076419071686,0.00041223633403812226
houses,NeuralNetTorch,2064,0.000413800447970954,0.006170077965516859,0.006170077965516859,0.0,-0.0063638195232018566,0.0,-0.006251044856157784,0.0,-0.007818049880782761,0.0,-0.006810971420047468,0.0,-0.00027312041823980787,0.0,-0.0015329694290147564,0.0,-0.002480567002398363,0.0,-0.0014288856165509758,0.0,-0.00027312041823980787,0.0,-0.0015329694290147564,0.0,-0.002480567002398363,0.0,-0.0014288856165509758,0.0003838613326176225
houses,RandomForest,2064,0.0002291509747290798,0.005750992408290283,0.005750992408290283,0.0,-0.007028896761983994,0.0,-0.006737029862967827,0.0,-0.007272109292891912,0.0,-0.007012678639281244,0.0,-0.0024811685462743983,0.0,-0.000803217653148129,0.0,-0.0029179310818002453,0.0,-0.0020674390937409242,0.0,-0.0024811685462743983,0.0,-0.000803217653148129,0.0,-0.0029179310818002453,0.0,-0.0020674390937409242,0.00041709733341122046
houses,XGBoost,2064,1.4119616642225715e-05,0.001111732412486931,0.001111732412486931,0.0,-0.007810201285579443,0.0,-0.005969624209770767,0.0,-0.00796012159882108,0.0,-0.00724664903139043,0.0,-0.0023042922540129395,0.0016457192094186006,0.0016457192094186006,0.0,-0.000814764663517039,0.0005485730698062002,-0.0004911125693704592,0.0,-0.0023042922540129395,0.0016457192094186006,0.0016457192094186006,0.0,-0.000814764663517039,0.0005485730698062002,-0.0004911125693704592,0.0003888333327874231
jm1,CatBoost,1089,0.0004593651716264114,0.016492085288474602,0.016492085288474602,0.0017846668306324058,0.0017846668306324058,0.0,-0.0007430586106588335,0.00021621235181867749,0.00021621235181867749,0.0006669597274836944,0.00041927352393074987,0.028475857436438018,0.028475857436438018,0.02587225671970483,0.02587225671970483,0.030161992509065143,0.030161992509065143,0.028170035555069334,0.028170035555069334,0.028475857436438018,0.028475857436438018,0.02587225671970483,0.02587225671970483,0.030161992509065143,0.030161992509065143,0.028170035555069334,0.028170035555069334,0.00027388899979996495
jm1,ExtraTrees,1089,0.0010491897673640903,0.02842682492911783,0.02842682492911783,0.00023974486364114708,0.00023974486364114708,0.0016221654668923085,0.0016221654668923085,0.0012958896960809359,0.0012958896960809359,0.001052600008871464,0.001052600008871464,0.026733541321165472,0.026733541321165472,0.027236000061365694,0.027236000061365694,0.03197167273504998,0.03197167273504998,0.02864707137252705,0.02864707137252705,0.026733541321165472,0.026733541321165472,0.027236000061365694,0.027236000061365694,0.03197167273504998,0.03197167273504998,0.02864707137252705,0.02864707137252705,0.00026616666703678976
jm1,LightGBM,1089,0.0002128138158242075,0.013651963000085728,0.013651963000085728,0.001792356764924788,0.001792356764924788,1.46572189798594e-05,1.46572189798594e-05,0.0012039387736672976,0.0012039387736672976,0.0010036509191906483,0.0010036509191906483,0.0361119281394532,0.0361119281394532,0.029765189022400492,0.029765189022400492,0.0335126457080806,0.0335126457080806,0.033129920956644764,0.033129920956644764,0.0361119281394532,0.0361119281394532,0.029765189022400492,0.029765189022400492,0.0335126457080806,0.0335126457080806,0.033129920956644764,0.033129920956644764,0.0003672640001847564
jm1,LinearModel,1089,0.0004755464473911734,0.01843881275491144,0.01843881275491144,0.001122247580468305,0.001122247580468305,0.0017759194903826535,0.0017759194903826535,0.001928887665254732,0.001928887665254732,0.0016090182453685634,0.0016090182453685634,0.03665276773742599,0.03665276773742599,0.03221596714410216,0.03221596714410216,0.04058912601424561,0.04058912601424561,0.036485953631924584,0.036485953631924584,0.03665276773742599,0.03665276773742599,0.03221596714410216,0.03221596714410216,0.04058912601424561,0.04058912601424561,0.036485953631924584,0.036485953631924584,0.00029174999993604917
jm1,NeuralNetFastAI,1089,0.0008481313064926765,0.019026765100404797,0.019026765100404797,0.002203373148581118,0.002203373148581118,0.0010533386364571997,0.0010533386364571997,0.002216725597709336,0.002216725597709336,0.0018244791275825515,0.0018244791275825515,0.03845530476239813,0.03845530476239813,0.02936956680339613,0.02936956680339613,0.02666805414491503,0.02666805414491503,0.03149764190356977,0.03149764190356977,0.03845530476239813,0.03845530476239813,0.02936956680339613,0.02936956680339613,0.02666805414491503,0.02666805414491503,0.03149764190356977,0.03149764190356977,0.0003389583325770218
jm1,NeuralNetTorch,1089,0.0005744025831623151,0.021173878675078694,0.021173878675078694,0.0024443534472879435,0.0024443534472879435,0.0013843228012715462,0.0013843228012715462,0.0,-0.00014776913646772898,0.0012762254161864965,0.0012269690373639202,0.03595995649317394,0.03595995649317394,0.03163812542248678,0.03163812542248678,0.012837879976755413,0.012837879976755413,0.026811987297472042,0.026811987297472042,0.03595995649317394,0.03595995649317394,0.03163812542248678,0.03163812542248678,0.012837879976755413,0.012837879976755413,0.026811987297472042,0.026811987297472042,0.0003302776664592481
jm1,RandomForest,1089,0.0009024565193582983,0.02430348862947116,0.02430348862947116,0.003065522602624201,0.003065522602624201,0.0013805332352074514,0.0013805332352074514,0.000634155713001844,0.000634155713001844,0.001693403850277832,0.001693403850277832,0.042238750503835916,0.042238750503835916,0.039895333428971926,0.039895333428971926,0.02461400159836265,0.02461400159836265,0.03558269517705683,0.03558269517705683,0.042238750503835916,0.042238750503835916,0.039895333428971926,0.039895333428971926,0.02461400159836265,0.02461400159836265,0.03558269517705683,0.03558269517705683,0.0002862363326130435
jm1,XGBoost,1089,0.00032598756892539385,0.015437645146655752,0.015437645146655752,0.0023124108235279103,0.0023124108235279103,0.0,-0.00015337740926438053,0.0016775319429444702,0.0016775319429444702,0.0013299809221574601,0.0012788551190693334,0.03394528990996278,0.03394528990996278,0.03132760556392488,0.03132760556392488,0.03236316410094308,0.03236316410094308,0.03254535319161025,0.03254535319161025,0.03394528990996278,0.03394528990996278,0.03132760556392488,0.03132760556392488,0.03236316410094308,0.03236316410094308,0.03254535319161025,0.03254535319161025,0.00030012499943647225
kdd_internet_usage,CatBoost,1011,0.00011989314943202964,0.008030440630033128,0.008030440630033128,0.0021487034595899686,0.0021487034595899686,0.0003706404433569882,0.0003706404433569882,0.0,-0.00049430027783865,0.0008397813009823189,0.0006750145417027688,0.03226414229778405,0.03226414229778405,0.014573645247049762,0.014573645247049762,0.01954577963315153,0.01954577963315153,0.022127855725995113,0.022127855725995113,0.03226414229778405,0.03226414229778405,0.014573645247049762,0.014573645247049762,0.01954577963315153,0.01954577963315153,0.022127855725995113,0.022127855725995113,0.00030319433305218507
kdd_internet_usage,ExtraTrees,1011,0.002305234841809879,0.034895905272840685,0.034895905272840685,0.0003440198301795408,0.0003440198301795408,0.0025747287263181593,0.0025747287263181593,0.005357332808002889,0.005357332808002889,0.002758693788166863,0.002758693788166863,0.02536585380567174,0.02536585380567174,0.033137043306176714,0.033137043306176714,0.059491928090698004,0.059491928090698004,0.039331608400848816,0.039331608400848816,0.02536585380567174,0.02536585380567174,0.033137043306176714,0.033137043306176714,0.059491928090698004,0.059491928090698004,0.039331608400848816,0.039331608400848816,0.00028590266689813387
kdd_internet_usage,LightGBM,1011,0.00019709012292062653,0.011555293486926854,0.011555293486926854,0.0002566276858719473,0.0002566276858719473,0.0005534061113274986,0.0005534061113274986,0.0,-0.0007937404894907324,0.00027001126573314866,5.431102569571186e-06,0.015210081671634514,0.015210081671634514,0.023529294412583113,0.023529294412583113,0.013857116093205031,0.013857116093205031,0.017532164059140886,0.017532164059140886,0.015210081671634514,0.015210081671634514,0.023529294412583113,0.023529294412583113,0.013857116093205031,0.013857116093205031,0.017532164059140886,0.017532164059140886,0.000267263666804259
kdd_internet_usage,LinearModel,1011,0.0005205022132861698,0.013718643449135908,0.013718643449135908,0.0,-0.0015601321651736704,0.000752684118009757,0.000752684118009757,0.0018681809457898669,0.0018681809457898669,0.000873621687933208,0.00035357763287531785,0.0,-0.0004002397917446247,0.022833508167823455,0.022833508167823455,0.0249604160409484,0.0249604160409484,0.01593130806959062,0.015797894805675745,0.0,-0.0004002397917446247,0.022833508167823455,0.022833508167823455,0.0249604160409484,0.0249604160409484,0.01593130806959062,0.015797894805675745,0.00026834699989800964
kdd_internet_usage,NeuralNetFastAI,1011,0.0006063670016805417,0.013139750460642008,0.013139750460642008,0.0006669663563074442,0.0006669663563074442,0.0007938631127479545,0.0007938631127479545,0.0,-0.00038016149557317127,0.0004869431563517996,0.0003602226578274092,0.013915547673059876,0.013915547673059876,0.023339096758801133,0.023339096758801133,0.013770829238026088,0.013770829238026088,0.0170084912232957,0.0170084912232957,0.013915547673059876,0.013915547673059876,0.023339096758801133,0.023339096758801133,0.013770829238026088,0.013770829238026088,0.0170084912232957,0.0170084912232957,0.00027274999956716783
kdd_internet_usage,NeuralNetTorch,1011,0.0004818589126725466,0.01775397100298975,0.01775397100298975,0.0,-0.00010599544903131052,0.0,-0.00011254302957850373,0.0,-6.39129610251191e-05,0.0,-9.415047987831112e-05,0.010979022326603768,0.010979022326603768,0.026125591587962474,0.026125591587962474,0.013543079262433535,0.013543079262433535,0.01688256439233326,0.01688256439233326,0.010979022326603768,0.010979022326603768,0.026125591587962474,0.026125591587962474,0.013543079262433535,0.013543079262433535,0.01688256439233326,0.01688256439233326,0.00028102766615726676
kdd_internet_usage,RandomForest,1011,0.0014103647049324539,0.026669656403356303,0.026669656403356303,0.0,-0.0001800356745414145,0.0006123243564847059,0.0006123243564847059,0.0013754866541232436,0.0013754866541232436,0.0006626036702026498,0.000602591778688845,0.015767135620867956,0.015767135620867956,0.020736123525821278,0.020736123525821278,0.03018372242500624,0.03018372242500624,0.022228993857231826,0.022228993857231826,0.015767135620867956,0.015767135620867956,0.020736123525821278,0.020736123525821278,0.03018372242500624,0.03018372242500624,0.022228993857231826,0.022228993857231826,0.00026781933289991383
kdd_internet_usage,XGBoost,1011,0.0002602774634580257,0.011638285660769415,0.011638285660769415,0.003156358159958184,0.003156358159958184,0.00013545628464496206,0.00013545628464496206,0.0015158365940307484,0.0015158365940307484,0.001602550346211298,0.001602550346211298,0.03408018044717923,0.03408018044717923,0.030611427257534827,0.030611427257534827,0.03522357728014931,0.03522357728014931,0.03330506166162112,0.03330506166162112,0.03408018044717923,0.03408018044717923,0.030611427257534827,0.030611427257534827,0.03522357728014931,0.03522357728014931,0.03330506166162112,0.03330506166162112,0.00026769433316076174
kick,CatBoost,7299,0.0003284324724235084,0.01568537063988908,0.01568537063988908,0.0,-0.006391779720144874,0.0,-0.005719905955480795,0.0,-0.0057775084780030475,0.0,-0.005963064717876239,0.00944664050349773,0.00944664050349773,0.015708312547997514,0.015708312547997514,0.012251170690581386,0.012251170690581386,0.012468707914025545,0.012468707914025545,0.00944664050349773,0.00944664050349773,0.015708312547997514,0.015708312547997514,0.012251170690581386,0.012251170690581386,0.012468707914025545,0.012468707914025545,0.0012058609997135743
kick,ExtraTrees,7299,0.0007693803283363651,0.022206391086151307,0.022206391086151307,0.0,-0.004697980844968659,0.0,-0.004581459337126087,0.0,-0.005259881574179626,0.0,-0.00484644058542479,0.01688465825119751,0.01688465825119751,0.01794795212442826,0.01794795212442826,0.011200427801885224,0.011200427801885224,0.01534434605917033,0.01534434605917033,0.01688465825119751,0.01688465825119751,0.01794795212442826,0.01794795212442826,0.011200427801885224,0.011200427801885224,0.01534434605917033,0.01534434605917033,0.001165319333570854
kick,LightGBM,7299,0.000758403691047608,0.0190159195066514,0.0190159195066514,0.0,-0.005016615555943574,0.0,-0.005418239387061995,0.0,-0.004945690659175494,0.0,-0.005126848534060355,0.011046524248863612,0.011046524248863612,0.011748142317991388,0.011748142317991388,0.012149044000883697,0.012149044000883697,0.011647903522579564,0.011647903522579564,0.011046524248863612,0.011046524248863612,0.011748142317991388,0.011748142317991388,0.012149044000883697,0.012149044000883697,0.011647903522579564,0.011647903522579564,0.0010801390005023375
kick,LinearModel,7299,0.0005939979673438714,0.01760061161563192,0.01760061161563192,0.0,-0.004077587754135826,0.0,-0.0038956526116401807,0.0,-0.003668783884065115,0.0,-0.0038806747499470404,0.008177070920536805,0.008177070920536805,0.012515930650919214,0.012515930650919214,0.009289368236165533,0.009289368236165533,0.009994123269207183,0.009994123269207183,0.008177070920536805,0.008177070920536805,0.012515930650919214,0.012515930650919214,0.009289368236165533,0.009289368236165533,0.009994123269207183,0.009994123269207183,0.0011955136675775673
kick,NeuralNetFastAI,7299,0.0005771733416787403,0.017684241476468614,0.017684241476468614,0.0,-0.006371642904763179,0.0,-0.0059492478428908166,0.0,-0.005980580326361872,0.0,-0.006100490358005289,0.010580669387453839,0.010580669387453839,0.014343412321674378,0.014343412321674378,0.012101551006631172,0.012101551006631172,0.012341877571919796,0.012341877571919796,0.010580669387453839,0.010580669387453839,0.014343412321674378,0.014343412321674378,0.012101551006631172,0.012101551006631172,0.012341877571919796,0.012341877571919796,0.0010967223339927539
kick,NeuralNetTorch,7299,0.00023458592068901205,0.013487245802634747,0.013487245802634747,0.0,-0.005879645252807659,0.0,-0.005394446460116123,0.0,-0.006109002535304168,0.0,-0.0057943647494093165,0.016370366522144048,0.016370366522144048,0.014062674004480687,0.014062674004480687,0.015089614815561626,0.015089614815561626,0.015174218447395452,0.015174218447395452,0.016370366522144048,0.016370366522144048,0.014062674004480687,0.014062674004480687,0.015089614815561626,0.015089614815561626,0.015174218447395452,0.015174218447395452,0.0011329306665478118
kick,RandomForest,7299,0.002828115379297646,0.03225391854775516,0.03225391854775516,0.0,-0.0026276638382628633,0.0,-0.0021338360225307733,0.0,-0.002068772020485837,0.0,-0.0022767572937598245,0.019617981480379416,0.019617981480379416,0.023413923513232297,0.023413923513232297,0.020506918309335542,0.020506918309335542,0.021179607767649086,0.021179607767649086,0.019617981480379416,0.019617981480379416,0.023413923513232297,0.023413923513232297,0.020506918309335542,0.020506918309335542,0.021179607767649086,0.021179607767649086,0.0011113750006188639
kick,XGBoost,7299,0.00046227426086040705,0.018060586153021627,0.018060586153021627,0.0,-0.005867043935900519,0.0,-0.00540788353676722,0.0,-0.0060762608257428794,0.0,-0.00578372943280354,0.012381411288206643,0.012381411288206643,0.01558961489384963,0.01558961489384963,0.009129897623683618,0.009129897623683618,0.012366974601913298,0.012366974601913298,0.012381411288206643,0.012381411288206643,0.01558961489384963,0.01558961489384963,0.009129897623683618,0.009129897623683618,0.012366974601913298,0.012366974601913298,0.0011831109998941731
mammography,CatBoost,1119,0.0003067871709737866,0.002987250300573251,0.002987250300573251,0.0,-0.004720176488145308,0.0,-0.008250622341603734,0.0,-0.008274649933835879,0.0,-0.007081816254528307,0.0034574865312444005,0.0034574865312444005,0.00035761720002428074,0.00035761720002428074,0.0013924041110114527,0.0013924041110114527,0.0017358359474267113,0.0017358359474267113,0.0034574865312444005,0.0034574865312444005,0.00035761720002428074,0.00035761720002428074,0.0013924041110114527,0.0013924041110114527,0.0017358359474267113,0.0017358359474267113,0.0002931666664759784
mammography,ExtraTrees,1119,0.0009083719555935277,0.00982183899564482,0.00982183899564482,0.0,-0.003231918232167906,0.0,-0.006662834981607679,0.0,-0.00581800959480255,0.0,-0.005237587602859378,0.00691197936991701,0.00691197936991701,0.0,-0.0008927189512789508,0.0,-0.0006421001332152324,0.0023039931233056698,0.0017923867618076085,0.00691197936991701,0.00691197936991701,0.0,-0.0008927189512789508,0.0,-0.0006421001332152324,0.0023039931233056698,0.0017923867618076085,0.0003228056666557677
mammography,LightGBM,1119,0.00031100477806888605,0.004549416189807716,0.004549416189807716,0.0,-0.0009557462575673366,0.0,-0.004533617162959316,0.0,-0.0075274164453158115,0.0,-0.004338926621947488,0.009017060485429615,0.009017060485429615,0.0036256517047666753,0.0036256517047666753,0.000961704588918826,0.000961704588918826,0.004534805593038372,0.004534805593038372,0.009017060485429615,0.009017060485429615,0.0036256517047666753,0.0036256517047666753,0.000961704588918826,0.000961704588918826,0.004534805593038372,0.004534805593038372,0.00027113899947532144
mammography,LinearModel,1119,0.00047097862035540007,0.0075422727862264815,0.0075422727862264815,0.0,-0.0036162992929715727,0.0,-0.007109922432872737,0.0,-0.0029632522155572695,0.0,-0.004563157980467193,0.0055109658052411555,0.0055109658052411555,0.0031839606381547426,0.0031839606381547426,0.007101464826287492,0.007101464826287492,0.00526546375656113,0.00526546375656113,0.0055109658052411555,0.0055109658052411555,0.0031839606381547426,0.0031839606381547426,0.007101464826287492,0.007101464826287492,0.00526546375656113,0.00526546375656113,0.00026188900058817427
mammography,NeuralNetFastAI,1119,0.00021599745896071988,0.0038140064351425873,0.0038140064351425873,0.0,-0.004539921275105679,0.0,-0.008353063911229532,0.0,-0.0068808183439167244,0.0,-0.006591267843417312,0.0055721563734179086,0.0055721563734179086,0.0,-0.0005659349249857308,0.0024918051777319304,0.0024918051777319304,0.002687987183716613,0.0024993422087213695,0.0055721563734179086,0.0055721563734179086,0.0,-0.0005659349249857308,0.0024918051777319304,0.0024918051777319304,0.002687987183716613,0.0024993422087213695,0.00027256933390162885
mammography,NeuralNetTorch,1119,0.0002914973659975757,0.004787277400137917,0.004787277400137917,0.0,-0.0018639324914981616,0.0,-0.006643327687752457,0.0,-0.005687624547625826,0.0,-0.004731628242292149,0.00638910706388489,0.00638910706388489,0.0,-0.0009436480436009795,0.0,-9.860815186108014e-05,0.0021297023546282966,0.0017822836228076101,0.00638910706388489,0.00638910706388489,0.0,-0.0009436480436009795,0.0,-9.860815186108014e-05,0.0021297023546282966,0.0017822836228076101,0.0002605693334771786
mammography,RandomForest,1119,0.0009077515840056415,0.010416327105699756,0.010416327105699756,0.0,-0.0033321275591260083,0.0,-0.005366713805451434,0.0,-0.00575475357110845,0.0,-0.004817864978561965,0.00423882127899066,0.00423882127899066,0.0031659061928325004,0.0031659061928325004,0.0027169121218984602,0.0027169121218984602,0.0033738798645738736,0.0033738798645738736,0.00423882127899066,0.00423882127899066,0.0031659061928325004,0.0031659061928325004,0.0027169121218984602,0.0027169121218984602,0.0033738798645738736,0.0033738798645738736,0.00026163899989721057
mammography,XGBoost,1119,0.00038680258371852957,0.004986199969852342,0.004986199969852342,0.0,-0.0007646151738489445,0.0,-0.006117078885302449,0.0,-0.00724572554173493,0.0,-0.004709139866962108,0.009349998078003968,0.009349998078003968,0.0024398355084676144,0.0024398355084676144,0.0033949048845018357,0.0033949048845018357,0.005061579490324473,0.005061579490324473,0.009349998078003968,0.009349998078003968,0.0024398355084676144,0.0024398355084676144,0.0033949048845018357,0.0033949048845018357,0.005061579490324473,0.005061579490324473,0.0003095973333984148
mc1,CatBoost,947,8.474567040156436e-05,0.001448690264707574,0.001448690264707574,0.0,-0.0021619747515295093,0.0,-0.0027663580861733684,0.0,-0.002055389275903898,0.0,-0.0023279073712022588,0.0012971322159929478,0.0012971322159929478,0.006159690638652284,0.006159690638652284,0.0018460360901057032,0.0018460360901057032,0.003100952981583645,0.003100952981583645,0.0012971322159929478,0.0012971322159929478,0.006159690638652284,0.006159690638652284,0.0018460360901057032,0.0018460360901057032,0.003100952981583645,0.003100952981583645,0.0002616943323422068
mc1,ExtraTrees,947,0.00010842411057971378,0.00240776792749526,0.00240776792749526,0.0,-0.002075523243793674,0.0,-0.0032255138593397484,0.0,-0.002566023408340893,0.0,-0.0026223535038247723,0.0018454344443744662,0.0018454344443744662,0.003683956848020007,0.003683956848020007,0.00138796083018627,0.00138796083018627,0.002305784040860248,0.002305784040860248,0.0018454344443744662,0.0018454344443744662,0.003683956848020007,0.003683956848020007,0.00138796083018627,0.00138796083018627,0.002305784040860248,0.002305784040860248,0.0002607363324689989
mc1,LightGBM,947,9.440718488325625e-05,0.002233540501656573,0.002233540501656573,0.0,-0.00251070936760406,0.0,-0.0010551390755164636,0.0,-0.003286340651453553,0.0,-0.0022840630315246924,0.0008821263353078732,0.0008821263353078732,0.007642897537974847,0.007642897537974847,0.0007768573156221639,0.0007768573156221639,0.003100627062968295,0.003100627062968295,0.0008821263353078732,0.0008821263353078732,0.007642897537974847,0.007642897537974847,0.0007768573156221639,0.0007768573156221639,0.003100627062968295,0.003100627062968295,0.00026933333356282674
mc1,LinearModel,947,0.00014638436646146276,0.0026338506459625682,0.0026338506459625682,0.00038917104219649294,0.00038917104219649294,0.0,-0.0013566878110523321,0.0,-0.001225439173700976,0.00012972368073216431,-0.000730985314185605,0.005922470128841626,0.005922470128841626,0.0,-0.0001331751686669949,0.002929091429364748,0.002929091429364748,0.002950520519402125,0.0029061287965131267,0.005922470128841626,0.005922470128841626,0.0,-0.0001331751686669949,0.002929091429364748,0.002929091429364748,0.002950520519402125,0.0029061287965131267,0.000264749999284201
mc1,NeuralNetFastAI,947,0.0002510707807121435,0.0026250846864085877,0.0026250846864085877,0.0,-0.0016209992435621638,0.0,-0.0016232975172094694,0.0,-0.001856302811110937,0.0,-0.00170019985729419,0.0040851567634856405,0.0040851567634856405,0.005871694440901119,0.005871694440901119,0.002345785782637852,0.002345785782637852,0.00410087899567487,0.00410087899567487,0.0040851567634856405,0.0040851567634856405,0.005871694440901119,0.005871694440901119,0.002345785782637852,0.002345785782637852,0.00410087899567487,0.00410087899567487,0.0002511946671196104
mc1,NeuralNetTorch,947,0.00010110961490308469,0.002626690070216347,0.002626690070216347,0.0003091981536665473,0.0003091981536665473,0.0,-0.00020305646449629694,4.913796273285843e-05,4.913796273285843e-05,0.00011944537213313525,5.1759883967702934e-05,0.006429529196681371,0.006429529196681371,0.005310600167936263,0.005310600167936263,0.004619328241721835,0.004619328241721835,0.005453152535446489,0.005453152535446489,0.006429529196681371,0.006429529196681371,0.005310600167936263,0.005310600167936263,0.004619328241721835,0.004619328241721835,0.005453152535446489,0.005453152535446489,0.00025186100053057697
mc1,RandomForest,947,5.816639252468534e-05,0.002580967733421892,0.002580967733421892,0.0004349008919982977,0.0004349008919982977,0.0,-0.0011999812332656554,0.0,-0.0005862154972800445,0.00014496696399943256,-0.00045043194618246744,0.0051244280976061995,0.0051244280976061995,0.005393128776754714,0.005393128776754714,0.005098267797952129,0.005098267797952129,0.005205274890771014,0.005205274890771014,0.0051244280976061995,0.0051244280976061995,0.005393128776754714,0.005393128776754714,0.005098267797952129,0.005098267797952129,0.005205274890771014,0.005205274890771014,0.0002407636663216787
mc1,XGBoost,947,6.719166348136656e-05,0.0017722229712900024,0.0017722229712900024,0.0,-0.0021129566491314053,0.0,-0.002673230214970552,0.0,-0.0027659510536467246,0.0,-0.002517379305916228,0.0021905300085488886,0.0021905300085488886,0.006137781826643531,0.006137781826643531,0.0010310702675947606,0.0010310702675947606,0.0031197940342623937,0.0031197940342623937,0.0021905300085488886,0.0021905300085488886,0.006137781826643531,0.006137781826643531,0.0010310702675947606,0.0010310702675947606,0.0031197940342623937,0.0031197940342623937,0.0002663193336047698
mozilla4,CatBoost,1555,0.00010475732649914228,0.004283992180305419,0.004283992180305419,0.0,-0.0017699269393693878,0.0,-0.0039045268480306316,0.0,-0.003310252490684998,0.0,-0.0029949020926950056,0.006730766972960938,0.006730766972960938,0.0,-0.0004267308776840714,0.00845500496878207,0.00845500496878207,0.005061923980581003,0.0049196803546863125,0.006730766972960938,0.006730766972960938,0.0,-0.0004267308776840714,0.00845500496878207,0.00845500496878207,0.005061923980581003,0.0049196803546863125,0.00035043066721603583
mozilla4,ExtraTrees,1555,0.0009227105781339121,0.019337496672612108,0.019337496672612108,0.0,-0.0018149707640607892,0.0,-0.0031888687997164104,0.0,-0.002393180078620634,0.0,-0.002465673214132611,0.018366561745296432,0.018366561745296432,0.013890675828160294,0.013890675828160294,0.012235798392372979,0.012235798392372979,0.014831011988609902,0.014831011988609902,0.018366561745296432,0.018366561745296432,0.013890675828160294,0.013890675828160294,0.012235798392372979,0.012235798392372979,0.014831011988609902,0.014831011988609902,0.00033341666736911674
mozilla4,LightGBM,1555,0.000159472009788727,0.00936400598354699,0.00936400598354699,0.0,-0.002985351447760432,0.0,-0.003996731928126336,0.0,-0.0024137020727565735,0.0,-0.003131928482881114,0.01340195852933733,0.01340195852933733,0.008455093881456703,0.008455093881456703,0.010327918447518175,0.010327918447518175,0.010728323619437402,0.010728323619437402,0.01340195852933733,0.01340195852933733,0.008455093881456703,0.008455093881456703,0.010327918447518175,0.010327918447518175,0.010728323619437402,0.010728323619437402,0.00033601399991312064
mozilla4,LinearModel,1555,0.00220445800765884,0.015876230313230686,0.015876230313230686,0.00045201573655904737,0.00045201573655904737,0.0,-0.0005014056849608115,0.0008362757743930211,0.0008362757743930211,0.00042943050365068947,0.00026229527533041895,0.01644915840836735,0.01644915840836735,0.016717291531955298,0.016717291531955298,0.02232810887696427,0.02232810887696427,0.01849818627242897,0.01849818627242897,0.01644915840836735,0.01644915840836735,0.016717291531955298,0.016717291531955298,0.02232810887696427,0.02232810887696427,0.01849818627242897,0.01849818627242897,0.00036611099979684997
mozilla4,NeuralNetFastAI,1555,0.0010055261190156874,0.020562476577339065,0.020562476577339065,0.0,-0.0015406634670044864,8.413039034837704e-05,8.413039034837704e-05,0.0002342940194019598,0.0002342940194019598,0.00010614146991677895,-0.0004074130190847165,0.018264832621937396,0.018264832621937396,0.03505820268675254,0.03505820268675254,0.024669967959500202,0.024669967959500202,0.02599766775606338,0.02599766775606338,0.018264832621937396,0.018264832621937396,0.03505820268675254,0.03505820268675254,0.024669967959500202,0.024669967959500202,0.02599766775606338,0.02599766775606338,0.0003275693331185418
mozilla4,NeuralNetTorch,1555,0.0007979974933060649,0.013448329768381714,0.013448329768381714,0.0016153305613195008,0.0016153305613195008,0.0005846173999604325,0.0005846173999604325,0.0,-0.00011037284083706185,0.0007333159870933111,0.0006965250401476238,0.022405631742438842,0.022405631742438842,0.016855561304851118,0.016855561304851118,0.013303678588613962,0.013303678588613962,0.01752162387863464,0.01752162387863464,0.022405631742438842,0.022405631742438842,0.016855561304851118,0.016855561304851118,0.013303678588613962,0.013303678588613962,0.01752162387863464,0.01752162387863464,0.00032176366706456366
mozilla4,RandomForest,1555,0.0006578447157407265,0.014748294860964668,0.014748294860964668,0.0,-0.002214939434411874,0.0,-0.0037346797049643407,0.0,-0.0019469611656504214,0.0,-0.002632193435008879,0.01612647292578527,0.01612647292578527,0.011384779731129143,0.011384779731129143,0.01863879912032767,0.01863879912032767,0.015383350592414026,0.015383350592414026,0.01612647292578527,0.01612647292578527,0.011384779731129143,0.011384779731129143,0.01863879912032767,0.01863879912032767,0.015383350592414026,0.015383350592414026,0.00031297233363147825
mozilla4,XGBoost,1555,0.00013384213959910505,0.004527395625543843,0.004527395625543843,0.0,-0.0021877776424871604,0.0,-0.0037484998117964753,0.0,-0.0018107220979810864,0.0,-0.0025823331840882408,0.009471183181706654,0.009471183181706654,0.0013483544160092363,0.0013483544160092363,0.011638935806414627,0.011638935806414627,0.00748615780137684,0.00748615780137684,0.009471183181706654,0.009471183181706654,0.0013483544160092363,0.0013483544160092363,0.011638935806414627,0.011638935806414627,0.00748615780137684,0.00748615780137684,0.00033345833314039436
nomao,CatBoost,3447,0.00014470361669024728,0.003625955038653568,0.003625955038653568,0.0,-0.0033838323078737185,0.0,-0.004659718768200855,0.0,-0.0028536595616111857,0.0,-0.0036324035458952532,0.005261927124714429,0.005261927124714429,0.0003314010230174771,0.0003314010230174771,0.006958934684650286,0.006958934684650286,0.004184087610794064,0.004184087610794064,0.005261927124714429,0.005261927124714429,0.0003314010230174771,0.0003314010230174771,0.006958934684650286,0.006958934684650286,0.004184087610794064,0.004184087610794064,0.0005553610002001127
nomao,ExtraTrees,3447,0.0017768789407561548,0.022720582999909377,0.022720582999909377,0.0,-0.0016336810879976297,0.0,-0.0028702263192765614,0.0,-0.0017455665069203222,0.0,-0.002083157971398171,0.014814242719928485,0.014814242719928485,0.004921582497873573,0.004921582497873573,0.009969449799976896,0.009969449799976896,0.009901758339259652,0.009901758339259652,0.014814242719928485,0.014814242719928485,0.004921582497873573,0.004921582497873573,0.009969449799976896,0.009969449799976896,0.009901758339259652,0.009901758339259652,0.000523458333191229
nomao,LightGBM,3447,2.7357595544002276e-05,0.002103834546971972,0.002103834546971972,0.0,-0.004303769473713488,0.0,-0.003698165630269013,0.0,-0.004331444759325081,0.0,-0.004111126621102528,0.002068426267139274,0.002068426267139274,0.005020321892376298,0.005020321892376298,0.0015859916044326948,0.0015859916044326948,0.002891579921316089,0.002891579921316089,0.002068426267139274,0.002068426267139274,0.005020321892376298,0.005020321892376298,0.0015859916044326948,0.0015859916044326948,0.002891579921316089,0.002891579921316089,0.0006908056663329868
nomao,LinearModel,3447,7.56566533120852e-05,0.004612081453781588,0.004612081453781588,0.0,-0.0019675081656865645,0.0,-0.0008315745755698262,0.0,-0.0021978297869056094,0.0,-0.0016656375093873335,0.0007831813731803885,0.0007831813731803885,0.007423133492052843,0.007423133492052843,0.0,-0.001001167592574216,0.0027354382884110773,0.002401715757553005,0.0007831813731803885,0.0007831813731803885,0.007423133492052843,0.007423133492052843,0.0,-0.001001167592574216,0.0027354382884110773,0.002401715757553005,0.0006024583332570425
nomao,NeuralNetFastAI,3447,8.557584359431473e-05,0.004501180151485815,0.004501180151485815,0.0,-0.002753034861095357,0.0,-0.0023505868514350292,0.0,-0.003135402632685702,0.0,-0.0027463414484053626,0.0026171853621978153,0.0026171853621978153,0.0034541587678714137,0.0034541587678714137,0.005230788465858405,0.005230788465858405,0.0037673775319758776,0.0037673775319758776,0.0026171853621978153,0.0026171853621978153,0.0034541587678714137,0.0034541587678714137,0.005230788465858405,0.005230788465858405,0.0037673775319758776,0.0037673775319758776,0.0005709026663680561
nomao,NeuralNetTorch,3447,9.360997247336185e-05,0.00656317371732796,0.00656317371732796,0.0,-0.0021622267838086622,0.0,-0.0020658068067280857,0.0,-0.002393348614239251,0.0,-0.0022071274015919994,0.005877865538039427,0.005877865538039427,0.006904719909896233,0.006904719909896233,0.00688845885887554,0.00688845885887554,0.006557014768937067,0.006557014768937067,0.005877865538039427,0.005877865538039427,0.006904719909896233,0.006904719909896233,0.00688845885887554,0.00688845885887554,0.006557014768937067,0.006557014768937067,0.0005641806674248073
nomao,RandomForest,3447,0.00211467999050397,0.025183486880836287,0.025183486880836287,0.0,-0.0011987165562750374,0.0,-0.0017553182804244407,0.0,-0.00013362581915561946,0.0,-0.0010292202186183658,0.014061249722328122,0.014061249722328122,0.011912521026749731,0.011912521026749731,0.020126426851305022,0.020126426851305022,0.015366732533460959,0.015366732533460959,0.014061249722328122,0.014061249722328122,0.011912521026749731,0.011912521026749731,0.020126426851305022,0.020126426851305022,0.015366732533460959,0.015366732533460959,0.0005118750001808318
nomao,XGBoost,3447,9.556992200958155e-06,0.0014441128888325516,0.0014441128888325516,0.0,-0.0033695021150170453,0.0,-0.0033637379647969163,0.0,-0.0037816418793854105,0.0,-0.003504960653066458,0.0017918318631731725,0.0017918318631731725,0.0021485580002728938,0.0021485580002728938,0.0038312674830846384,0.0038312674830846384,0.002590552448843568,0.002590552448843568,0.0017918318631731725,0.0017918318631731725,0.0021485580002728938,0.0021485580002728938,0.0038312674830846384,0.0038312674830846384,0.002590552448843568,0.002590552448843568,0.0005713056671083905
numerai28_6,CatBoost,9632,0.00035483117713662227,0.011971280148927357,0.011971280148927357,0.0006032160792988033,0.0006032160792988033,0.0007868262038995469,0.0007868262038995469,0.00037450670262195544,0.00037450670262195544,0.0005881829952734352,0.0005881829952734352,0.020910008844495613,0.020910008844495613,0.02117720540254021,0.02117720540254021,0.0123337695183251,0.0123337695183251,0.018140327921786974,0.018140327921786974,0.020910008844495613,0.020910008844495613,0.02117720540254021,0.02117720540254021,0.0123337695183251,0.0123337695183251,0.018140327921786974,0.018140327921786974,0.0014593196671436697
numerai28_6,ExtraTrees,9632,0.0001826482708778305,0.01051235737656537,0.01051235737656537,0.0005534093397636798,0.0005534093397636798,0.0004895992628230946,0.0004895992628230946,0.0009312752753089118,0.0009312752753089118,0.0006580946259652287,0.0006580946259652287,0.0194328362771938,0.0194328362771938,0.016576858924274823,0.016576858924274823,0.017160173759260447,0.017160173759260447,0.01772328965357636,0.01772328965357636,0.0194328362771938,0.0194328362771938,0.016576858924274823,0.016576858924274823,0.017160173759260447,0.017160173759260447,0.01772328965357636,0.01772328965357636,0.0015898890002669457
numerai28_6,LightGBM,9632,0.0002515680942445501,0.011848843371823578,0.011848843371823578,0.000519476245940758,0.000519476245940758,0.0007887860943746544,0.0007887860943746544,0.0006387998937947044,0.0006387998937947044,0.0006490207447033724,0.0006490207447033724,0.017995275461124224,0.017995275461124224,0.026454979662112025,0.026454979662112025,0.02261663639478608,0.02261663639478608,0.022355630506007446,0.022355630506007446,0.017995275461124224,0.017995275461124224,0.026454979662112025,0.026454979662112025,0.02261663639478608,0.02261663639478608,0.022355630506007446,0.022355630506007446,0.0014693470002384856
numerai28_6,LinearModel,9632,0.0002761142419707706,0.01254462680633975,0.01254462680633975,0.0005935790390704214,0.0005935790390704214,0.0005261341650501608,0.0005261341650501608,0.00015421936489836788,0.00015421936489836788,0.00042464418967298333,0.00042464418967298333,0.02091394171762308,0.02091394171762308,0.019787047831867622,0.019787047831867622,0.008763030443674703,0.008763030443674703,0.01648800666438847,0.01648800666438847,0.02091394171762308,0.02091394171762308,0.019787047831867622,0.019787047831867622,0.008763030443674703,0.008763030443674703,0.01648800666438847,0.01648800666438847,0.0014779443336010445
numerai28_6,NeuralNetFastAI,9632,0.0002771364253259482,0.013133332572654633,0.013133332572654633,0.00041216891165285236,0.00041216891165285236,0.0005344097002163325,0.0005344097002163325,0.0006530870702842931,0.0006530870702842931,0.0005332218940511593,0.0005332218940511593,0.018257968563994895,0.018257968563994895,0.018222762318173318,0.018222762318173318,0.01953482200574142,0.01953482200574142,0.018671850962636547,0.018671850962636547,0.018257968563994895,0.018257968563994895,0.018222762318173318,0.018222762318173318,0.01953482200574142,0.01953482200574142,0.018671850962636547,0.018671850962636547,0.0015495556666185923
numerai28_6,NeuralNetTorch,9632,0.0002644595391366567,0.012526102667284567,0.012526102667284567,0.000570366646689618,0.000570366646689618,0.0005971924304099177,0.0005971924304099177,0.0005127134723409505,0.0005127134723409505,0.0005600908498134954,0.0005600908498134954,0.018993126231545823,0.018993126231545823,0.020574246718860743,0.020574246718860743,0.02162273915366972,0.02162273915366972,0.020396704034692095,0.020396704034692095,0.018993126231545823,0.018993126231545823,0.020574246718860743,0.020574246718860743,0.02162273915366972,0.02162273915366972,0.020396704034692095,0.020396704034692095,0.001458541667185879
numerai28_6,RandomForest,9632,0.00012645464047984857,0.0071427804631400745,0.0071427804631400745,0.00040738353031963753,0.00040738353031963753,0.0005764515574802809,0.0005764515574802809,0.0005393068983697725,0.0005393068983697725,0.0005077139953898969,0.0005077139953898969,0.01630812318085931,0.01630812318085931,0.015228285621294746,0.015228285621294746,0.014191670092658148,0.014191670092658148,0.015242692964937401,0.015242692964937401,0.01630812318085931,0.01630812318085931,0.015228285621294746,0.015228285621294746,0.014191670092658148,0.014191670092658148,0.015242692964937401,0.015242692964937401,0.0014306666659346472
numerai28_6,XGBoost,9632,0.0003256287364334502,0.01252303114377482,0.01252303114377482,0.0006447912376146218,0.0006447912376146218,0.0010624957111900993,0.0010624957111900993,0.0008153487024174571,0.0008153487024174571,0.0008408785504073927,0.0008408785504073927,0.022831119043115168,0.022831119043115168,0.02794210592043459,0.02794210592043459,0.022709768398531845,0.022709768398531845,0.02449433112069387,0.02449433112069387,0.022831119043115168,0.022831119043115168,0.02794210592043459,0.02794210592043459,0.022709768398531845,0.022709768398531845,0.02449433112069387,0.02449433112069387,0.0018680696666706353
