dataset,model,test_size,true_brier,true_l1,true_l2,TS-CV_brier_draw0,TS-CV_brier_draw0_unclipped,TS-CV_brier_draw1,TS-CV_brier_draw1_unclipped,TS-CV_brier_draw2,TS-CV_brier_draw2_unclipped,TS-CV_brier,TS-CV_brier_unclipped,TS-CV_l1_draw0,TS-CV_l1_draw0_unclipped,TS-CV_l1_draw1,TS-CV_l1_draw1_unclipped,TS-CV_l1_draw2,TS-CV_l1_draw2_unclipped,TS-CV_l1,TS-CV_l1_unclipped,TS-CV_l2_draw0,TS-CV_l2_draw0_unclipped,TS-CV_l2_draw1,TS-CV_l2_draw1_unclipped,TS-CV_l2_draw2,TS-CV_l2_draw2_unclipped,TS-CV_l2,TS-CV_l2_unclipped,TS-CV_time
2dplanes,CatBoost,4077,0.0010357467002906422,0.016759806470045092,0.016759806470045092,0.0003299902369214252,0.0003299902369214252,0.00039819242758665457,0.00039819242758665457,1.642759162904221e-05,1.642759162904221e-05,0.000248203418712374,0.000248203418712374,0.005447898340585208,0.005447898340585208,0.008881795814217781,0.008881795814217781,0.002995114430847656,0.002995114430847656,0.005774936195216882,0.005774936195216882,0.005447898340585208,0.005447898340585208,0.008881795814217781,0.008881795814217781,0.002995114430847656,0.002995114430847656,0.005774936195216882,0.005774936195216882,0.020793514000009356
2dplanes,ExtraTrees,4077,0.00060943821379165,0.013471089267672749,0.013471089267672749,0.00036673768768631,0.00036673768768631,0.0005154581456667822,0.0005154581456667822,2.2928277256868463e-05,2.2928277256868463e-05,0.00030170803686998686,0.00030170803686998686,0.011120354669293897,0.011120354669293897,0.013328475586826514,0.013328475586826514,0.0044960430516947265,0.0044960430516947265,0.009648291102605046,0.009648291102605046,0.011120354669293897,0.011120354669293897,0.013328475586826514,0.013328475586826514,0.0044960430516947265,0.0044960430516947265,0.009648291102605046,0.009648291102605046,0.02060434733236131
2dplanes,LightGBM,4077,0.0006452912859289947,0.014063984582822505,0.014063984582822505,0.00017813354079375016,0.00017813354079375016,0.00026880972532937974,0.00026880972532937974,0.0,-8.119164283125626e-05,0.00014898108870770998,0.00012191720776395789,0.0050735336211692175,0.0050735336211692175,0.009979101440644322,0.009979101440644322,0.0048282552301954626,0.0048282552301954626,0.006626963430669667,0.006626963430669667,0.0050735336211692175,0.0050735336211692175,0.009979101440644322,0.009979101440644322,0.0048282552301954626,0.0048282552301954626,0.006626963430669667,0.006626963430669667,0.019310069333490294
2dplanes,LinearModel,4077,0.006020850286611491,0.05546835795935246,0.05546835795935246,2.8256298501368946e-05,2.8256298501368946e-05,0.0,-8.453870109830172e-05,0.0,-7.68602482782986e-06,9.418766167122983e-06,-2.1322809141587547e-05,0.013061821153738072,0.013061821153738072,0.003985910981863614,0.003985910981863614,0.007420418161341703,0.007420418161341703,0.008156050098981129,0.008156050098981129,0.013061821153738072,0.013061821153738072,0.003985910981863614,0.003985910981863614,0.007420418161341703,0.007420418161341703,0.008156050098981129,0.008156050098981129,0.020089222332899226
2dplanes,NeuralNetFastAI,4077,0.0003691270459463433,0.010036207619855754,0.010036207619855754,0.00013188515365917294,0.00013188515365917294,0.0002556148229599603,0.0002556148229599603,0.0,-5.9013825950044475e-05,0.00012916665887304442,0.00010949538355636292,0.006091884951263174,0.006091884951263174,0.008058933136650095,0.008058933136650095,0.0,-0.0003160826910744879,0.0047169393626377565,0.004611578465612927,0.006091884951263174,0.006091884951263174,0.008058933136650095,0.008058933136650095,0.0,-0.0003160826910744879,0.0047169393626377565,0.004611578465612927,0.01963102766724963
2dplanes,NeuralNetTorch,4077,0.0003406932270880549,0.009938694772379074,0.009938694772379074,5.039732865887315e-05,5.039732865887315e-05,6.906431580449261e-05,6.906431580449261e-05,0.0,-6.124764875088402e-05,3.982054815445526e-05,1.940466523749392e-05,0.0035341916854903905,0.0035341916854903905,0.006971780350977117,0.006971780350977117,0.0003249546916513122,0.0003249546916513122,0.0036103089093729394,0.0036103089093729394,0.0035341916854903905,0.0035341916854903905,0.006971780350977117,0.006971780350977117,0.0003249546916513122,0.0003249546916513122,0.0036103089093729394,0.0036103089093729394,0.019596694334419833
2dplanes,RandomForest,4077,0.000662710189717478,0.012572317079092885,0.012572317079092885,0.00012049545015283743,0.00012049545015283743,0.00019814847914569785,0.00019814847914569785,0.0,-4.190137893863835e-05,0.00010621464309951176,9.224751678663231e-05,0.003665630749945697,0.003665630749945697,0.003923239394323272,0.003923239394323272,0.0,-0.007716899058858346,0.00252962338142299,-4.267630486312566e-05,0.003665630749945697,0.003665630749945697,0.003923239394323272,0.003923239394323272,0.0,-0.007716899058858346,0.00252962338142299,-4.267630486312566e-05,0.019636305667518172
2dplanes,XGBoost,4077,0.0007391555875778144,0.013616694989012785,0.013616694989012785,0.0001813342693013816,0.0001813342693013816,0.0002099424395239161,0.0002099424395239161,0.0,-8.148620440088132e-05,0.00013042556960843256,0.00010326350147480545,0.004581709380376045,0.004581709380376045,0.008019974529472859,0.008019974529472859,0.0,-0.0018128813961254665,0.0042005613032829675,0.003596267504574479,0.004581709380376045,0.004581709380376045,0.008019974529472859,0.008019974529472859,0.0,-0.0018128813961254665,0.0042005613032829675,0.003596267504574479,0.019312833333970048
APSFailure,CatBoost,7600,0.00023072929039153674,0.0018584471185175446,0.0018584471185175446,3.170764843141299e-06,3.170764843141299e-06,0.0,-5.264348021246237e-06,8.927209262990856e-06,8.927209262990856e-06,4.032658035377385e-06,2.277875361628639e-06,0.0008249215726415346,0.0008249215726415346,0.0,-0.00083811281191246,0.0004014820173827167,0.0004014820173827167,0.0004088011966747504,0.0001294302593705971,0.0008249215726415346,0.0008249215726415346,0.0,-0.00083811281191246,0.0004014820173827167,0.0004014820173827167,0.0004088011966747504,0.0001294302593705971,0.027319805332808755
APSFailure,ExtraTrees,7600,0.0006226824370906533,0.0051914377608753915,0.0051914377608753915,6.463055733848095e-05,6.463055733848095e-05,0.0001193894778485154,0.0001193894778485154,0.0002553833595293306,0.0002553833595293306,0.00014646779823877565,0.00014646779823877565,0.0030564307951039824,0.0030564307951039824,0.00397748342668293,0.00397748342668293,0.004503799216156614,0.004503799216156614,0.003845904479314509,0.003845904479314509,0.0030564307951039824,0.0030564307951039824,0.00397748342668293,0.00397748342668293,0.004503799216156614,0.004503799216156614,0.003845904479314509,0.003845904479314509,0.026715791666598914
APSFailure,LightGBM,7600,0.00045686417862927437,0.0026085678974425864,0.0026085678974425864,9.967527425867577e-06,9.967527425867577e-06,0.0,-2.7138399260505263e-06,0.0,-8.558982424960926e-07,3.3225091419558593e-06,2.132596419106986e-06,0.0010500041538113547,0.0010500041538113547,0.0,-0.00029224565683833996,0.0,-0.0007378968999544093,0.0003500013846037849,6.620532339535125e-06,0.0010500041538113547,0.0010500041538113547,0.0,-0.00029224565683833996,0.0,-0.0007378968999544093,0.0003500013846037849,6.620532339535125e-06,0.025094625000444164
APSFailure,LinearModel,7600,0.0003803322741956466,0.0034943082985187082,0.0034943082985187082,4.9539248096672656e-05,4.9539248096672656e-05,0.0,-3.140457820022809e-05,1.9080803863810705e-05,1.9080803863810705e-05,2.2873350653494454e-05,1.240515792008509e-05,0.0018254224192564739,0.0018254224192564739,0.0,-0.0011196555401437568,0.0008399202202807447,0.0008399202202807447,0.0008884475465124062,0.0005152290331311539,0.0018254224192564739,0.0018254224192564739,0.0,-0.0011196555401437568,0.0008399202202807447,0.0008399202202807447,0.0008884475465124062,0.0005152290331311539,0.027133528000073664
APSFailure,NeuralNetFastAI,7600,0.0005370516703016731,0.002903728571302389,0.002903728571302389,2.1827874675916754e-05,2.1827874675916754e-05,2.772902219762432e-05,2.772902219762432e-05,0.0,-1.0195647442152667e-05,1.6518965624513692e-05,1.312041647712947e-05,0.0018273486582867057,0.0018273486582867057,0.0015641907635498636,0.0015641907635498636,0.000379980237234074,0.000379980237234074,0.0012571732196902143,0.0012571732196902143,0.0018273486582867057,0.0018273486582867057,0.0015641907635498636,0.0015641907635498636,0.000379980237234074,0.000379980237234074,0.0012571732196902143,0.0012571732196902143,0.02683608333245502
APSFailure,NeuralNetTorch,7600,0.0003528082933513664,0.0026576990019937415,0.0026576990019937415,3.848309315690568e-05,3.848309315690568e-05,0.0,-6.802092311191972e-05,0.0,-3.380618675384391e-06,1.2827697718968561e-05,-1.0972816210132811e-05,0.0028630611364767328,0.0028630611364767328,0.0,-0.0006329132999831257,0.0,-0.0016190252330811985,0.000954353712158911,0.00020370753447080284,0.0028630611364767328,0.0028630611364767328,0.0,-0.0006329132999831257,0.0,-0.0016190252330811985,0.000954353712158911,0.00020370753447080284,0.026994041666815367
APSFailure,RandomForest,7600,0.0007705903281132056,0.0069554844467050935,0.0069554844467050935,0.0,-0.00012956617494162126,0.0,-2.868585461178738e-05,0.0,-7.394976697601221e-05,0.0,-7.740059884314028e-05,0.0,-0.0003578947613775534,0.0,-0.002995614016881997,0.0,-0.0024631579192722903,0.0,-0.0019388888991772803,0.0,-0.0003578947613775534,0.0,-0.002995614016881997,0.0,-0.0024631579192722903,0.0,-0.0019388888991772803,0.02783069433280616
APSFailure,XGBoost,7600,0.0004522037960324727,0.00276524990062937,0.00276524990062937,0.0,-5.868246477261026e-07,0.0,-1.089050706217343e-05,1.632982732002199e-06,1.632982732002199e-06,5.443275773340663e-07,-3.2814496592991118e-06,0.0006688456956582836,0.0006688456956582836,0.0,-0.0007777254295624994,0.0,-0.00010363508788079917,0.00022294856521942787,-7.083827392833833e-05,0.0006688456956582836,0.0006688456956582836,0.0,-0.0007777254295624994,0.0,-0.00010363508788079917,0.00022294856521942787,-7.083827392833833e-05,0.027449138999751693
Amazon_employee_access,CatBoost,3277,6.587767880525423e-05,0.007047274838570309,0.007047274838570309,0.00021360597022313278,0.00021360597022313278,0.0,-8.314965173777268e-05,9.980138892113944e-05,9.980138892113944e-05,0.0001044691197147574,7.675256913549984e-05,0.010956533656756544,0.010956533656756544,0.005463704849921024,0.005463704849921024,0.008210119253338784,0.008210119253338784,0.008210119253338784,0.008210119253338784,0.010956533656756544,0.010956533656756544,0.005463704849921024,0.005463704849921024,0.008210119253338784,0.008210119253338784,0.008210119253338784,0.008210119253338784,0.01418004166650159
Amazon_employee_access,ExtraTrees,3277,0.0011848128098959204,0.021936008014946693,0.021936008014946693,0.0003831338868313723,0.0003831338868313723,0.000499274159384713,0.000499274159384713,0.0005408851872736968,0.0005408851872736968,0.0004744310778299274,0.0004744310778299274,0.014284745213423046,0.014284745213423046,0.017031159616840805,0.017031159616840805,0.017946631084646725,0.017946631084646725,0.01642084530497019,0.01642084530497019,0.014284745213423046,0.014284745213423046,0.017031159616840805,0.017031159616840805,0.017946631084646725,0.017946631084646725,0.01642084530497019,0.01642084530497019,0.014773888666240964
Amazon_employee_access,LightGBM,3277,0.00011584613744030146,0.006122729817486624,0.006122729817486624,7.12765248599038e-05,7.12765248599038e-05,0.0,-5.008927103315597e-06,8.962289502164723e-06,8.962289502164723e-06,2.6746271454022842e-05,2.5076629086250975e-05,0.007675403176028444,0.007675403176028444,0.003708360148869457,0.003708360148869457,0.0007339195644742729,0.0007339195644742729,0.004039227629790725,0.004039227629790725,0.007675403176028444,0.007675403176028444,0.003708360148869457,0.003708360148869457,0.0007339195644742729,0.0007339195644742729,0.004039227629790725,0.004039227629790725,0.014169999999770274
Amazon_employee_access,LinearModel,3277,0.000577567983805529,0.015529851627251633,0.015529851627251633,0.00018428747629464226,0.00018428747629464226,2.250042233146467e-05,2.250042233146467e-05,4.6408492472721376e-05,4.6408492472721376e-05,8.439879703294277e-05,8.439879703294277e-05,0.010882584751561753,0.010882584751561753,0.00935679897188522,0.00935679897188522,0.008136170348143993,0.008136170348143993,0.009458518023863655,0.009458518023863655,0.010882584751561753,0.010882584751561753,0.00935679897188522,0.00935679897188522,0.008136170348143993,0.008136170348143993,0.009458518023863655,0.009458518023863655,0.015254125000258986
Amazon_employee_access,NeuralNetFastAI,3277,0.0003750018116364677,0.009594039574861163,0.009594039574861163,0.0,-2.9373770981202263e-05,0.0,-0.00014477414610308584,0.0,-0.0001142373427860863,0.0,-9.612841995679147e-05,0.0006090049604326259,0.0006090049604326259,0.0,-0.00030632667200282323,0.0,-0.002753336486163065,0.00020300165347754198,-0.0008168860659110874,0.0006090049604326259,0.0006090049604326259,0.0,-0.00030632667200282323,0.0,-0.002753336486163065,0.00020300165347754198,-0.0008168860659110874,0.014409819332892463
Amazon_employee_access,NeuralNetTorch,3277,0.001192830126488589,0.0172959970043751,0.0172959970043751,0.00013638161128085846,0.00013638161128085846,0.00021791103299115597,0.00021791103299115597,0.0003559216833421697,0.0003559216833421697,0.00023673810920472803,0.00023673810920472803,0.0071131898829731085,0.0071131898829731085,0.012304780525625716,0.012304780525625716,0.01383278035320885,0.01383278035320885,0.011083583587269226,0.011083583587269226,0.0071131898829731085,0.0071131898829731085,0.012304780525625716,0.012304780525625716,0.01383278035320885,0.01383278035320885,0.011083583587269226,0.011083583587269226,0.014504708333940167
Amazon_employee_access,RandomForest,3277,0.0010407990874690906,0.019401031244190358,0.019401031244190358,0.0007425018090418073,0.0007425018090418073,0.0007842720046845955,0.0007842720046845955,0.0006901516992457276,0.0006901516992457276,0.0007389751709907101,0.0007389751709907101,0.018659603229229646,0.018659603229229646,0.01988025728089074,0.01988025728089074,0.017438873985135994,0.017438873985135994,0.01865957816508546,0.01865957816508546,0.018659603229229646,0.018659603229229646,0.01988025728089074,0.01988025728089074,0.017438873985135994,0.017438873985135994,0.01865957816508546,0.01865957816508546,0.014101708333328133
Amazon_employee_access,XGBoost,3277,6.127144786686918e-05,0.006959118745905035,0.006959118745905035,5.3583587928292203e-05,5.3583587928292203e-05,0.0,-7.078303456820361e-05,0.0001322942872995195,0.0001322942872995195,6.19592917426039e-05,3.8364946886536025e-05,0.009519647281681724,0.009519647281681724,0.006468075722328657,0.006468075722328657,0.010129961593552337,0.010129961593552337,0.00870589486585424,0.00870589486585424,0.009519647281681724,0.009519647281681724,0.006468075722328657,0.006468075722328657,0.010129961593552337,0.010129961593552337,0.00870589486585424,0.00870589486585424,0.014250097333084947
Click_prediction_small,CatBoost,3995,0.00038633628898235186,0.01768859708588454,0.01768859708588454,0.0005405575031777113,0.0005405575031777113,0.0002359904028541547,0.0002359904028541547,3.2564896611898484e-05,3.2564896611898484e-05,0.0002697042675479215,0.0002697042675479215,0.02401125643773002,0.02401125643773002,0.01550061813985768,0.01550061813985768,0.007240292733099232,0.007240292733099232,0.015584055770228977,0.015584055770228977,0.02401125643773002,0.02401125643773002,0.01550061813985768,0.01550061813985768,0.007240292733099232,0.007240292733099232,0.015584055770228977,0.015584055770228977,0.02014449999963593
Click_prediction_small,ExtraTrees,3995,0.0008215564260373532,0.023610837407146718,0.023610837407146718,0.0007534645958404028,0.0007534645958404028,0.0004938293380475419,0.0004938293380475419,0.0006229172148365026,0.0006229172148365026,0.0006234037162414825,0.0006234037162414825,0.026290478226140106,0.026290478226140106,0.021284220403862256,0.021284220403862256,0.022285471968317826,0.022285471968317826,0.023286723532773394,0.023286723532773394,0.026290478226140106,0.026290478226140106,0.021284220403862256,0.021284220403862256,0.022285471968317826,0.022285471968317826,0.023286723532773394,0.023286723532773394,0.019489180334251916
Click_prediction_small,LightGBM,3995,0.0004458847215889114,0.01815457796381882,0.01815457796381882,0.000564971674243494,0.000564971674243494,0.00037516101507832243,0.00037516101507832243,8.16402304744108e-05,8.16402304744108e-05,0.00034059097326540906,0.00034059097326540906,0.02295119765929141,0.02295119765929141,0.020448068748152488,0.020448068748152488,0.007431798410230084,0.007431798410230084,0.016943688272557992,0.016943688272557992,0.02295119765929141,0.02295119765929141,0.020448068748152488,0.020448068748152488,0.007431798410230084,0.007431798410230084,0.016943688272557992,0.016943688272557992,0.01949011099956503
Click_prediction_small,LinearModel,3995,0.003433357252839177,0.038138102764381475,0.038138102764381475,0.0,-0.0001767225989472729,0.0,-0.00016122160821276885,0.0,-0.00011894767745665251,0.0,-0.00015229729487223142,0.0,-0.007940479709145534,0.0,-0.0006814058668426563,0.0,-0.0009317187579565487,0.0,-0.0031845347779815795,0.0,-0.007940479709145534,0.0,-0.0006814058668426563,0.0,-0.0009317187579565487,0.0,-0.0031845347779815795,0.019409500000620028
Click_prediction_small,NeuralNetFastAI,3995,0.0006152494557119272,0.02168230629401941,0.02168230629401941,0.0008576724805577953,0.0008576724805577953,0.0004416939014053323,0.0004416939014053323,0.000188841223881184,0.000188841223881184,0.0004960692019481039,0.0004960692019481039,0.028592051895165137,0.028592051895165137,0.021833603835090042,0.021833603835090042,0.014574529992787164,0.014574529992787164,0.021666728574347444,0.021666728574347444,0.028592051895165137,0.028592051895165137,0.021833603835090042,0.021833603835090042,0.014574529992787164,0.014574529992787164,0.021666728574347444,0.021666728574347444,0.019786860999981098
Click_prediction_small,NeuralNetTorch,3995,0.000906484864703196,0.025087184047802014,0.025087184047802014,0.0007062936960231576,0.0007062936960231576,0.0004734642207130157,0.0004734642207130157,0.0003051209152552824,0.0003051209152552824,0.0004949596106638186,0.0004949596106638186,0.024644185627783848,0.024644185627783848,0.02164043093441714,0.02164043093441714,0.0163838602210254,0.0163838602210254,0.020889492261075462,0.020889492261075462,0.024644185627783848,0.024644185627783848,0.02164043093441714,0.02164043093441714,0.0163838602210254,0.0163838602210254,0.020889492261075462,0.020889492261075462,0.019644388667074963
Click_prediction_small,RandomForest,3995,0.0011413213978873715,0.02535429986824517,0.02535429986824517,0.0008454121614978983,0.0008454121614978983,0.00044962872893675773,0.00044962872893675773,0.00027484324599168263,0.00027484324599168263,0.0005232947121421129,0.0005232947121421129,0.028289087674484643,0.028289087674484643,0.02077970094106787,0.02077970094106787,0.01727532046547338,0.01727532046547338,0.02211470302700863,0.02211470302700863,0.028289087674484643,0.028289087674484643,0.02077970094106787,0.02077970094106787,0.01727532046547338,0.01727532046547338,0.02211470302700863,0.02211470302700863,0.021357402666277874
Click_prediction_small,XGBoost,3995,0.00047790328474461684,0.018971117007725632,0.018971117007725632,0.00045821552623417255,0.00045821552623417255,0.00032740129119507717,0.00032740129119507717,0.00011256988142300351,0.00011256988142300351,0.0002993955662840844,0.0002993955662840844,0.02168917470120327,0.02168917470120327,0.0174338555522671,0.0174338555522671,0.010675407492192007,0.010675407492192007,0.016599479248554126,0.016599479248554126,0.02168917470120327,0.02168917470120327,0.0174338555522671,0.0174338555522671,0.010675407492192007,0.010675407492192007,0.016599479248554126,0.016599479248554126,0.021605638667097082
PhishingWebsites,CatBoost,1106,0.00011501653449411958,0.003910267557744939,0.003910267557744939,0.0,-0.00019861611454157537,0.0,-9.98457041572009e-05,0.0,-4.297476084082333e-05,0.0,-0.00011381219317986654,0.0003801348865444816,0.0003801348865444816,0.00014195336061555166,0.00014195336061555166,0.0012671585125853292,0.0012671585125853292,0.0005964155865817875,0.0005964155865817875,0.0003801348865444816,0.0003801348865444816,0.00014195336061555166,0.00014195336061555166,0.0012671585125853292,0.0012671585125853292,0.0005964155865817875,0.0005964155865817875,0.010769680667484257
PhishingWebsites,ExtraTrees,1106,0.0066681586143801565,0.05625384704162044,0.05625384704162044,0.005040752223128991,0.005040752223128991,0.005779194785063,0.005779194785063,0.006526540529439334,0.006526540529439334,0.005782162512543775,0.005782162512543775,0.05439027861149301,0.05439027861149301,0.053486119479485776,0.053486119479485776,0.053486119479485776,0.053486119479485776,0.05378750585682152,0.05378750585682152,0.05439027861149301,0.05439027861149301,0.053486119479485776,0.053486119479485776,0.053486119479485776,0.053486119479485776,0.05378750585682152,0.05378750585682152,0.010629569333104882
PhishingWebsites,LightGBM,1106,9.452185636811948e-05,0.0038107923112926127,0.0038107923112926127,0.0,-0.00023452904077092532,5.975129220697508e-05,5.975129220697508e-05,0.0,-0.00012375885189879003,1.9917097402325025e-05,-9.951220015424675e-05,0.0,-0.0046645453566226186,0.0036374883341968645,0.0036374883341968645,0.0025917254549771788,0.0025917254549771788,0.0020764045963913478,0.0005215561441838083,0.0,-0.0046645453566226186,0.0036374883341968645,0.0036374883341968645,0.0025917254549771788,0.0025917254549771788,0.0020764045963913478,0.0005215561441838083,0.010843653000241224
PhishingWebsites,LinearModel,1106,0.00021872736660312296,0.00902476140604523,0.00902476140604523,0.0,-0.00012408670140347873,0.0,-0.0001956474334063618,0.0,-0.0002660678398139011,0.0,-0.00019526732487458052,0.0073227135954128586,0.0073227135954128586,0.0,-0.00229239117820306,0.0,-0.0008390336815033879,0.002440904531804286,0.0013970962452354702,0.0073227135954128586,0.0073227135954128586,0.0,-0.00229239117820306,0.0,-0.0008390336815033879,0.002440904531804286,0.0013970962452354702,0.01079740299974219
PhishingWebsites,NeuralNetFastAI,1106,4.744237505240245e-05,0.003141969719634052,0.003141969719634052,0.0,-2.629079893008424e-05,0.00014983274848299758,0.00014983274848299758,0.0,-8.610538739427832e-05,4.994424949433253e-05,1.2478854052878338e-05,0.0,-0.00010578019246640092,0.005552317563856188,0.005552317563856188,0.0011692890385562003,0.0011692890385562003,0.0022405355341374627,0.0022052754699819956,0.0,-0.00010578019246640092,0.005552317563856188,0.005552317563856188,0.0011692890385562003,0.0011692890385562003,0.0022405355341374627,0.0022052754699819956,0.010724485999768755
PhishingWebsites,NeuralNetTorch,1106,0.00011321565322257829,0.004358799474228134,0.004358799474228134,0.0,-5.897863164345232e-05,8.374281105614027e-05,8.374281105614027e-05,0.0,-0.00022425213660285528,2.7914270352046757e-05,-6.649598573005577e-05,0.0010946647283327786,0.0010946647283327786,0.00765949806667319,0.00765949806667319,0.0,-0.009862644152730736,0.0029180542650019893,-0.000369493785908256,0.0010946647283327786,0.0010946647283327786,0.00765949806667319,0.00765949806667319,0.0,-0.009862644152730736,0.0029180542650019893,-0.000369493785908256,0.010737833334133029
PhishingWebsites,RandomForest,1106,0.005133421861791541,0.04618638428999584,0.04618638428999584,0.003576447406208266,0.003576447406208266,0.004271605222428225,0.004271605222428225,0.004570973028179612,0.004570973028179612,0.004139675218938701,0.004139675218938701,0.04392383444226597,0.04392383444226597,0.0448279935742732,0.0448279935742732,0.043019675310258736,0.043019675310258736,0.04392383444226597,0.04392383444226597,0.04392383444226597,0.04392383444226597,0.0448279935742732,0.0448279935742732,0.043019675310258736,0.043019675310258736,0.04392383444226597,0.04392383444226597,0.010263124999861853
PhishingWebsites,XGBoost,1106,8.611671452407753e-05,0.0031778621042838112,0.0031778621042838112,0.0,-0.0001476738134863871,0.0,-9.217782685108673e-06,0.0,-8.054673012699106e-05,0.0,-7.914610876616229e-05,0.0,-0.0009635916379864703,0.0,-0.003295701449019233,0.0008563012396891142,0.0008563012396891142,0.0002854337465630381,-0.0011343306157721965,0.0,-0.0009635916379864703,0.0,-0.003295701449019233,0.0008563012396891142,0.0008563012396891142,0.0002854337465630381,-0.0011343306157721965,0.010751361332950182
Run_or_walk_information,CatBoost,8859,0.00010483370935025374,0.001972443140557718,0.001972443140557718,0.0,-2.5652641563716135e-06,3.60759125368726e-05,3.60759125368726e-05,0.0,-3.224326031089746e-05,1.2025304178957534e-05,4.224626898678414e-07,0.0,-0.0011850535336650715,0.0019110084455594282,0.0019110084455594282,0.000667264129592714,0.000667264129592714,0.0008594241917173808,0.0004644063471623569,0.0,-0.0011850535336650715,0.0019110084455594282,0.0019110084455594282,0.000667264129592714,0.000667264129592714,0.0008594241917173808,0.0004644063471623569,0.03801069433272156
Run_or_walk_information,ExtraTrees,8859,0.002147695508629922,0.02022570610150847,0.02022570610150847,0.0017663267465095644,0.0017663267465095644,0.0016585331948957495,0.0016585331948957495,0.002157175461076167,0.002157175461076167,0.001860678467493827,0.001860678467493827,0.018956615134988718,0.018956615134988718,0.017827819559867373,0.017827819559867373,0.020536928940158603,0.020536928940158603,0.019107121211671563,0.019107121211671563,0.018956615134988718,0.018956615134988718,0.017827819559867373,0.017827819559867373,0.020536928940158603,0.020536928940158603,0.019107121211671563,0.019107121211671563,0.03828331933254958
Run_or_walk_information,LightGBM,8859,0.00010954628564335039,0.0022700646441504158,0.0022700646441504158,2.156944038971494e-05,2.156944038971494e-05,5.399296339955907e-05,5.399296339955907e-05,0.0001245397296969943,0.0001245397296969943,6.670071116208943e-05,6.670071116208943e-05,0.0019137468054566044,0.0019137468054566044,0.0022752772220740293,0.0022752772220740293,0.0026166332100471274,0.0026166332100471274,0.00226855241252592,0.00226855241252592,0.0019137468054566044,0.0019137468054566044,0.0022752772220740293,0.0022752772220740293,0.0026166332100471274,0.0026166332100471274,0.00226855241252592,0.00226855241252592,0.04056886099958016
Run_or_walk_information,LinearModel,8859,0.046580505774797464,0.15507859029528043,0.15507859029528043,0.0005929726760269517,0.0005929726760269517,0.00041651863379067543,0.00041651863379067543,0.0006967589410831808,0.0006967589410831808,0.0005687500836336027,0.0005687500836336027,0.0,-0.03276257006077096,0.0,-0.03683078344781472,0.0,-0.03129484561472305,0.0,-0.033629399707769576,0.0,-0.03276257006077096,0.0,-0.03683078344781472,0.0,-0.03129484561472305,0.0,-0.033629399707769576,0.04010716666622708
Run_or_walk_information,NeuralNetFastAI,8859,0.0001224129144028694,0.003099597334877249,0.003099597334877249,3.837256910359389e-05,3.837256910359389e-05,5.727083871406772e-05,5.727083871406772e-05,8.20522582985202e-05,8.20522582985202e-05,5.923188870539394e-05,5.923188870539394e-05,0.0024796932877565016,0.0024796932877565016,0.002939108416314285,0.002939108416314285,0.0031650746632550506,0.0031650746632550506,0.0028612921224419456,0.0028612921224419456,0.0024796932877565016,0.0024796932877565016,0.002939108416314285,0.002939108416314285,0.0031650746632550506,0.0031650746632550506,0.0028612921224419456,0.0028612921224419456,0.03762454166644602
Run_or_walk_information,NeuralNetTorch,8859,7.932355281150218e-05,0.0019208274511967615,0.0019208274511967615,0.0,-1.1015678963251007e-05,5.045068257464655e-05,5.045068257464655e-05,3.257357000260595e-05,3.257357000260595e-05,2.7674750859084167e-05,2.400285787133383e-05,0.0,-0.001674243543612763,0.0024873025712149385,0.0024873025712149385,0.00237506698255179,0.00237506698255179,0.0016207898512555763,0.0010627086700513218,0.0,-0.001674243543612763,0.0024873025712149385,0.0024873025712149385,0.00237506698255179,0.00237506698255179,0.0016207898512555763,0.0010627086700513218,0.03786451399961758
Run_or_walk_information,RandomForest,8859,0.0007853873470846317,0.010882730248931247,0.010882730248931247,0.0007063040949881474,0.0007063040949881474,0.00086960085505245,0.00086960085505245,0.0006892887668820243,0.0006892887668820243,0.0007550645723075405,0.0007550645723075405,0.010828221913512452,0.010828221913512452,0.010828221913512452,0.010828221913512452,0.010602462798488182,0.010602462798488182,0.01075296887517103,0.01075296887517103,0.010828221913512452,0.010828221913512452,0.010828221913512452,0.010828221913512452,0.010602462798488182,0.010602462798488182,0.01075296887517103,0.01075296887517103,0.038761805666581495
Run_or_walk_information,XGBoost,8859,9.801705724564982e-06,0.0010685539641082551,0.0010685539641082551,0.0,-1.3363902455611694e-05,2.5473138071050735e-05,2.5473138071050735e-05,0.0,-1.9408061839519895e-05,8.491046023683578e-06,-2.432942074693618e-06,0.0,-0.0009217873221732903,0.00215337517650407,0.00215337517650407,0.0003316520397915384,0.0003316520397915384,0.0008283424054318695,0.0005210799647074393,0.0,-0.0009217873221732903,0.00215337517650407,0.00215337517650407,0.0003316520397915384,0.0003316520397915384,0.0008283424054318695,0.0005210799647074393,0.03917598599946359
adult,CatBoost,4885,0.0006152181577692995,0.01687512706217434,0.01687512706217434,0.00027835689130360064,0.00027835689130360064,0.00030893434476978636,0.00030893434476978636,0.0003291807334944004,0.0003291807334944004,0.0003054906565225958,0.0003054906565225958,0.016083291783068634,0.016083291783068634,0.01587847085829652,0.01587847085829652,0.020177421613305588,0.020177421613305588,0.017379728084890248,0.017379728084890248,0.016083291783068634,0.016083291783068634,0.01587847085829652,0.01587847085829652,0.020177421613305588,0.020177421613305588,0.017379728084890248,0.017379728084890248,0.02147248599915959
adult,ExtraTrees,4885,0.0011370991685457355,0.025229521107036034,0.025229521107036034,0.0010037061196371193,0.0010037061196371193,0.0008635059676743533,0.0008635059676743533,0.0006907864015361036,0.0006907864015361036,0.0008526661629491921,0.0008526661629491921,0.024232599108710395,0.024232599108710395,0.02607497372488235,0.02607497372488235,0.02054776834752174,0.02054776834752174,0.023618447060371497,0.023618447060371497,0.024232599108710395,0.024232599108710395,0.02607497372488235,0.02607497372488235,0.02054776834752174,0.02054776834752174,0.023618447060371497,0.023618447060371497,0.023636013667176787
adult,LightGBM,4885,0.0004237835510739854,0.013610577703054249,0.013610577703054249,0.00022080653822507333,0.00022080653822507333,0.00011207229249321396,0.00011207229249321396,0.00027238790570751465,0.00027238790570751465,0.00020175557880860065,0.00020175557880860065,0.015934890800960538,0.015934890800960538,0.010203108903093722,0.010203108903093722,0.015730398020987624,0.015730398020987624,0.013956132575013963,0.013956132575013963,0.015934890800960538,0.015934890800960538,0.010203108903093722,0.010203108903093722,0.015730398020987624,0.015730398020987624,0.013956132575013963,0.013956132575013963,0.022569749999092892
adult,LinearModel,4885,0.00027479023834166164,0.01382074661413434,0.01382074661413434,9.413336074370768e-05,9.413336074370768e-05,6.666007936207552e-05,6.666007936207552e-05,0.00012124647860908654,0.00012124647860908654,9.401330623828992e-05,9.401330623828992e-05,0.010363458867982329,0.010363458867982329,0.009749252343052371,0.009749252343052371,0.009749111203767409,0.009749111203767409,0.009953940804934037,0.009953940804934037,0.010363458867982329,0.010363458867982329,0.009749252343052371,0.009749252343052371,0.009749111203767409,0.009749111203767409,0.009953940804934037,0.009953940804934037,0.02165291666581955
adult,NeuralNetFastAI,4885,0.0007270421928356895,0.019435569401433525,0.019435569401433525,0.0006517838688670722,0.0006517838688670722,0.0004536470940004763,0.0004536470940004763,0.0006169388764786117,0.0006169388764786117,0.0005741232797820534,0.0005741232797820534,0.019411846161329696,0.019411846161329696,0.01715914483371757,0.01715914483371757,0.019821000477920254,0.019821000477920254,0.01879733049098917,0.01879733049098917,0.019411846161329696,0.019411846161329696,0.01715914483371757,0.01715914483371757,0.019821000477920254,0.019821000477920254,0.01879733049098917,0.01879733049098917,0.023873221999868594
adult,NeuralNetTorch,4885,0.0009504127682872356,0.020245912457373255,0.020245912457373255,0.00026339787254775346,0.00026339787254775346,0.00023457906852402584,0.00023457906852402584,0.00029264276945255275,0.00029264276945255275,0.0002635399035081107,0.0002635399035081107,0.0158743942408887,0.0158743942408887,0.01525699780447043,0.01525699780447043,0.01423648047487131,0.01423648047487131,0.015122624173410149,0.015122624173410149,0.0158743942408887,0.0158743942408887,0.01525699780447043,0.01525699780447043,0.01423648047487131,0.01423648047487131,0.015122624173410149,0.015122624173410149,0.023378778000430128
adult,RandomForest,4885,0.0012868164993794738,0.026970672527330302,0.026970672527330302,0.0011256121134618192,0.0011256121134618192,0.001540453879303882,0.001540453879303882,0.0008499111959832168,0.0008499111959832168,0.0011719923962496394,0.0011719923962496394,0.026681592713783103,0.026681592713783103,0.03323228214200196,0.03323228214200196,0.023815491632897815,0.023815491632897815,0.027909788829560956,0.027909788829560956,0.026681592713783103,0.026681592713783103,0.03323228214200196,0.03323228214200196,0.023815491632897815,0.023815491632897815,0.027909788829560956,0.027909788829560956,0.02437223600039336
adult,XGBoost,4885,0.0005345494552161558,0.016391190786140295,0.016391190786140295,0.00015079077676693814,0.00015079077676693814,0.00037431849514835846,0.00037431849514835846,0.00034329725205984045,0.00034329725205984045,0.0002894688413250457,0.0002894688413250457,0.014534882568900773,0.014534882568900773,0.01719615740591583,0.01719615740591583,0.01617258488542292,0.01617258488542292,0.015967874953413175,0.015967874953413175,0.014534882568900773,0.014534882568900773,0.01719615740591583,0.01719615740591583,0.01617258488542292,0.01617258488542292,0.015967874953413175,0.015967874953413175,0.02278402766629976
ailerons,CatBoost,1375,0.00027630217784780714,0.011567778694020077,0.011567778694020077,1.341608343083803e-06,1.341608343083803e-06,0.0,-0.0004132465530777272,0.0,-0.00047924860831549275,4.472027810279343e-07,-0.0002970511843500454,0.0,-0.0047557001129554756,0.0,-0.002409244134810499,0.0,-0.006237067427697846,0.0,-0.004467337225154607,0.0,-0.0047557001129554756,0.0,-0.002409244134810499,0.0,-0.006237067427697846,0.0,-0.004467337225154607,0.011524597333239702
ailerons,ExtraTrees,1375,0.0013176445909882613,0.0290793574283598,0.0290793574283598,0.0007242232422837744,0.0007242232422837744,0.0008620558978414843,0.0008620558978414843,0.0008632526251108975,0.0008632526251108975,0.000816510588412052,0.000816510588412052,0.019396563416145828,0.019396563416145828,0.028123836143418554,0.028123836143418554,0.023032927052509464,0.023032927052509464,0.02351777553735795,0.02351777553735795,0.019396563416145828,0.019396563416145828,0.028123836143418554,0.028123836143418554,0.023032927052509464,0.023032927052509464,0.02351777553735795,0.02351777553735795,0.011370777666646367
ailerons,LightGBM,1375,0.00011693810695666074,0.008554613836744631,0.008554613836744631,0.0,-0.0002366896028089264,0.0,-0.0006454757855694306,0.0,-0.0004600027113159711,0.0,-0.00044738936656477606,0.002655251854691993,0.002655251854691993,0.0028637210101058537,0.0028637210101058537,0.0014107603799043732,0.0014107603799043732,0.0023099110815674065,0.0023099110815674065,0.002655251854691993,0.002655251854691993,0.0028637210101058537,0.0028637210101058537,0.0014107603799043732,0.0014107603799043732,0.0023099110815674065,0.0023099110815674065,0.011264097333575288
ailerons,LinearModel,1375,0.0001836785291027428,0.010391804801025004,0.010391804801025004,0.0,-0.00015992268266491055,0.0,-0.0002596446127243912,0.0,-0.0001237267679586178,0.0,-0.00018109802111597318,0.0,-0.010667297305115921,0.006702809695493092,0.006702809695493092,0.005045190240679817,0.005045190240679817,0.003915999978724303,0.0003602342103523291,0.0,-0.010667297305115921,0.006702809695493092,0.006702809695493092,0.005045190240679817,0.005045190240679817,0.003915999978724303,0.0003602342103523291,0.01125050000094537
ailerons,NeuralNetFastAI,1375,0.0001645495308457295,0.009278845729904126,0.009278845729904126,0.0,-0.00014815265179352196,0.00010479059583153749,0.00010479059583153749,0.0,-0.00038622828178506324,3.4930198610512496e-05,-0.0001431967792490159,0.0,-0.006606983496252062,0.017892684453066316,0.017892684453066316,0.0018657935166952072,0.0018657935166952072,0.0065861593232538415,0.0043838314911698205,0.0,-0.006606983496252062,0.017892684453066316,0.017892684453066316,0.0018657935166952072,0.0018657935166952072,0.0065861593232538415,0.0043838314911698205,0.0114108056659461
ailerons,NeuralNetTorch,1375,0.0002283116865340639,0.010233639353312108,0.010233639353312108,0.0,-0.00011493593818961486,0.0,-0.00023326917675738686,0.0,-0.000361793957031432,0.0,-0.00023666635732614454,0.0011083978411545764,0.0011083978411545764,0.013365544721142876,0.013365544721142876,0.00248692312703034,0.00248692312703034,0.005653621896442598,0.005653621896442598,0.0011083978411545764,0.0011083978411545764,0.013365544721142876,0.013365544721142876,0.00248692312703034,0.00248692312703034,0.005653621896442598,0.005653621896442598,0.011302180667068265
ailerons,RandomForest,1375,0.0006854447630043796,0.0203316415928791,0.0203316415928791,0.00024285897760338145,0.00024285897760338145,0.0003216887222794398,0.0003216887222794398,0.000638857110636609,0.000638857110636609,0.00040113493683981003,0.00040113493683981003,0.011094671259157952,0.011094671259157952,0.019094994491484777,0.019094994491484777,0.020549539946030232,0.020549539946030232,0.016913068565557656,0.016913068565557656,0.011094671259157952,0.011094671259157952,0.019094994491484777,0.019094994491484777,0.020549539946030232,0.020549539946030232,0.016913068565557656,0.016913068565557656,0.011285625000406677
ailerons,XGBoost,1375,7.454605353151486e-05,0.0065705054893200705,0.0065705054893200705,0.0,-8.129921273304945e-05,0.0,-0.0004953444011066431,0.0,-0.00022354253436231042,0.0,-0.0002667287160673343,0.0,-0.009012260881443085,0.006101110531567511,0.006101110531567511,0.0,-0.0012526193815071813,0.0020337035105225036,-0.0013879232437942514,0.0,-0.009012260881443085,0.006101110531567511,0.006101110531567511,0.0,-0.0012526193815071813,0.0020337035105225036,-0.0013879232437942514,0.011415652999858139
bank-marketing,CatBoost,4522,0.0005132235775827006,0.01307845357417823,0.01307845357417823,0.0,-0.0001261925884397105,0.0,-0.00012336383355654424,0.0,-0.0001763859914627717,0.0,-0.00014198080448634215,0.0,-0.005018876810417181,0.0,-0.0020374456822933283,0.0,-0.006557268158327823,0.0,-0.004537863550346111,0.0,-0.005018876810417181,0.0,-0.0020374456822933283,0.0,-0.006557268158327823,0.0,-0.004537863550346111,0.023996277666204453
bank-marketing,ExtraTrees,4522,0.00027389379500799627,0.011776435399688001,0.011776435399688001,0.0,-8.64277337984864e-05,0.0,-8.067725480353183e-05,0.0,-0.00012269137684277852,0.0,-9.659878848159891e-05,0.0037776790972003722,0.0037776790972003722,0.005546807801313596,0.005546807801313596,0.00510452562528529,0.00510452562528529,0.00480967084126642,0.00480967084126642,0.0037776790972003722,0.0037776790972003722,0.005546807801313596,0.005546807801313596,0.00510452562528529,0.00510452562528529,0.00480967084126642,0.00480967084126642,0.021587583333409082
bank-marketing,LightGBM,4522,0.00020177039456570074,0.008544793628403111,0.008544793628403111,0.0,-0.00011323997282197112,0.0,-0.00012333333492042448,0.0,-0.0001717537300850875,0.0,-0.00013610901260916104,0.0,-0.004395166496676642,0.0,-0.0047735038973236825,0.0,-0.0030650829133854886,0.0,-0.004077917769128605,0.0,-0.004395166496676642,0.0,-0.0047735038973236825,0.0,-0.0030650829133854886,0.0,-0.004077917769128605,0.023556805333403947
bank-marketing,LinearModel,4522,0.001231073646633584,0.01771170175477092,0.01771170175477092,0.0,-0.0001810574473162527,0.0,-0.00011994406506129675,0.0,-0.00011474389154014028,0.0,-0.0001385818013058966,0.0,-0.0035936457264221762,0.0,-0.0002756294142562988,0.0,-0.014545344338681893,0.0,-0.006138206493120122,0.0,-0.0035936457264221762,0.0,-0.0002756294142562988,0.0,-0.014545344338681893,0.0,-0.006138206493120122,0.02427919466572348
bank-marketing,NeuralNetFastAI,4522,0.0001663844076763581,0.006980738153360599,0.006980738153360599,3.151725993019478e-06,3.151725993019478e-06,0.0,-1.6074877613135137e-05,1.9677170522684082e-05,1.9677170522684082e-05,7.609632171901186e-06,2.2513396341894744e-06,0.0022744713152714376,0.0022744713152714376,0.002019606398332193,0.002019606398332193,0.006688377878257073,0.006688377878257073,0.0036608185306202345,0.0036608185306202345,0.0022744713152714376,0.0022744713152714376,0.002019606398332193,0.002019606398332193,0.006688377878257073,0.006688377878257073,0.0036608185306202345,0.0036608185306202345,0.024277819332686097
bank-marketing,NeuralNetTorch,4522,0.0001924682271929433,0.006890143246673141,0.006890143246673141,0.0,-7.791579358769562e-06,0.0,-3.127002631778483e-05,0.0,-2.20320504950862e-05,0.0,-2.036455205721353e-05,0.0,-0.001400524587472708,0.0,-0.0019602087318643067,0.0,-0.0008770824960708481,0.0,-0.001412605271802621,0.0,-0.001400524587472708,0.0,-0.0019602087318643067,0.0,-0.0008770824960708481,0.0,-0.001412605271802621,0.02375602766672576
bank-marketing,RandomForest,4522,0.0002454993245856833,0.011252096679536966,0.011252096679536966,0.0,-0.00010342110605985436,0.0,-8.254731481512386e-05,0.0,-0.0001937606533831446,0.0,-0.00012657635808604092,0.0028858135814820675,0.0028858135814820675,0.0053183655496377505,0.0053183655496377505,0.002222233635101889,0.002222233635101889,0.0034754709220739025,0.0034754709220739025,0.0028858135814820675,0.0028858135814820675,0.0053183655496377505,0.0053183655496377505,0.002222233635101889,0.002222233635101889,0.0034754709220739025,0.0034754709220739025,0.0233915276658081
bank-marketing,XGBoost,4522,0.00047387595942246255,0.011958409853437551,0.011958409853437551,0.0,-0.0001170967584373992,0.0,-0.00011831534162183173,0.0,-0.00014347102876373827,0.0,-0.00012629437627432308,0.0,-0.00490489758649129,0.0,-0.0033565052930344032,0.0,-0.012338510129157397,0.0,-0.00686663766956103,0.0,-0.00490489758649129,0.0,-0.0033565052930344032,0.0,-0.012338510129157397,0.0,-0.00686663766956103,0.02450369433427113
delta_elevators,CatBoost,952,0.00020880514056423636,0.012558266367032505,0.012558266367032505,0.0005448500677829978,0.0005448500677829978,0.00018729730879573378,0.00018729730879573378,0.0,-0.00031161782515503223,0.00024404912552624387,0.00014017651714123312,0.024021014346063192,0.024021014346063192,0.014567232833458149,0.014567232833458149,0.008013877506145793,0.008013877506145793,0.015534041561889046,0.015534041561889046,0.024021014346063192,0.024021014346063192,0.014567232833458149,0.014567232833458149,0.008013877506145793,0.008013877506145793,0.015534041561889046,0.015534041561889046,0.010486680667478746
delta_elevators,ExtraTrees,952,0.0034708040120754553,0.054296452067342404,0.054296452067342404,0.0036362780279968377,0.0036362780279968377,0.003134134557295332,0.003134134557295332,0.0009312611521600751,0.0009312611521600751,0.0025672245791507485,0.0025672245791507485,0.05954962338716136,0.05954962338716136,0.05219668221069077,0.05219668221069077,0.04274290069808573,0.04274290069808573,0.051496402098645956,0.051496402098645956,0.05954962338716136,0.05954962338716136,0.05219668221069077,0.05219668221069077,0.04274290069808573,0.04274290069808573,0.051496402098645956,0.051496402098645956,0.010474277999795353
delta_elevators,LightGBM,952,0.00031472046437343364,0.016041899277503845,0.016041899277503845,0.0010066482259241845,0.0010066482259241845,0.0004144884293563469,0.0004144884293563469,0.0,-0.00031661554325915377,0.00047371221842684377,0.0003681737040071259,0.025438352841140405,0.025438352841140405,0.01808541166466982,0.01808541166466982,0.012833310824333682,0.012833310824333682,0.018785691776714634,0.018785691776714634,0.025438352841140405,0.025438352841140405,0.01808541166466982,0.01808541166466982,0.012833310824333682,0.012833310824333682,0.018785691776714634,0.018785691776714634,0.01027177800036346
delta_elevators,LinearModel,952,0.0006587720091662157,0.01935168200737685,0.01935168200737685,0.0008959581257253971,0.0008959581257253971,0.000492370597944147,0.000492370597944147,0.0,-4.272495843972048e-05,0.0004627762412231814,0.0004485345884099412,0.027583483308843512,0.027583483308843512,0.026527955635250722,0.026527955635250722,0.00047299657363059127,0.00047299657363059127,0.01819481183924161,0.01819481183924161,0.027583483308843512,0.027583483308843512,0.026527955635250722,0.026527955635250722,0.00047299657363059127,0.00047299657363059127,0.01819481183924161,0.01819481183924161,0.010202986000270661
delta_elevators,NeuralNetFastAI,952,0.000379645069313219,0.01539118967758907,0.01539118967758907,0.0009247656104069161,0.0009247656104069161,0.00024105561728276554,0.00024105561728276554,0.0,-0.0001194328638264781,0.00038860707589656054,0.00034879612128773453,0.024790538527454106,0.024790538527454106,0.016382991172745165,0.016382991172745165,0.010043921476593089,0.010043921476593089,0.017072483725597453,0.017072483725597453,0.024790538527454106,0.024790538527454106,0.016382991172745165,0.016382991172745165,0.010043921476593089,0.010043921476593089,0.017072483725597453,0.017072483725597453,0.010045235999617338
delta_elevators,NeuralNetTorch,952,0.00040540976264224343,0.016273342592552687,0.016273342592552687,0.0005120255655003607,0.0005120255655003607,0.00029871180461339816,0.00029871180461339816,0.0,-0.0002488965642245934,0.0002702457900379196,0.0001872802686297218,0.019055776921821907,0.019055776921821907,0.019055776921821907,0.019055776921821907,0.016954936585687454,0.016954936585687454,0.018355496809777088,0.018355496809777088,0.019055776921821907,0.019055776921821907,0.019055776921821907,0.019055776921821907,0.016954936585687454,0.016954936585687454,0.018355496809777088,0.018355496809777088,0.01041879166587023
delta_elevators,RandomForest,952,0.0011662909718192576,0.028698917492630326,0.028698917492630326,0.0007443289925404656,0.0007443289925404656,0.0006586816792891715,0.0006586816792891715,0.0,-9.03891027669499e-06,0.0004676702239432124,0.0004646572538509807,0.018202958771241867,0.018202958771241867,0.02450547977964523,0.02450547977964523,0.02030379910737632,0.02030379910737632,0.02100407921942114,0.02100407921942114,0.018202958771241867,0.018202958771241867,0.02450547977964523,0.02450547977964523,0.02030379910737632,0.02030379910737632,0.02100407921942114,0.02100407921942114,0.010435680667190658
delta_elevators,XGBoost,952,0.00020807751953127272,0.013166452370370747,0.013166452370370747,0.0006962718756547525,0.0006962718756547525,0.0002982460732684241,0.0002982460732684241,0.0,-0.0003570006714630007,0.0003315059829743922,0.00021250575915339196,0.020765785458781404,0.020765785458781404,0.020765785458781404,0.020765785458781404,0.009211163610041909,0.009211163610041909,0.016914244842534905,0.016914244842534905,0.020765785458781404,0.020765785458781404,0.020765785458781404,0.020765785458781404,0.009211163610041909,0.009211163610041909,0.016914244842534905,0.016914244842534905,0.010280097333937496
eeg-eye-state,CatBoost,1498,0.0006470860356479212,0.010574178733270599,0.010574178733270599,0.0002787738766282517,0.0002787738766282517,0.0002566928260043175,0.0002566928260043175,0.0,-1.1752644279412102e-05,0.00017848890087752305,0.00017457135278438568,0.011189009516367353,0.011189009516367353,0.00851439592783362,0.00851439592783362,0.002984173567598192,0.002984173567598192,0.007562526337266388,0.007562526337266388,0.011189009516367353,0.011189009516367353,0.00851439592783362,0.00851439592783362,0.002984173567598192,0.002984173567598192,0.007562526337266388,0.007562526337266388,0.011497430665864764
eeg-eye-state,ExtraTrees,1498,0.025988050043628134,0.1408774455347409,0.1408774455347409,0.02443037364123485,0.02443037364123485,0.025208220989029115,0.025208220989029115,0.023750707373886324,0.023750707373886324,0.0244631006680501,0.0244631006680501,0.13641299546021068,0.13641299546021068,0.13574543871788758,0.13574543871788758,0.13641299546021068,0.13641299546021068,0.13619047654610297,0.13619047654610297,0.13641299546021068,0.13641299546021068,0.13574543871788758,0.13574543871788758,0.13641299546021068,0.13641299546021068,0.13619047654610297,0.13619047654610297,0.011524805333465338
eeg-eye-state,LightGBM,1498,0.0003252814603870711,0.007621748294114375,0.007621748294114375,0.0,-3.022289544423512e-05,0.0,-0.00010269953709822435,1.7221589043367143e-05,1.7221589043367143e-05,5.740529681122381e-06,-3.8566947833030775e-05,0.0037316167229782186,0.0037316167229782186,0.0,-0.0036574934325696324,0.007736957176916803,0.007736957176916803,0.0038228579666316743,0.002603693489108463,0.0037316167229782186,0.0037316167229782186,0.0,-0.0036574934325696324,0.007736957176916803,0.007736957176916803,0.0038228579666316743,0.002603693489108463,0.011656013666652143
eeg-eye-state,LinearModel,1498,0.001906843841220247,0.034798441667082375,0.034798441667082375,0.0,-3.86516346289398e-05,0.00021582305153057584,0.00021582305153057584,0.00011716782430658989,0.00011716782430658989,0.00011099695861238857,9.811308040274197e-05,0.01873060168128943,0.01873060168128943,0.030746623043105187,0.030746623043105187,0.017395488196643237,0.017395488196643237,0.02229090430701262,0.02229090430701262,0.01873060168128943,0.01873060168128943,0.030746623043105187,0.030746623043105187,0.017395488196643237,0.017395488196643237,0.02229090430701262,0.02229090430701262,0.011508236332398761
eeg-eye-state,NeuralNetFastAI,1498,0.00014542071119450184,0.008729747439853074,0.008729747439853074,9.60412872918249e-06,9.60412872918249e-06,0.0,-5.0711290171798464e-05,1.5006285795125155e-05,1.5006285795125155e-05,8.203471508102548e-06,-8.70029188249694e-06,0.0,-0.0008068487122132678,0.010152643104736632,0.010152643104736632,0.0,-0.0021419621968594626,0.003384214368245544,0.0024012773985546336,0.0,-0.0008068487122132678,0.010152643104736632,0.010152643104736632,0.0,-0.0021419621968594626,0.003384214368245544,0.0024012773985546336,0.011603319333516993
eeg-eye-state,NeuralNetTorch,1498,0.00032580937256434893,0.00407839503036282,0.00407839503036282,0.0,-8.304145461127807e-05,0.0,-0.00010732834958780785,0.0,-5.4721498794700727e-05,0.0,-8.169710099792888e-05,0.0011469512293763712,0.0011469512293763712,0.0,-0.00535485560101381,0.0,-0.002372815705615857,0.0003823170764587904,-0.0021935733590844318,0.0011469512293763712,0.0011469512293763712,0.0,-0.00535485560101381,0.0,-0.002372815705615857,0.0003823170764587904,-0.0021935733590844318,0.01134843066635464
eeg-eye-state,RandomForest,1498,0.02405895088331239,0.1358734397884756,0.1358734397884756,0.02550585180817817,0.02550585180817817,0.022980756714538746,0.022980756714538746,0.023073806051141472,0.023073806051141472,0.02385347152461946,0.02385347152461946,0.13648197648068205,0.13648197648068205,0.13314419276906658,0.13314419276906658,0.13381174951138966,0.13381174951138966,0.13447930625371277,0.13447930625371277,0.13648197648068205,0.13648197648068205,0.13314419276906658,0.13314419276906658,0.13381174951138966,0.13381174951138966,0.13447930625371277,0.13447930625371277,0.011673625000791313
eeg-eye-state,XGBoost,1498,0.0003079101549047496,0.00688104010978535,0.00688104010978535,0.0,-6.833902687608819e-05,0.0,-7.132108985996175e-06,7.866745208207627e-05,7.866745208207627e-05,2.6222484027358756e-05,1.0654387399973036e-06,0.0,-0.0006678671997376377,0.0,-0.0030607866333386144,0.00912892560567606,0.00912892560567606,0.00304297520189202,0.0018000905908666022,0.0,-0.0006678671997376377,0.0,-0.0030607866333386144,0.00912892560567606,0.00912892560567606,0.00304297520189202,0.0018000905908666022,0.011665528001079414
electricity,CatBoost,4532,0.00010843761911822794,0.004937411736887804,0.004937411736887804,3.754161422668126e-05,3.754161422668126e-05,0.0,-4.965686906616341e-05,0.0,-3.0222526241384778e-05,1.2513871408893754e-05,-1.4112593693622308e-05,0.0039262172483310025,0.0039262172483310025,0.0005666209567432228,0.0005666209567432228,0.002611571802632006,0.002611571802632006,0.0023681366692354104,0.0023681366692354104,0.0039262172483310025,0.0039262172483310025,0.0005666209567432228,0.0005666209567432228,0.002611571802632006,0.002611571802632006,0.0023681366692354104,0.0023681366692354104,0.026526110999839148
electricity,ExtraTrees,4532,0.007086258880093106,0.06942670523509689,0.06942670523509689,0.007745183529019905,0.007745183529019905,0.007765151221927353,0.007765151221927353,0.006483018860648731,0.006483018860648731,0.007331117870531996,0.007331117870531996,0.07649014357344674,0.07649014357344674,0.0747249185072508,0.0747249185072508,0.06391291497680067,0.06391291497680067,0.07170932568583273,0.07170932568583273,0.07649014357344674,0.07649014357344674,0.0747249185072508,0.0747249185072508,0.06391291497680067,0.06391291497680067,0.07170932568583273,0.07170932568583273,0.022751388666317023
electricity,LightGBM,4532,0.00012710323371788613,0.005676105174072797,0.005676105174072797,1.1275496355044496e-06,1.1275496355044496e-06,0.0,-7.728761723894071e-05,0.0,-2.5204927151617133e-05,3.758498785014832e-07,-3.37883315850178e-05,0.0028628305582131114,0.0028628305582131114,0.0,-0.006164178988404254,0.0,-0.0004582028940557167,0.0009542768527377038,-0.0012531837747489529,0.0028628305582131114,0.0028628305582131114,0.0,-0.006164178988404254,0.0,-0.0004582028940557167,0.0009542768527377038,-0.0012531837747489529,0.02462130566709675
electricity,LinearModel,4532,0.0004035558214285251,0.017008395915046364,0.017008395915046364,0.0007506853564915394,0.0007506853564915394,0.00013571913937876005,0.00013571913937876005,0.00016449070681843553,0.00016449070681843553,0.000350298400896245,0.000350298400896245,0.022733541869172362,0.022733541869172362,0.010597619539075277,0.010597619539075277,0.010156313272526292,0.010156313272526292,0.014495824893591311,0.014495824893591311,0.022733541869172362,0.022733541869172362,0.010597619539075277,0.010597619539075277,0.010156313272526292,0.010156313272526292,0.014495824893591311,0.014495824893591311,0.022895389000041177
electricity,NeuralNetFastAI,4532,0.00033354277197180797,0.012777430792358987,0.012777430792358987,2.0486748728787432e-05,2.0486748728787432e-05,0.0,-5.1993988654256486e-05,0.0,-0.00010716599355315078,6.828916242929144e-06,-4.6224411159539944e-05,0.003093995000982789,0.003093995000982789,0.0,-0.002846310417576878,0.004193358452790762,0.004193358452790762,0.002429117817924517,0.0014803476787322242,0.003093995000982789,0.003093995000982789,0.0,-0.002846310417576878,0.004193358452790762,0.004193358452790762,0.002429117817924517,0.0014803476787322242,0.02432670833271307
electricity,NeuralNetTorch,4532,0.0002008343004878142,0.012690960519868476,0.012690960519868476,0.0,-5.633252384441075e-07,0.0002541308704874869,0.0002541308704874869,0.000347321014547271,0.000347321014547271,0.00020048396167825265,0.00020029618659877127,0.0143806661874394,0.0143806661874394,0.01702850378673331,0.01702850378673331,0.015042625587262878,0.015042625587262878,0.015483931853811861,0.015483931853811861,0.0143806661874394,0.0143806661874394,0.01702850378673331,0.01702850378673331,0.015042625587262878,0.015042625587262878,0.015483931853811861,0.015483931853811861,0.02416333333409663
electricity,RandomForest,4532,0.004441776453166886,0.0496580173616181,0.0496580173616181,0.0037584067747582785,0.0037584067747582785,0.00421771778205207,0.00421771778205207,0.003613671083780385,0.003613671083780385,0.0038632652135302445,0.0038632652135302445,0.045857604415178964,0.045857604415178964,0.04696087008155143,0.04696087008155143,0.04298911368261056,0.04298911368261056,0.045269196059780324,0.045269196059780324,0.045857604415178964,0.045857604415178964,0.04696087008155143,0.04696087008155143,0.04298911368261056,0.04298911368261056,0.045269196059780324,0.045269196059780324,0.022921166667705013
electricity,XGBoost,4532,4.8861021365858896e-05,0.0031008525334646356,0.0031008525334646356,0.0,-4.254461050500356e-05,0.0,-3.418782472195181e-05,0.0,-2.2330588091706248e-05,0.0,-3.302100777288721e-05,0.0,-0.004691419860852402,0.0,-0.00444363300889646,0.0,-0.0013186237738811565,0.0,-0.003484558881210006,0.0,-0.004691419860852402,0.0,-0.00444363300889646,0.0,-0.0013186237738811565,0.0,-0.003484558881210006,0.022913500000868225
fried,CatBoost,4077,0.001154454166467346,0.022346031385042747,0.022346031385042747,0.0010240579725380586,0.0010240579725380586,0.0012142446553581846,0.0012142446553581846,0.0013700838923215875,0.0013700838923215875,0.0012027955067392768,0.0012027955067392768,0.021206905998256892,0.021206905998256892,0.023905091556961588,0.023905091556961588,0.023905054340913716,0.023905054340913716,0.0230056839653774,0.0230056839653774,0.021206905998256892,0.021206905998256892,0.023905091556961588,0.023905091556961588,0.023905054340913716,0.023905054340913716,0.0230056839653774,0.0230056839653774,0.022722666667201945
fried,ExtraTrees,4077,0.006903059541016786,0.06332892553083012,0.06332892553083012,0.007421833284028004,0.007421833284028004,0.006052391061003011,0.006052391061003011,0.007053316694783931,0.007053316694783931,0.0068425136799383154,0.0068425136799383154,0.06769356461696881,0.06769356461696881,0.06107104806067742,0.06107104806067742,0.06622189427112628,0.06622189427112628,0.0649955023162575,0.0649955023162575,0.06769356461696881,0.06769356461696881,0.06107104806067742,0.06107104806067742,0.06622189427112628,0.06622189427112628,0.0649955023162575,0.0649955023162575,0.02269872233349209
fried,LightGBM,4077,0.00026798282706437396,0.010261553242490265,0.010261553242490265,0.00017889074683566006,0.00017889074683566006,0.00019665283343541548,0.00019665283343541548,0.00028494704699109143,0.00028494704699109143,0.00022016354242072235,0.00022016354242072235,0.0101069642661425,0.0101069642661425,0.009126901691411917,0.009126901691411917,0.012560215167044477,0.012560215167044477,0.010598027041532966,0.010598027041532966,0.0101069642661425,0.0101069642661425,0.009126901691411917,0.009126901691411917,0.012560215167044477,0.012560215167044477,0.010598027041532966,0.010598027041532966,0.02375306933390675
fried,LinearModel,4077,0.001254826499521398,0.029152005908696158,0.029152005908696158,0.00042780467882021466,0.00042780467882021466,0.00037495393830182624,0.00037495393830182624,0.0009457628513826104,0.0009457628513826104,0.0005828404895015505,0.0005828404895015505,0.01844499011778068,0.01844499011778068,0.018690268508754434,0.018690268508754434,0.025067506674072072,0.025067506674072072,0.020734255100202395,0.020734255100202395,0.01844499011778068,0.01844499011778068,0.018690268508754434,0.018690268508754434,0.025067506674072072,0.025067506674072072,0.020734255100202395,0.020734255100202395,0.021593000000090495
fried,NeuralNetFastAI,4077,0.00012129928235200947,0.007206099160809135,0.007206099160809135,0.000198576649928029,0.000198576649928029,0.0,-2.768269094382794e-05,0.00013084202166881395,0.00013084202166881395,0.00010980622386561432,0.00010057866021767166,0.010981999591188812,0.010981999591188812,0.0036211046202877174,0.0036211046202877174,0.008283377368750624,0.008283377368750624,0.00762882719340905,0.00762882719340905,0.010981999591188812,0.010981999591188812,0.0036211046202877174,0.0036211046202877174,0.008283377368750624,0.008283377368750624,0.00762882719340905,0.00762882719340905,0.023734791666356614
fried,NeuralNetTorch,4077,0.0007219724496050008,0.01778407569967757,0.01778407569967757,0.0010680817330588207,0.0010680817330588207,0.0007206963883943042,0.0007206963883943042,0.001033925381855271,0.001033925381855271,0.0009409011677694654,0.0009409011677694654,0.02114993391164458,0.02114993391164458,0.01820674093983333,0.01820674093983333,0.019678418522002528,0.019678418522002528,0.01967836445782681,0.01967836445782681,0.02114993391164458,0.02114993391164458,0.01820674093983333,0.01820674093983333,0.019678418522002528,0.019678418522002528,0.01967836445782681,0.01967836445782681,0.02238216666713318
fried,RandomForest,4077,0.0036032137281073865,0.04565656378096693,0.04565656378096693,0.0030158401781644607,0.0030158401781644607,0.0034312605367286205,0.0034312605367286205,0.003775803289754774,0.003775803289754774,0.0034076346682159514,0.0034076346682159514,0.04476074311389384,0.04476074311389384,0.045251299895841354,0.045251299895841354,0.04598713506876262,0.04598713506876262,0.04533305935949927,0.04533305935949927,0.04476074311389384,0.04476074311389384,0.045251299895841354,0.045251299895841354,0.04598713506876262,0.04598713506876262,0.04533305935949927,0.04533305935949927,0.02138522200039006
fried,XGBoost,4077,0.0002778545380507471,0.010808944365157695,0.010808944365157695,0.00021254559534148856,0.00021254559534148856,0.0003412333062366814,0.0003412333062366814,0.0004117366108640032,0.0004117366108640032,0.00032183850414739106,0.00032183850414739106,0.010960566276818998,0.010960566276818998,0.010960254273565341,0.010960254273565341,0.016356844841877976,0.016356844841877976,0.012759221797420771,0.012759221797420771,0.010960566276818998,0.010960566276818998,0.010960254273565341,0.010960254273565341,0.016356844841877976,0.016356844841877976,0.012759221797420771,0.012759221797420771,0.023182513999927323
houses,CatBoost,2064,1.4204701228638996e-05,0.001192008610834639,0.001192008610834639,0.0,-7.914578148318817e-05,0.0,-3.200994296147335e-05,0.0,-4.0127436563407634e-05,0.0,-5.042772033602305e-05,0.0,-0.0017549238227588795,0.0,-0.0008588544930977897,7.618715123900856e-05,7.618715123900856e-05,2.539571707966952e-05,-0.0008458637215392203,0.0,-0.0017549238227588795,0.0,-0.0008588544930977897,7.618715123900856e-05,7.618715123900856e-05,2.539571707966952e-05,-0.0008458637215392203,0.012438583333278075
houses,ExtraTrees,2064,0.00037951987919955944,0.007923446218264624,0.007923446218264624,1.7019527220123066e-05,1.7019527220123066e-05,0.0,-0.00043629453714374663,0.0,-7.711611621485818e-05,5.673175740041022e-06,-0.00016546370871282725,0.0,-0.00035852720092823225,0.003294574483496303,0.003294574483496303,0.0,-0.003326872886201843,0.0010981914944987678,-0.00013027520121125744,0.0,-0.00035852720092823225,0.003294574483496303,0.003294574483496303,0.0,-0.003326872886201843,0.0010981914944987678,-0.00013027520121125744,0.012302138665594006
houses,LightGBM,2064,1.3250593926179e-05,0.000957850827254587,0.000957850827254587,0.0,-6.441220880837424e-05,0.0,-6.503688347465513e-05,7.160406267868975e-05,7.160406267868975e-05,2.3868020892896584e-05,-1.9281676534779875e-05,0.0,-0.0018645460301614063,0.0,-0.006071783674817493,0.0033786014194574394,0.0033786014194574394,0.0011262004731524798,-0.001519242761840487,0.0,-0.0018645460301614063,0.0,-0.006071783674817493,0.0033786014194574394,0.0033786014194574394,0.0011262004731524798,-0.001519242761840487,0.012316611000035968
houses,LinearModel,2064,0.001905403901629658,0.018221830937356798,0.018221830937356798,0.0,-0.00017033250875695942,0.0,-0.00022897630879567673,0.0,-0.00020245395488130086,0.0,-0.00020058759081131234,0.0029836091155122503,0.0029836091155122503,0.0,-0.0019253513626629915,0.0015451059762164041,0.0015451059762164041,0.0015095716972428847,0.0008677879096885543,0.0029836091155122503,0.0029836091155122503,0.0,-0.0019253513626629915,0.0015451059762164041,0.0015451059762164041,0.0015095716972428847,0.0008677879096885543,0.012366860999463825
houses,NeuralNetFastAI,2064,5.755704362879802e-05,0.0019120419770464242,0.0019120419770464242,3.7886842365653437e-05,3.7886842365653437e-05,0.0,-3.689050145594301e-05,6.523074872239831e-05,6.523074872239831e-05,3.4372530362683915e-05,2.2075696544036247e-05,0.0021873669163246234,0.0021873669163246234,0.0,-0.0007272758419418783,0.0041630902599330034,0.0041630902599330034,0.002116819058752542,0.0018743937781052495,0.0021873669163246234,0.0021873669163246234,0.0,-0.0007272758419418783,0.0041630902599330034,0.0041630902599330034,0.002116819058752542,0.0018743937781052495,0.012368360999971628
houses,NeuralNetTorch,2064,0.000413800447970954,0.006170077965516859,0.006170077965516859,0.00030656718157414905,0.00030656718157414905,0.00016902198380733165,0.00016902198380733165,0.0005102321046789414,0.0005102321046789414,0.0003286070900201407,0.0003286070900201407,0.006663999757265276,0.006663999757265276,0.004716227661103594,0.004716227661103594,0.007635925463635858,0.007635925463635858,0.0063387176273349095,0.0063387176273349095,0.006663999757265276,0.006663999757265276,0.004716227661103594,0.004716227661103594,0.007635925463635858,0.007635925463635858,0.0063387176273349095,0.0063387176273349095,0.012403139000525698
houses,RandomForest,2064,0.0002291509747290798,0.005750992408290283,0.005750992408290283,0.0005129589810976635,0.0005129589810976635,0.0001896273074542528,0.0001896273074542528,0.000244497956509747,0.000244497956509747,0.0003156947483538878,0.0003156947483538878,0.008170550935806944,0.008170550935806944,0.00477907806758989,0.00477907806758989,0.005263574191620898,0.005263574191620898,0.006071067731672579,0.006071067731672579,0.008170550935806944,0.008170550935806944,0.00477907806758989,0.00477907806758989,0.005263574191620898,0.005263574191620898,0.006071067731672579,0.006071067731672579,0.01233029166663376
houses,XGBoost,2064,1.4119616642225715e-05,0.001111732412486931,0.001111732412486931,0.0,-5.217953753699942e-05,0.0,-6.895963407777793e-05,0.0,-0.00012358981211885717,0.0,-8.157632791121151e-05,0.0,-0.004105735713980629,0.0,-0.0046294855084972174,0.003759832374716408,0.003759832374716408,0.0012532774582388027,-0.0016584629492538128,0.0,-0.004105735713980629,0.0,-0.0046294855084972174,0.003759832374716408,0.003759832374716408,0.0012532774582388027,-0.0016584629492538128,0.012446013666097619
jm1,CatBoost,1089,0.0004593651716264114,0.016492085288474602,0.016492085288474602,0.0,-4.1501446544873196e-05,0.0,-0.00018314207191043715,0.0,-0.00037110338221172637,0.0,-0.00019858230022234556,0.0030185557334000525,0.0030185557334000525,0.019454384898241778,0.019454384898241778,0.010271648442778048,0.010271648442778048,0.010914863024806626,0.010914863024806626,0.0030185557334000525,0.0030185557334000525,0.019454384898241778,0.019454384898241778,0.010271648442778048,0.010271648442778048,0.010914863024806626,0.010914863024806626,0.0108000416670014
jm1,ExtraTrees,1089,0.0010491897673640903,0.02842682492911783,0.02842682492911783,0.00027717077056863264,0.00027717077056863264,0.00022811726747904037,0.00022811726747904037,0.00030500792813138364,0.00030500792813138364,0.00027009865539301886,0.00027009865539301886,0.02224561622441354,0.02224561622441354,0.018596623204227305,0.018596623204227305,0.018597795825083446,0.018597795825083446,0.019813345084574763,0.019813345084574763,0.02224561622441354,0.02224561622441354,0.018596623204227305,0.018596623204227305,0.018597795825083446,0.018597795825083446,0.019813345084574763,0.019813345084574763,0.010771694333622387
jm1,LightGBM,1089,0.0002128138158242075,0.013651963000085728,0.013651963000085728,0.0,-0.00010874368808852984,5.627520727987814e-05,5.627520727987814e-05,0.0,-0.000257190019271405,1.875840242662605e-05,-0.00010321950002668557,0.006619324136261988,0.006619324136261988,0.01640830790372591,0.01640830790372591,0.009980392384901301,0.009980392384901301,0.011002674808296399,0.011002674808296399,0.006619324136261988,0.006619324136261988,0.01640830790372591,0.01640830790372591,0.009980392384901301,0.009980392384901301,0.011002674808296399,0.011002674808296399,0.0103940279999127
jm1,LinearModel,1089,0.0004755464473911734,0.01843881275491144,0.01843881275491144,0.0,-2.6143329105972323e-05,0.00046577569666665544,0.00046577569666665544,0.0,-8.541324354923188e-05,0.00015525856555555182,0.00011807304133715041,0.0,-0.001768544216232359,0.02717443589545287,0.02717443589545287,0.011563783921164531,0.011563783921164531,0.012912739938872467,0.012323225200128346,0.0,-0.001768544216232359,0.02717443589545287,0.02717443589545287,0.011563783921164531,0.011563783921164531,0.012912739938872467,0.012323225200128346,0.010698860999885559
jm1,NeuralNetFastAI,1089,0.0008481313064926765,0.019026765100404797,0.019026765100404797,3.1888808653342296e-05,3.1888808653342296e-05,0.00014827734924480928,0.00014827734924480928,0.0,-0.00018714326997243825,6.005538596605053e-05,-2.3257040247622236e-06,0.014807188407927614,0.014807188407927614,0.01664373569902036,0.01664373569902036,0.0,-0.005594726284167108,0.010483641368982657,0.00861873260759362,0.014807188407927614,0.014807188407927614,0.01664373569902036,0.01664373569902036,0.0,-0.005594726284167108,0.010483641368982657,0.00861873260759362,0.010796360998938326
jm1,NeuralNetTorch,1089,0.0005744025831623151,0.021173878675078694,0.021173878675078694,0.0,-3.220788307855487e-06,0.0002961290743261948,0.0002961290743261948,0.0,-2.753984236179824e-05,9.870969144206493e-05,8.845614788551368e-05,0.0010895652391180682,0.0010895652391180682,0.029890565202067735,0.029890565202067735,0.013361639582233022,0.013361639582233022,0.014780590007806274,0.014780590007806274,0.0010895652391180682,0.0010895652391180682,0.029890565202067735,0.029890565202067735,0.013361639582233022,0.013361639582233022,0.014780590007806274,0.014780590007806274,0.010437389000192828
jm1,RandomForest,1089,0.0009024565193582983,0.02430348862947116,0.02430348862947116,9.265493503500702e-05,9.265493503500702e-05,8.626546231371872e-05,8.626546231371872e-05,0.0,-0.0001909647251032887,5.964013244957525e-05,-4.0147759181876485e-06,0.0,-0.0013782225990829574,0.015651135673180747,0.015651135673180747,0.0,-0.005226627746680315,0.005217045224393583,0.003015428442472492,0.0,-0.0013782225990829574,0.015651135673180747,0.015651135673180747,0.0,-0.005226627746680315,0.005217045224393583,0.003015428442472492,0.01058751399978064
jm1,XGBoost,1089,0.00032598756892539385,0.015437645146655752,0.015437645146655752,0.0,-0.00011421364706637292,0.0,-0.0002990942563877911,0.0,-0.0004621654020227087,0.0,-0.0002918244351589576,0.0027333216278157832,0.0027333216278157832,0.007884471816642773,0.007884471816642773,0.0,-0.012731896059996388,0.003539264481486186,-0.0007047008718459435,0.0027333216278157832,0.0027333216278157832,0.007884471816642773,0.007884471816642773,0.0,-0.012731896059996388,0.003539264481486186,-0.0007047008718459435,0.010257944667197686
kdd_internet_usage,CatBoost,1011,0.00011989314943202964,0.008030440630033128,0.008030440630033128,0.0,-0.0005632154581160096,0.0,-3.058938816032494e-05,0.0006499367606303601,0.0006499367606303601,0.00021664558687678668,1.87106381180085e-05,0.0,-0.02067927434397023,0.0010932045612202332,0.0010932045612202332,0.01988777400878314,0.01988777400878314,0.006993659523334458,0.00010056807534438116,0.0,-0.02067927434397023,0.0010932045612202332,0.0010932045612202332,0.01988777400878314,0.01988777400878314,0.006993659523334458,0.00010056807534438116,0.010441916666119747
kdd_internet_usage,ExtraTrees,1011,0.002305234841809879,0.034895905272840685,0.034895905272840685,0.0007225296464291254,0.0007225296464291254,0.0021099588927877937,0.0021099588927877937,0.004774610694488629,0.004774610694488629,0.0025356997445685164,0.0025356997445685164,0.0253440669491079,0.0253440669491079,0.03523552754917677,0.03523552754917677,0.054028801535329095,0.054028801535329095,0.03820279867787125,0.03820279867787125,0.0253440669491079,0.0253440669491079,0.03523552754917677,0.03523552754917677,0.054028801535329095,0.054028801535329095,0.03820279867787125,0.03820279867787125,0.010579888999927789
kdd_internet_usage,LightGBM,1011,0.00019709012292062653,0.011555293486926854,0.011555293486926854,0.0,-0.0005649654509596845,0.0,-0.00017395446960544918,0.00015799930878969903,0.00015799930878969903,5.266643626323301e-05,-0.0001936402039251449,0.006493122222474993,0.006493122222474993,0.0,-0.00043071556189691634,0.017373438740773708,0.017373438740773708,0.0079555203210829,0.0078119484671172615,0.006493122222474993,0.006493122222474993,0.0,-0.00043071556189691634,0.017373438740773708,0.017373438740773708,0.0079555203210829,0.0078119484671172615,0.010348305666411761
kdd_internet_usage,LinearModel,1011,0.0005205022132861698,0.013718643449135908,0.013718643449135908,0.0,-0.00013535009892827628,0.0,-5.615162932898582e-05,0.0,-0.00025319404523450054,0.0,-0.00014823192449725422,0.0007361916674049831,0.0007361916674049831,0.0,-0.006642146844584945,0.0001405784934128413,0.0001405784934128413,0.0002922567202726082,-0.0019217922279223733,0.0007361916674049831,0.0007361916674049831,0.0,-0.006642146844584945,0.0001405784934128413,0.0001405784934128413,0.0002922567202726082,-0.0019217922279223733,0.010436555666577382
kdd_internet_usage,NeuralNetFastAI,1011,0.0006063670016805417,0.013139750460642008,0.013139750460642008,0.0,-0.0004498723930645753,0.0,-3.9069765875220294e-05,0.0005283777901186372,0.0005283777901186372,0.00017612593003954574,1.3145210392947202e-05,0.0,-0.0202336590291479,0.0,-0.005919398018066853,0.018174070663520794,0.018174070663520794,0.006058023554506932,-0.002659662127897986,0.0,-0.0202336590291479,0.0,-0.005919398018066853,0.018174070663520794,0.018174070663520794,0.006058023554506932,-0.002659662127897986,0.010345430332866576
kdd_internet_usage,NeuralNetTorch,1011,0.0004818589126725466,0.01775397100298975,0.01775397100298975,0.0,-0.0005105657311833318,0.00016004313017579477,0.00016004313017579477,0.0004539561661078934,0.0004539561661078934,0.00020466643209456273,3.4477855033452104e-05,0.003211358516743272,0.003211358516743272,0.012113435668078584,0.012113435668078584,0.018048153768968792,0.018048153768968792,0.011124315984596884,0.011124315984596884,0.003211358516743272,0.003211358516743272,0.012113435668078584,0.012113435668078584,0.018048153768968792,0.018048153768968792,0.011124315984596884,0.011124315984596884,0.01031976366599944
kdd_internet_usage,RandomForest,1011,0.0014103647049324539,0.026669656403356303,0.026669656403356303,0.0007330002839626015,0.0007330002839626015,0.00028105097938480104,0.00028105097938480104,0.0025223904503167863,0.0025223904503167863,0.0011788139045547296,0.0011788139045547296,0.024094080901935027,0.024094080901935027,0.018155967041529514,0.018155967041529514,0.036952636787197145,0.036952636787197145,0.026400894910220563,0.026400894910220563,0.024094080901935027,0.024094080901935027,0.018155967041529514,0.018155967041529514,0.036952636787197145,0.036952636787197145,0.026400894910220563,0.026400894910220563,0.01035286133386156
kdd_internet_usage,XGBoost,1011,0.0002602774634580257,0.011638285660769415,0.011638285660769415,0.0,-0.0005056313271672504,6.120203843479156e-05,6.120203843479156e-05,0.001105735632780759,0.001105735632780759,0.0003889792237385169,0.00022043544801610008,0.0,-0.009009277727984585,0.007752016117509812,0.007752016117509812,0.028591730388578738,0.028591730388578738,0.012114582168696182,0.00911148959270132,0.0,-0.009009277727984585,0.007752016117509812,0.007752016117509812,0.028591730388578738,0.028591730388578738,0.012114582168696182,0.00911148959270132,0.010512263999165347
kick,CatBoost,7299,0.0003284324724235084,0.01568537063988908,0.01568537063988908,0.00020304397384631983,0.00020304397384631983,0.0002766971940726474,0.0002766971940726474,8.794597818999332e-05,8.794597818999332e-05,0.00018922904870298683,0.00018922904870298683,0.014521178092284643,0.014521178092284643,0.01698726933766072,0.01698726933766072,0.012055086846908564,0.012055086846908564,0.014521178092284643,0.014521178092284643,0.014521178092284643,0.014521178092284643,0.01698726933766072,0.01698726933766072,0.012055086846908564,0.012055086846908564,0.014521178092284643,0.014521178092284643,0.029455055333528435
kick,ExtraTrees,7299,0.0007693803283363651,0.022206391086151307,0.022206391086151307,0.000551660133657766,0.000551660133657766,0.0006911903009914697,0.0006911903009914697,0.00027052852192284026,0.00027052852192284026,0.000504459652190692,0.000504459652190692,0.022457331146888814,0.022457331146888814,0.024786417323077334,0.024786417323077334,0.018210174002074458,0.018210174002074458,0.021817974157346872,0.021817974157346872,0.022457331146888814,0.022457331146888814,0.024786417323077334,0.024786417323077334,0.018210174002074458,0.018210174002074458,0.021817974157346872,0.021817974157346872,0.027085430666678196
kick,LightGBM,7299,0.000758403691047608,0.0190159195066514,0.0190159195066514,0.00040792945737285657,0.00040792945737285657,0.0005900668514633086,0.0005900668514633086,0.0004181326520455274,0.0004181326520455274,0.0004720429869605642,0.0004720429869605642,0.018085630406878335,0.018085630406878335,0.022195782482505134,0.022195782482505134,0.020140706444691736,0.020140706444691736,0.020140706444691736,0.020140706444691736,0.018085630406878335,0.018085630406878335,0.022195782482505134,0.022195782482505134,0.020140706444691736,0.020140706444691736,0.020140706444691736,0.020140706444691736,0.027074208332730148
kick,LinearModel,7299,0.0005939979673438714,0.01760061161563192,0.01760061161563192,0.00029538206577079973,0.00029538206577079973,0.00040917330598052676,0.00040917330598052676,0.00022639384085100246,0.00022639384085100246,0.0003103164042007763,0.0003103164042007763,0.017117509132404642,0.017117509132404642,0.01835055475509268,0.01835055475509268,0.015199438163778802,0.015199438163778802,0.016889167350425376,0.016889167350425376,0.017117509132404642,0.017117509132404642,0.01835055475509268,0.01835055475509268,0.015199438163778802,0.015199438163778802,0.016889167350425376,0.016889167350425376,0.028328291666791
kick,NeuralNetFastAI,7299,0.0005771733416787403,0.017684241476468614,0.017684241476468614,0.00036731767217424235,0.00036731767217424235,0.0003544261170208896,0.0003544261170208896,0.00028952521249438114,0.00028952521249438114,0.0003370896672298377,0.0003370896672298377,0.018500381806661945,0.018500381806661945,0.019733427429349987,0.019733427429349987,0.017678351391536586,0.017678351391536586,0.018637386875849506,0.018637386875849506,0.018500381806661945,0.018500381806661945,0.019733427429349987,0.019733427429349987,0.017678351391536586,0.017678351391536586,0.018637386875849506,0.018637386875849506,0.028490777665865608
kick,NeuralNetTorch,7299,0.00023458592068901205,0.013487245802634747,0.013487245802634747,0.0002819757413706823,0.0002819757413706823,0.00018799859858461125,0.00018799859858461125,0.00013587382460088048,0.00013587382460088048,0.00020194938818539134,0.00020194938818539134,0.016255174192923664,0.016255174192923664,0.014200098155110264,0.014200098155110264,0.014063093085922703,0.014063093085922703,0.01483945514465221,0.01483945514465221,0.016255174192923664,0.016255174192923664,0.014200098155110264,0.014200098155110264,0.014063093085922703,0.014063093085922703,0.01483945514465221,0.01483945514465221,0.0265304303332717
kick,RandomForest,7299,0.002828115379297646,0.03225391854775516,0.03225391854775516,0.0010657754727764462,0.0010657754727764462,0.0012932654271381745,0.0012932654271381745,0.0007648372026011384,0.0007648372026011384,0.0010412927008385865,0.0010412927008385865,0.03391801052570373,0.03391801052570373,0.03693212204783004,0.03693212204783004,0.030218873657639606,0.030218873657639606,0.033689668743724456,0.033689668743724456,0.03391801052570373,0.03391801052570373,0.03693212204783004,0.03693212204783004,0.030218873657639606,0.030218873657639606,0.033689668743724456,0.033689668743724456,0.029147444666402105
kick,XGBoost,7299,0.00046227426086040705,0.018060586153021627,0.018060586153021627,0.0003003566008641486,0.0003003566008641486,0.00040975093767697633,0.00040975093767697633,0.00013911243643751822,0.00013911243643751822,0.00028307332499288103,0.00028307332499288103,0.016053728598645532,0.016053728598645532,0.01961586039752209,0.01961586039752209,0.014546672837582373,0.014546672837582373,0.016738753944583334,0.016738753944583334,0.016053728598645532,0.016053728598645532,0.01961586039752209,0.01961586039752209,0.014546672837582373,0.014546672837582373,0.016738753944583334,0.016738753944583334,0.02652856966718294
mammography,CatBoost,1119,0.0003067871709737866,0.002987250300573251,0.002987250300573251,0.0,-8.219628572206599e-05,0.0,-5.894666645080005e-05,0.0,-1.4236806220359504e-05,0.0,-5.179325279774184e-05,0.0,-0.00213471375975979,0.0,-0.0048377820975059275,0.0,-0.0023660335487213674,0.0,-0.003112843135329028,0.0,-0.00213471375975979,0.0,-0.0048377820975059275,0.0,-0.0023660335487213674,0.0,-0.003112843135329028,0.010863680333083417
mammography,ExtraTrees,1119,0.0009083719555935277,0.00982183899564482,0.00982183899564482,0.0,-0.0004188526078098101,0.00027953427639478836,0.00027953427639478836,3.113775810684926e-05,3.113775810684926e-05,0.00010355734483387921,-3.606019110272417e-05,0.0010288403765613132,0.0010288403765613132,0.006391492888742196,0.006391492888742196,0.0027703614519701265,0.0027703614519701265,0.0033968982390912114,0.0033968982390912114,0.0010288403765613132,0.0010288403765613132,0.006391492888742196,0.006391492888742196,0.0027703614519701265,0.0027703614519701265,0.0033968982390912114,0.0033968982390912114,0.010976139000073696
mammography,LightGBM,1119,0.00031100477806888605,0.004549416189807716,0.004549416189807716,0.0,-8.428764777297221e-05,0.0,-0.00017460202745562498,0.0,-5.9175712357741895e-05,0.0,-0.00010602179586211302,0.0,-0.008047771113704128,0.0,-0.0009320966502604965,0.0,-0.0029039197492973347,0.0,-0.003961262504420654,0.0,-0.008047771113704128,0.0,-0.0009320966502604965,0.0,-0.0029039197492973347,0.0,-0.003961262504420654,0.010915153000193337
mammography,LinearModel,1119,0.00047097862035540007,0.0075422727862264815,0.0075422727862264815,0.0,-0.00014980043820549737,0.0001297250693101593,0.0001297250693101593,0.0,-0.0001419309918496966,4.32416897700531e-05,-5.400212024834489e-05,0.001859636731567637,0.001859636731567637,0.005810084198657017,0.005810084198657017,0.0,-0.005695702176912369,0.002556573643408218,0.000658006251104095,0.001859636731567637,0.001859636731567637,0.005810084198657017,0.005810084198657017,0.0,-0.005695702176912369,0.002556573643408218,0.000658006251104095,0.010733735999868562
mammography,NeuralNetFastAI,1119,0.00021599745896071988,0.0038140064351425873,0.0038140064351425873,0.0,-8.89255042273875e-05,0.0,-5.280893548883477e-05,0.0,-3.2537511005272334e-05,0.0,-5.8090650240498206e-05,0.0,-0.0040332096842697705,0.0,-0.006953666326889337,0.0,-0.0034512961778906275,0.0,-0.004812724063016578,0.0,-0.0040332096842697705,0.0,-0.006953666326889337,0.0,-0.0034512961778906275,0.0,-0.004812724063016578,0.010813638666149927
mammography,NeuralNetTorch,1119,0.0002914973659975757,0.004787277400137917,0.004787277400137917,0.0,-0.00027317131120152354,0.0,-1.2761390059872184e-05,0.0,-8.512350844714546e-05,0.0,-0.00012368540323618037,0.001925897603275053,0.001925897603275053,0.0036940140455590364,0.0036940140455590364,0.0,-0.005338575801561916,0.0018733038829446963,9.377861575739106e-05,0.001925897603275053,0.001925897603275053,0.0036940140455590364,0.0036940140455590364,0.0,-0.005338575801561916,0.0018733038829446963,9.377861575739106e-05,0.010903499999888785
mammography,RandomForest,1119,0.0009077515840056415,0.010416327105699756,0.010416327105699756,0.0,-0.00014319348197752726,0.00010380221919650656,0.00010380221919650656,8.829924145500552e-05,8.829924145500552e-05,6.403382021717069e-05,1.6302659557994938e-05,0.005769076538981071,0.005769076538981071,0.006662791464516661,0.006662791464516661,0.004860000274624053,0.004860000274624053,0.005763956092707262,0.005763956092707262,0.005769076538981071,0.005769076538981071,0.006662791464516661,0.006662791464516661,0.004860000274624053,0.004860000274624053,0.005763956092707262,0.005763956092707262,0.010678805666733146
mammography,XGBoost,1119,0.00038680258371852957,0.004986199969852342,0.004986199969852342,0.0,-1.5265671738767818e-05,0.0,-2.15846585785076e-06,0.0,-0.00016713015750843642,0.0,-6.151809836835166e-05,5.026253705371547e-05,5.026253705371547e-05,0.0,-0.005373568602155568,0.0,-0.005131407343593973,1.6754179017905157e-05,-0.0034849044695652747,5.026253705371547e-05,5.026253705371547e-05,0.0,-0.005373568602155568,0.0,-0.005131407343593973,1.6754179017905157e-05,-0.0034849044695652747,0.01091681933394284
mc1,CatBoost,947,8.474567040156436e-05,0.001448690264707574,0.001448690264707574,0.0,-0.00011861936377517072,9.716658097089245e-05,9.716658097089245e-05,0.0,-2.4653348098297558e-05,3.238886032363081e-05,-1.5368710300858613e-05,0.0,-0.00227309520677329,0.005052252278097491,0.005052252278097491,0.0,-0.002389574780361481,0.0016840840926991639,0.0001298607636542401,0.0,-0.00227309520677329,0.005052252278097491,0.005052252278097491,0.0,-0.002389574780361481,0.0016840840926991639,0.0001298607636542401,0.01054044466582127
mc1,ExtraTrees,947,0.00010842411057971378,0.00240776792749526,0.00240776792749526,6.96881577485074e-05,6.96881577485074e-05,2.907453873900003e-05,2.907453873900003e-05,4.632634228365879e-05,4.632634228365879e-05,4.8363012923722074e-05,4.8363012923722074e-05,0.0024855677870287483,0.0024855677870287483,0.0027094133897321744,0.0027094133897321744,0.001395011622343572,0.001395011622343572,0.002196664266368165,0.002196664266368165,0.0024855677870287483,0.0024855677870287483,0.0027094133897321744,0.0027094133897321744,0.001395011622343572,0.001395011622343572,0.002196664266368165,0.002196664266368165,0.010471458333389213
mc1,LightGBM,947,9.440718488325625e-05,0.002233540501656573,0.002233540501656573,0.0,-0.0008783546657745851,7.31705509100318e-05,7.31705509100318e-05,2.061818383026953e-05,2.061818383026953e-05,3.1262911580100446e-05,-0.00026152197701142794,0.002420992389311001,0.002420992389311001,0.006026737283339474,0.006026737283339474,0.0,-0.00010761256110161118,0.0028159098908834917,0.0027800390371829544,0.002420992389311001,0.002420992389311001,0.006026737283339474,0.006026737283339474,0.0,-0.00010761256110161118,0.0028159098908834917,0.0027800390371829544,0.01062477766633189
mc1,LinearModel,947,0.00014638436646146276,0.0026338506459625682,0.0026338506459625682,0.0,-1.8638889448550568e-05,4.531872076457468e-07,4.531872076457468e-07,0.0,-0.00020190720767421697,1.5106240254858227e-07,-7.33643033050406e-05,0.0,-0.004526693338052624,0.0031157536361778163,0.0031157536361778163,0.0,-0.0033762065456397856,0.0010385845453926054,-0.0015957154158381976,0.0,-0.004526693338052624,0.0031157536361778163,0.0031157536361778163,0.0,-0.0033762065456397856,0.0010385845453926054,-0.0015957154158381976,0.010660472333256621
mc1,NeuralNetFastAI,947,0.0002510707807121435,0.0026250846864085877,0.0026250846864085877,6.10206586677648e-06,6.10206586677648e-06,0.0,-1.1585653179762446e-05,7.590721879292296e-06,7.590721879292296e-06,4.5642625820229254e-06,7.023781887687767e-07,0.0008765203181268659,0.0008765203181268659,0.0,-0.0027668306655164975,0.0034934396923823018,0.0034934396923823018,0.001456653336836389,0.0005343764483308901,0.0008765203181268659,0.0008765203181268659,0.0,-0.0027668306655164975,0.0034934396923823018,0.0034934396923823018,0.001456653336836389,0.0005343764483308901,0.010489513665864555
mc1,NeuralNetTorch,947,0.00010110961490308469,0.002626690070216347,0.002626690070216347,0.0002079407611055362,0.0002079407611055362,8.77827645457361e-05,8.77827645457361e-05,8.884851398331922e-05,8.884851398331922e-05,0.00012819067987819717,0.00012819067987819717,0.00433169014713626,0.00433169014713626,0.005113896929041054,0.005113896929041054,0.004368337156578791,0.004368337156578791,0.0046046414109187014,0.0046046414109187014,0.00433169014713626,0.00433169014713626,0.005113896929041054,0.005113896929041054,0.004368337156578791,0.004368337156578791,0.0046046414109187014,0.0046046414109187014,0.010074166665920833
mc1,RandomForest,947,5.816639252468534e-05,0.002580967733421892,0.002580967733421892,0.00015945298651779685,0.00015945298651779685,3.0886130695542825e-06,3.0886130695542825e-06,0.0,-0.0010609934314613316,5.4180533195783715e-05,-0.0002994839439579935,0.0023063751190864294,0.0023063751190864294,0.0016908985525359195,0.0016908985525359195,0.0054868666837602255,0.0054868666837602255,0.003161380118460858,0.003161380118460858,0.0023063751190864294,0.0023063751190864294,0.0016908985525359195,0.0016908985525359195,0.0054868666837602255,0.0054868666837602255,0.003161380118460858,0.003161380118460858,0.010498597333935322
mc1,XGBoost,947,6.719166348136656e-05,0.0017722229712900024,0.0017722229712900024,5.59185128893253e-06,5.59185128893253e-06,0.0,-5.4917216782478405e-05,0.0,-1.2599992712970459e-05,1.8639504296441767e-06,-2.0641786068838775e-05,0.0016926283910752538,0.0016926283910752538,0.0022083155839352888,0.0022083155839352888,0.00027825082359695855,0.00027825082359695855,0.001393064932869167,0.001393064932869167,0.0016926283910752538,0.0016926283910752538,0.0022083155839352888,0.0022083155839352888,0.00027825082359695855,0.00027825082359695855,0.001393064932869167,0.001393064932869167,0.010217083333069846
mozilla4,CatBoost,1555,0.00010475732649914228,0.004283992180305419,0.004283992180305419,0.0,-0.00010822722800274551,0.0,-0.00013355778040520551,2.2583807767363273e-05,2.2583807767363273e-05,7.527935922454424e-06,-7.306706688019593e-05,0.0,-0.005212382342357756,0.0,-0.012061643202738032,0.004256878886339097,0.004256878886339097,0.0014189596287796991,-0.0043390488862522295,0.0,-0.005212382342357756,0.0,-0.012061643202738032,0.004256878886339097,0.004256878886339097,0.0014189596287796991,-0.0043390488862522295,0.011782458333376175
mozilla4,ExtraTrees,1555,0.0009227105781339121,0.019337496672612108,0.019337496672612108,0.000127212397269572,0.000127212397269572,0.000599692971612465,0.000599692971612465,0.000886302721060839,0.000886302721060839,0.0005377360299809587,0.0005377360299809587,0.009363342730262559,0.009363342730262559,0.015481241820290254,0.015481241820290254,0.01676741545373077,0.01676741545373077,0.013870666668094528,0.013870666668094528,0.009363342730262559,0.009363342730262559,0.015481241820290254,0.015481241820290254,0.01676741545373077,0.01676741545373077,0.013870666668094528,0.013870666668094528,0.011500930333568249
mozilla4,LightGBM,1555,0.000159472009788727,0.00936400598354699,0.00936400598354699,0.0,-7.689403673453101e-05,0.0,-6.04430691953192e-05,0.0,-3.5010169008887836e-05,0.0,-5.744909164624601e-05,0.0,-0.0059779724992596065,0.0028172039136386377,0.0028172039136386377,0.0,-0.0002752139879887702,0.0009390679712128792,-0.0011453275245365796,0.0,-0.0059779724992596065,0.0028172039136386377,0.0028172039136386377,0.0,-0.0002752139879887702,0.0009390679712128792,-0.0011453275245365796,0.011665972332896976
mozilla4,LinearModel,1555,0.00220445800765884,0.015876230313230686,0.015876230313230686,0.0,-7.781151141366512e-05,0.0002210366988979594,0.0002210366988979594,0.000368526528357757,0.000368526528357757,0.00019652107575190546,0.00017058390528068375,0.004179579814977122,0.004179579814977122,0.013863764942456258,0.013863764942456258,0.015149809315023847,0.015149809315023847,0.011064384690819074,0.011064384690819074,0.004179579814977122,0.004179579814977122,0.013863764942456258,0.013863764942456258,0.015149809315023847,0.015149809315023847,0.011064384690819074,0.011064384690819074,0.011609305666449169
mozilla4,NeuralNetFastAI,1555,0.0010055261190156874,0.020562476577339065,0.020562476577339065,0.0003437321958612639,0.0003437321958612639,0.0006994445675395012,0.0006994445675395012,0.0007508872162249624,0.0007508872162249624,0.0005980213265419092,0.0005980213265419092,0.016723100518825737,0.016723100518825737,0.0218782032884873,0.0218782032884873,0.018663205027915658,0.018663205027915658,0.019088169611742898,0.019088169611742898,0.016723100518825737,0.016723100518825737,0.0218782032884873,0.0218782032884873,0.018663205027915658,0.018663205027915658,0.019088169611742898,0.019088169611742898,0.011572013999587702
mozilla4,NeuralNetTorch,1555,0.0007979974933060649,0.013448329768381714,0.013448329768381714,0.0,-0.00021419324064749575,0.0,-3.210387412485736e-06,2.180386155419144e-05,2.180386155419144e-05,7.267953851397147e-06,-6.519992216859668e-05,0.0,-0.009825497449040384,0.0038648936667799094,0.0038648936667799094,0.005172719846946663,0.005172719846946663,0.0030125378379088573,-0.0002626279784379371,0.0,-0.009825497449040384,0.0038648936667799094,0.0038648936667799094,0.005172719846946663,0.005172719846946663,0.0030125378379088573,-0.0002626279784379371,0.011613430666329805
mozilla4,RandomForest,1555,0.0006578447157407265,0.014748294860964668,0.014748294860964668,0.00016942701426625052,0.00016942701426625052,0.00037902743109654707,0.00037902743109654707,0.0006510499660585585,0.0006510499660585585,0.0003998348038071187,0.0003998348038071187,0.012040727165111391,0.012040727165111391,0.012040727165111391,0.012040727165111391,0.015899248065432935,0.015899248065432935,0.013326900798551906,0.013326900798551906,0.012040727165111391,0.012040727165111391,0.012040727165111391,0.012040727165111391,0.015899248065432935,0.015899248065432935,0.013326900798551906,0.013326900798551906,0.011566736000531819
mozilla4,XGBoost,1555,0.00013384213959910505,0.004527395625543843,0.004527395625543843,2.3306645807839416e-05,2.3306645807839416e-05,0.0,-0.00010165798712282848,0.0,-1.5477749931400512e-05,7.768881935946473e-06,-3.127636374879653e-05,0.00588829742066661,0.00588829742066661,0.0,-0.010252940743900327,0.0,-0.0015485413010730752,0.00196276580688887,-0.0019710615414355974,0.00588829742066661,0.00588829742066661,0.0,-0.010252940743900327,0.0,-0.0015485413010730752,0.00196276580688887,-0.0019710615414355974,0.011651124999237558
nomao,CatBoost,3447,0.00014470361669024728,0.003625955038653568,0.003625955038653568,2.996721847013867e-05,2.996721847013867e-05,3.606486673844368e-05,3.606486673844368e-05,0.0,-2.032729693796705e-05,2.2010695069527448e-05,1.5234929423538432e-05,0.004373277265276287,0.004373277265276287,0.0035029552461292024,0.0035029552461292024,0.0,-0.0021890486408035234,0.002625410837135163,0.001895727956867322,0.004373277265276287,0.004373277265276287,0.0035029552461292024,0.0035029552461292024,0.0,-0.0021890486408035234,0.002625410837135163,0.001895727956867322,0.014788972333917627
nomao,ExtraTrees,3447,0.0017768789407561548,0.022720582999909377,0.022720582999909377,0.001131720353397778,0.001131720353397778,0.0012431693164184343,0.0012431693164184343,0.0014772090492125107,0.0014772090492125107,0.0012840329063429077,0.0012840329063429077,0.02251003832984008,0.02251003832984008,0.02018917961211452,0.02018917961211452,0.02192982365040869,0.02192982365040869,0.021543013864121094,0.021543013864121094,0.02251003832984008,0.02251003832984008,0.02018917961211452,0.02018917961211452,0.02192982365040869,0.02192982365040869,0.021543013864121094,0.021543013864121094,0.014637764000023404
nomao,LightGBM,3447,2.7357595544002276e-05,0.002103834546971972,0.002103834546971972,1.6219041386467815e-06,1.6219041386467815e-06,0.00012052849062527411,0.00012052849062527411,0.0,-4.758573652085462e-05,4.07167982546403e-05,2.4854886081022093e-05,9.187001058333073e-05,9.187001058333073e-05,0.006035057132085156,0.006035057132085156,0.0016834470363497338,0.0016834470363497338,0.00260345805967274,0.00260345805967274,9.187001058333073e-05,9.187001058333073e-05,0.006035057132085156,0.006035057132085156,0.0016834470363497338,0.0016834470363497338,0.00260345805967274,0.00260345805967274,0.014692930667176066
nomao,LinearModel,3447,7.56566533120852e-05,0.004612081453781588,0.004612081453781588,0.0,-9.047517819242642e-06,4.0161897481054816e-05,4.0161897481054816e-05,4.059384991311169e-06,4.059384991311169e-06,1.4740427490788661e-05,1.1724588217707781e-05,0.0010841537583776574,0.0010841537583776574,0.005448280900785257,0.005448280900785257,0.005263857716284589,0.005263857716284589,0.003932097458482501,0.003932097458482501,0.0010841537583776574,0.0010841537583776574,0.005448280900785257,0.005448280900785257,0.005263857716284589,0.005263857716284589,0.003932097458482501,0.003932097458482501,0.014439527666885018
nomao,NeuralNetFastAI,3447,8.557584359431473e-05,0.004501180151485815,0.004501180151485815,6.233192755073531e-05,6.233192755073531e-05,7.712373680907741e-05,7.712373680907741e-05,3.251504347921864e-05,3.251504347921864e-05,5.732356927967713e-05,5.732356927967713e-05,0.0028967595955447026,0.0028967595955447026,0.006378047672133041,0.006378047672133041,0.004927510973554566,0.004927510973554566,0.00473410608041077,0.00473410608041077,0.0028967595955447026,0.0028967595955447026,0.006378047672133041,0.006378047672133041,0.004927510973554566,0.004927510973554566,0.00473410608041077,0.00473410608041077,0.014604402666009264
nomao,NeuralNetTorch,3447,9.360997247336185e-05,0.00656317371732796,0.00656317371732796,0.0,-0.0001580914494960786,0.0,-7.456207943366031e-05,0.0,-0.00020928274478278897,0.0,-0.0001473120912375093,0.0,-6.030040224654747e-05,0.00022980693746914733,0.00022980693746914733,0.0,-6.030040224654747e-05,7.660231248971578e-05,3.6402044325350805e-05,0.0,-6.030040224654747e-05,0.00022980693746914733,0.00022980693746914733,0.0,-6.030040224654747e-05,7.660231248971578e-05,3.6402044325350805e-05,0.014796819334151223
nomao,RandomForest,3447,0.00211467999050397,0.025183486880836287,0.025183486880836287,0.0015378891661567836,0.0015378891661567836,0.0015280080517568663,0.0015280080517568663,0.0015447687363873564,0.0015447687363873564,0.0015368886514336687,0.0015368886514336687,0.022718267875726512,0.022718267875726512,0.022718267875726512,0.022718267875726512,0.020977623837432343,0.020977623837432343,0.022138053196295124,0.022138053196295124,0.022718267875726512,0.022718267875726512,0.022718267875726512,0.022718267875726512,0.020977623837432343,0.020977623837432343,0.022138053196295124,0.022138053196295124,0.014461569666309515
nomao,XGBoost,3447,9.556992200958155e-06,0.0014441128888325516,0.0014441128888325516,0.0,-2.3213554961784077e-05,0.0,-1.0414412715996526e-05,0.0,-5.501866481533655e-05,0.0,-2.954887749770572e-05,0.0,-0.0006437005287851021,0.0036261890769183564,0.0036261890769183564,0.0,-0.0025280762835015605,0.0012087296923061189,0.00015147075487723124,0.0,-0.0006437005287851021,0.0036261890769183564,0.0036261890769183564,0.0,-0.0025280762835015605,0.0012087296923061189,0.00015147075487723124,0.015140319666291665
numerai28_6,CatBoost,9632,0.00035483117713662227,0.011971280148927357,0.011971280148927357,3.1697772228430004e-05,3.1697772228430004e-05,0.00016090613961441245,0.00016090613961441245,0.0,-9.646607245447945e-07,6.420130394761415e-05,6.387975037276589e-05,0.0034281203022034855,0.0034281203022034855,0.017132439239080564,0.017132439239080564,0.005089249870309798,0.005089249870309798,0.008549936470531282,0.008549936470531282,0.0034281203022034855,0.0034281203022034855,0.017132439239080564,0.017132439239080564,0.005089249870309798,0.005089249870309798,0.008549936470531282,0.008549936470531282,0.030275028000081267
numerai28_6,ExtraTrees,9632,0.0001826482708778305,0.01051235737656537,0.01051235737656537,0.0,-1.4495488592651798e-05,0.0,-3.769959184214443e-05,0.0,-3.2538712798619085e-06,0.0,-1.8482983904886046e-05,0.0,-0.007597477432105233,0.01272973502395161,0.01272973502395161,0.0017013280989719784,0.0017013280989719784,0.004810354374307863,0.002277861896939452,0.0,-0.007597477432105233,0.01272973502395161,0.01272973502395161,0.0017013280989719784,0.0017013280989719784,0.004810354374307863,0.002277861896939452,0.029527430666348664
numerai28_6,LightGBM,9632,0.0002515680942445501,0.011848843371823578,0.011848843371823578,0.0,-2.6409160518784937e-05,3.187736497932834e-05,3.187736497932834e-05,0.0,-2.6654627986118116e-05,1.062578832644278e-05,-7.0621411751915706e-06,0.0,-0.0019262486672728164,0.013830655959877263,0.013830655959877263,0.0,-0.0024842590285446557,0.004610218653292421,0.0031400494213532637,0.0,-0.0019262486672728164,0.013830655959877263,0.013830655959877263,0.0,-0.0024842590285446557,0.004610218653292421,0.0031400494213532637,0.03124486100083838
numerai28_6,LinearModel,9632,0.0002761142419707706,0.01254462680633975,0.01254462680633975,0.0,-4.534994505891306e-05,3.271668074558247e-05,3.271668074558247e-05,0.0,-1.205732924789061e-05,1.0905560248527492e-05,-8.2301978537404e-06,0.0019594258087319,0.0019594258087319,0.005800787934977747,0.005800787934977747,0.0,-0.003459144600255545,0.0025867379145698825,0.0014336897144847007,0.0019594258087319,0.0019594258087319,0.005800787934977747,0.005800787934977747,0.0,-0.003459144600255545,0.0025867379145698825,0.0014336897144847007,0.03170323633336617
numerai28_6,NeuralNetFastAI,9632,0.0002771364253259482,0.013133332572654633,0.013133332572654633,0.0,-4.314643603006447e-05,0.0,-6.130587484093327e-05,0.0,-1.2336232219599117e-05,0.0,-3.892951436353228e-05,0.0,-0.0005417973192971806,0.008504809059846243,0.008504809059846243,0.00011230057470525222,0.00011230057470525222,0.002872369878183832,0.0026917707717514384,0.0,-0.0005417973192971806,0.008504809059846243,0.008504809059846243,0.00011230057470525222,0.00011230057470525222,0.002872369878183832,0.0026917707717514384,0.030081680666626198
numerai28_6,NeuralNetTorch,9632,0.0002644595391366567,0.012526102667284567,0.012526102667284567,0.0,-4.445855066567595e-05,0.0,-7.500449438746276e-05,0.0,-9.411357594784132e-06,0.0,-4.2958134215974276e-05,0.0,-0.005320976803889901,0.004108528272431356,0.004108528272431356,6.136948867790722e-05,6.136948867790722e-05,0.0013899659203697545,-0.00038369301426021237,0.0,-0.005320976803889901,0.004108528272431356,0.004108528272431356,6.136948867790722e-05,6.136948867790722e-05,0.0013899659203697545,-0.00038369301426021237,0.02867897233227268
numerai28_6,RandomForest,9632,0.00012645464047984857,0.0071427804631400745,0.0071427804631400745,2.614271294805834e-05,2.614271294805834e-05,0.0,-4.822964456036434e-05,5.4075883631042224e-05,5.4075883631042224e-05,2.6739532193033518e-05,1.0662984006245408e-05,0.00509727598659917,0.00509727598659917,0.0,-0.0018587040798460131,0.008419535122811794,0.008419535122811794,0.004505603703136987,0.0038860356765216503,0.00509727598659917,0.00509727598659917,0.0,-0.0018587040798460131,0.008419535122811794,0.008419535122811794,0.004505603703136987,0.0038860356765216503,0.03056844466724821
numerai28_6,XGBoost,9632,0.0003256287364334502,0.01252303114377482,0.01252303114377482,0.0,-1.736302510111528e-05,0.00011773307134056642,0.00011773307134056642,2.7200918620315345e-05,2.7200918620315345e-05,4.831132998696059e-05,4.2523654953255495e-05,0.010322221189712568,0.010322221189712568,0.01686291886413117,0.01686291886413117,0.0059617560734334975,0.0059617560734334975,0.01104896537575908,0.01104896537575908,0.010322221189712568,0.010322221189712568,0.01686291886413117,0.01686291886413117,0.0059617560734334975,0.0059617560734334975,0.01104896537575908,0.01104896537575908,0.032351194333993284
