dataset,model,test_size,true_brier,true_l1,true_l2,Uniform-ECE_brier_draw0,Uniform-ECE_brier_draw0_unclipped,Uniform-ECE_brier_draw1,Uniform-ECE_brier_draw1_unclipped,Uniform-ECE_brier_draw2,Uniform-ECE_brier_draw2_unclipped,Uniform-ECE_brier,Uniform-ECE_brier_unclipped,Uniform-ECE_l1_draw0,Uniform-ECE_l1_draw0_unclipped,Uniform-ECE_l1_draw1,Uniform-ECE_l1_draw1_unclipped,Uniform-ECE_l1_draw2,Uniform-ECE_l1_draw2_unclipped,Uniform-ECE_l1,Uniform-ECE_l1_unclipped,Uniform-ECE_l2_draw0,Uniform-ECE_l2_draw0_unclipped,Uniform-ECE_l2_draw1,Uniform-ECE_l2_draw1_unclipped,Uniform-ECE_l2_draw2,Uniform-ECE_l2_draw2_unclipped,Uniform-ECE_l2,Uniform-ECE_l2_unclipped,Uniform-ECE_time
2dplanes,CatBoost,4077,0.0010357467002906422,0.016759806470045092,0.016759806470045092,0.0010363863311347132,0.0010363863311347132,0.0015538258381568861,0.0015538258381568861,0.0011144710663296739,0.0011144710663296739,0.0012348944118737578,0.0012348944118737578,0.015257903969357703,0.015257903969357703,0.018873416685944354,0.018873416685944354,0.015279872703397583,0.015279872703397583,0.01647039778623321,0.01647039778623321,0.015257903969357703,0.015257903969357703,0.018873416685944354,0.018873416685944354,0.015279872703397583,0.015279872703397583,0.01647039778623321,0.01647039778623321,0.0002829723331766824
2dplanes,ExtraTrees,4077,0.00060943821379165,0.013471089267672749,0.013471089267672749,0.0005850717917922576,0.0005850717917922576,0.0008060446973322242,0.0008060446973322242,0.00044851858194053327,0.00044851858194053327,0.000613211690355005,0.000613211690355005,0.013312233314136144,0.013312233314136144,0.016304392870683353,0.016304392870683353,0.012094828144686771,0.012094828144686771,0.013903818109835422,0.013903818109835422,0.013312233314136144,0.013312233314136144,0.016304392870683353,0.016304392870683353,0.012094828144686771,0.012094828144686771,0.013903818109835422,0.013903818109835422,0.0001945416661328636
2dplanes,LightGBM,4077,0.0006452912859289947,0.014063984582822505,0.014063984582822505,0.001215893656623991,0.001215893656623991,0.0008855361745110379,0.0008855361745110379,0.0009439106018479024,0.0009439106018479024,0.0010151134776609772,0.0010151134776609772,0.01617639705761386,0.01617639705761386,0.01551884401113265,0.01551884401113265,0.013958165897201807,0.013958165897201807,0.015217802321982771,0.015217802321982771,0.01617639705761386,0.01617639705761386,0.01551884401113265,0.01551884401113265,0.013958165897201807,0.013958165897201807,0.015217802321982771,0.015217802321982771,0.00019343033272889443
2dplanes,LinearModel,4077,0.006020850286611491,0.05546835795935246,0.05546835795935246,0.0010523983637996939,0.0010523983637996939,0.0011972356715702044,0.0011972356715702044,0.000548875386739716,0.000548875386739716,0.0009328364740365381,0.0009328364740365381,0.019240838977878753,0.019240838977878753,0.023649414811702064,0.023649414811702064,0.01887883537976966,0.01887883537976966,0.02058969638978349,0.02058969638978349,0.019240838977878753,0.019240838977878753,0.023649414811702064,0.023649414811702064,0.01887883537976966,0.01887883537976966,0.02058969638978349,0.02058969638978349,0.0002592636665212922
2dplanes,NeuralNetFastAI,4077,0.0003691270459463433,0.010036207619855754,0.010036207619855754,0.00028195202548953754,0.00028195202548953754,0.000677123228103944,0.000677123228103944,0.0003464691757051014,0.0003464691757051014,0.00043518147643286097,0.00043518147643286097,0.008195456407517081,0.008195456407517081,0.013119827694191866,0.013119827694191866,0.009337504208194458,0.009337504208194458,0.010217596103301136,0.010217596103301136,0.008195456407517081,0.008195456407517081,0.013119827694191866,0.013119827694191866,0.009337504208194458,0.009337504208194458,0.010217596103301136,0.010217596103301136,0.00020097233330792127
2dplanes,NeuralNetTorch,4077,0.0003406932270880549,0.009938694772379074,0.009938694772379074,0.0007465308105153028,0.0007465308105153028,0.0004985792426873332,0.0004985792426873332,0.0006909800886897067,0.0006909800886897067,0.0006453633806307809,0.0006453633806307809,0.00991180201525834,0.00991180201525834,0.011041614165814338,0.011041614165814338,0.011809808242786546,0.011809808242786546,0.010921074807953075,0.010921074807953075,0.00991180201525834,0.00991180201525834,0.011041614165814338,0.011041614165814338,0.011809808242786546,0.011809808242786546,0.010921074807953075,0.010921074807953075,0.00018670833257298605
2dplanes,RandomForest,4077,0.000662710189717478,0.012572317079092885,0.012572317079092885,0.000559157990131905,0.000559157990131905,0.0008945909885798957,0.0008945909885798957,0.0009499598354326461,0.0009499598354326461,0.0008012362713814823,0.0008012362713814823,0.01135661582345802,0.01135661582345802,0.012521584275447051,0.012521584275447051,0.011356085606955103,0.011356085606955103,0.011744761901953392,0.011744761901953392,0.01135661582345802,0.01135661582345802,0.012521584275447051,0.012521584275447051,0.011356085606955103,0.011356085606955103,0.011744761901953392,0.011744761901953392,0.0001902223339129705
2dplanes,XGBoost,4077,0.0007391555875778144,0.013616694989012785,0.013616694989012785,0.0013801911355761144,0.0013801911355761144,0.001057246901649217,0.001057246901649217,0.0010427836509775297,0.0010427836509775297,0.0011600738960676205,0.0011600738960676205,0.015591403092114355,0.015591403092114355,0.015462273564571739,0.015462273564571739,0.012596137071913401,0.012596137071913401,0.014549937909533165,0.014549937909533165,0.015591403092114355,0.015591403092114355,0.015462273564571739,0.015462273564571739,0.012596137071913401,0.012596137071913401,0.014549937909533165,0.014549937909533165,0.00018469466643485552
APSFailure,CatBoost,7600,0.00023072929039153674,0.0018584471185175446,0.0018584471185175446,0.0005024830898254866,0.0005024830898254866,0.0003960503039526919,0.0003960503039526919,0.0007523045774580094,0.0007523045774580094,0.0005502793237453959,0.0005502793237453959,0.0021740715276002062,0.0021740715276002062,0.002186343104406325,0.002186343104406325,0.0033944604730387303,0.0033944604730387303,0.002584958368348421,0.002584958368348421,0.0021740715276002062,0.0021740715276002062,0.002186343104406325,0.002186343104406325,0.0033944604730387303,0.0033944604730387303,0.002584958368348421,0.002584958368348421,0.00029215300067638356
APSFailure,ExtraTrees,7600,0.0006226824370906533,0.0051914377608753915,0.0051914377608753915,0.0012082642189289064,0.0012082642189289064,0.0006604633069801221,0.0006604633069801221,0.0010728014270337104,0.0010728014270337104,0.0009805096509809131,0.0009805096509809131,0.00598053243797614,0.00598053243797614,0.005322637701134034,0.005322637701134034,0.006115905095501053,0.006115905095501053,0.005806358411537075,0.005806358411537075,0.00598053243797614,0.00598053243797614,0.005322637701134034,0.005322637701134034,0.006115905095501053,0.006115905095501053,0.005806358411537075,0.005806358411537075,0.0002838056667921289
APSFailure,LightGBM,7600,0.00045686417862927437,0.0026085678974425864,0.0026085678974425864,0.0006160900087161071,0.0006160900087161071,0.0006032132950577668,0.0006032132950577668,0.0008745557049825279,0.0008745557049825279,0.0006979530029188006,0.0006979530029188006,0.00291302307514271,0.00291302307514271,0.0027450718912589434,0.0027450718912589434,0.003383804588573806,0.003383804588573806,0.0030139665183251535,0.0030139665183251535,0.00291302307514271,0.00291302307514271,0.0027450718912589434,0.0027450718912589434,0.003383804588573806,0.003383804588573806,0.0030139665183251535,0.0030139665183251535,0.00028786099937860854
APSFailure,LinearModel,7600,0.0003803322741956466,0.0034943082985187082,0.0034943082985187082,0.0005462042993942474,0.0005462042993942474,0.001065887543523056,0.001065887543523056,0.0007995708573709559,0.0007995708573709559,0.000803887566762753,0.000803887566762753,0.003803702598612372,0.003803702598612372,0.0049079177390178265,0.0049079177390178265,0.004338989494935275,0.004338989494935275,0.0043502032775218245,0.0043502032775218245,0.003803702598612372,0.003803702598612372,0.0049079177390178265,0.0049079177390178265,0.004338989494935275,0.004338989494935275,0.0043502032775218245,0.0043502032775218245,0.0002881526670535095
APSFailure,NeuralNetFastAI,7600,0.0005370516703016731,0.002903728571302389,0.002903728571302389,0.000777603204546084,0.000777603204546084,0.0007969330860355908,0.0007969330860355908,0.0006804099815194715,0.0006804099815194715,0.0007516487573670487,0.0007516487573670487,0.0035546301220603332,0.0035546301220603332,0.00363272872347687,0.00363272872347687,0.0032612754214740463,0.0032612754214740463,0.00348287808900375,0.00348287808900375,0.0035546301220603332,0.0035546301220603332,0.00363272872347687,0.00363272872347687,0.0032612754214740463,0.0032612754214740463,0.00348287808900375,0.00348287808900375,0.00029080566673655994
APSFailure,NeuralNetTorch,7600,0.0003528082933513664,0.0026576990019937415,0.0026576990019937415,0.0008213737799767908,0.0008213737799767908,0.0006918460620293522,0.0006918460620293522,0.0005892780189340356,0.0005892780189340356,0.0007008326203133929,0.0007008326203133929,0.0037325652086409667,0.0037325652086409667,0.004242905916980578,0.004242905916980578,0.002977295833042933,0.002977295833042933,0.003650922319554826,0.003650922319554826,0.0037325652086409667,0.0037325652086409667,0.004242905916980578,0.004242905916980578,0.002977295833042933,0.002977295833042933,0.003650922319554826,0.003650922319554826,0.0002869719998367752
APSFailure,RandomForest,7600,0.0007705903281132056,0.0069554844467050935,0.0069554844467050935,0.0011127932090652956,0.0011127932090652956,0.0009356615636984315,0.0009356615636984315,0.0012312098116735032,0.0012312098116735032,0.0010932215281457434,0.0010932215281457434,0.006740350871114061,0.006740350871114061,0.005152631561627219,0.005152631561627219,0.006924561390371404,0.006924561390371404,0.006272514607704228,0.006272514607704228,0.006740350871114061,0.006740350871114061,0.005152631561627219,0.005152631561627219,0.006924561390371404,0.006924561390371404,0.006272514607704228,0.006272514607704228,0.00028543066582642496
APSFailure,XGBoost,7600,0.0004522037960324727,0.00276524990062937,0.00276524990062937,0.0004884008261155499,0.0004884008261155499,0.0003740485736876974,0.0003740485736876974,0.0009533149975628689,0.0009533149975628689,0.0006052547991220388,0.0006052547991220388,0.002736040261004651,0.002736040261004651,0.0020330210219962233,0.0020330210219962233,0.003955735482501808,0.003955735482501808,0.002908265588500894,0.002908265588500894,0.002736040261004651,0.002736040261004651,0.0020330210219962233,0.0020330210219962233,0.003955735482501808,0.003955735482501808,0.002908265588500894,0.002908265588500894,0.0003010553324808522
Amazon_employee_access,CatBoost,3277,6.587767880525423e-05,0.007047274838570309,0.007047274838570309,0.0010602287539054167,0.0010602287539054167,0.0006791853438596693,0.0006791853438596693,0.0005276610913351452,0.0005276610913351452,0.000755691729700077,0.000755691729700077,0.014601457650327965,0.014601457650327965,0.015195689739606565,0.015195689739606565,0.011881871334810615,0.011881871334810615,0.013893006241581718,0.013893006241581718,0.014601457650327965,0.014601457650327965,0.015195689739606565,0.015195689739606565,0.011881871334810615,0.011881871334810615,0.013893006241581718,0.013893006241581718,0.00022351366593890512
Amazon_employee_access,ExtraTrees,3277,0.0011848128098959204,0.021936008014946693,0.021936008014946693,0.0019432903229446871,0.0019432903229446871,0.002583950485811917,0.002583950485811917,0.0018364426582878144,0.0018364426582878144,0.0021212278223481395,0.0021212278223481395,0.025309002554958663,0.025309002554958663,0.027105551282370802,0.027105551282370802,0.02529130654161136,0.02529130654161136,0.02590195345964694,0.02590195345964694,0.025309002554958663,0.025309002554958663,0.027105551282370802,0.027105551282370802,0.02529130654161136,0.02529130654161136,0.02590195345964694,0.02590195345964694,0.00018576366589210616
Amazon_employee_access,LightGBM,3277,0.00011584613744030146,0.006122729817486624,0.006122729817486624,0.001255173296399715,0.001255173296399715,0.00033194624210148974,0.00033194624210148974,0.0012116507913373501,0.0012116507913373501,0.0009329234432795182,0.0009329234432795182,0.00978079189705277,0.00978079189705277,0.00681124000759211,0.00681124000759211,0.01137983052103775,0.01137983052103775,0.009323954141894209,0.009323954141894209,0.00978079189705277,0.00978079189705277,0.00681124000759211,0.00681124000759211,0.01137983052103775,0.01137983052103775,0.009323954141894209,0.009323954141894209,0.00015868033369770274
Amazon_employee_access,LinearModel,3277,0.000577567983805529,0.015529851627251633,0.015529851627251633,0.0019369685574842407,0.0019369685574842407,0.001872079505598091,0.001872079505598091,0.0018125323624091762,0.0018125323624091762,0.0018738601418305026,0.0018738601418305026,0.0198102707397403,0.0198102707397403,0.023830503991529133,0.023830503991529133,0.020524592555747942,0.020524592555747942,0.021388455762339127,0.021388455762339127,0.0198102707397403,0.0198102707397403,0.023830503991529133,0.023830503991529133,0.020524592555747942,0.020524592555747942,0.021388455762339127,0.021388455762339127,0.00015613899934881678
Amazon_employee_access,NeuralNetFastAI,3277,0.0003750018116364677,0.009594039574861163,0.009594039574861163,0.0006957398104046508,0.0006957398104046508,0.0015417497205181087,0.0015417497205181087,0.0025012338715340874,0.0025012338715340874,0.0015795744674856156,0.0015795744674856156,0.008896896283110701,0.008896896283110701,0.013618750641503837,0.013618750641503837,0.01351131859860985,0.01351131859860985,0.012008988507741463,0.012008988507741463,0.008896896283110701,0.008896896283110701,0.013618750641503837,0.013618750641503837,0.01351131859860985,0.01351131859860985,0.012008988507741463,0.012008988507741463,0.000143749999551801
Amazon_employee_access,NeuralNetTorch,3277,0.001192830126488589,0.0172959970043751,0.0172959970043751,0.0015288342621571935,0.0015288342621571935,0.0012416251788111197,0.0012416251788111197,0.001319200148618012,0.001319200148618012,0.0013632198631954417,0.0013632198631954417,0.01332826425853144,0.01332826425853144,0.01556712070233872,0.01556712070233872,0.016734007653900537,0.016734007653900537,0.0152097975382569,0.0152097975382569,0.01332826425853144,0.01332826425853144,0.01556712070233872,0.01556712070233872,0.016734007653900537,0.016734007653900537,0.0152097975382569,0.0152097975382569,0.00015001400000376938
Amazon_employee_access,RandomForest,3277,0.0010407990874690906,0.019401031244190358,0.019401031244190358,0.0019573820297859364,0.0019573820297859364,0.0024077667335915863,0.0024077667335915863,0.0014237123645804055,0.0014237123645804055,0.001929620375985976,0.001929620375985976,0.021883904420096308,0.021883904420096308,0.025356286181194343,0.025356286181194343,0.020914967813286646,0.020914967813286646,0.022718386138192433,0.022718386138192433,0.021883904420096308,0.021883904420096308,0.025356286181194343,0.025356286181194343,0.020914967813286646,0.020914967813286646,0.022718386138192433,0.022718386138192433,0.00014493066676853536
Amazon_employee_access,XGBoost,3277,6.127144786686918e-05,0.006959118745905035,0.006959118745905035,0.0006152660244999783,0.0006152660244999783,0.0009328370636905509,0.0009328370636905509,0.0009431575561842846,0.0009431575561842846,0.0008304202147916046,0.0008304202147916046,0.01430878974554162,0.01430878974554162,0.014274918273896247,0.014274918273896247,0.01461203383247156,0.01461203383247156,0.014398580617303142,0.014398580617303142,0.01430878974554162,0.01430878974554162,0.014274918273896247,0.014274918273896247,0.01461203383247156,0.01461203383247156,0.014398580617303142,0.014398580617303142,0.00017440266674384475
Click_prediction_small,CatBoost,3995,0.00038633628898235186,0.01768859708588454,0.01768859708588454,0.0013448690127615015,0.0013448690127615015,0.0004924764027657885,0.0004924764027657885,0.0006360449244208621,0.0006360449244208621,0.0008244634466493841,0.0008244634466493841,0.02737188059591847,0.02737188059591847,0.01724590390689848,0.01724590390689848,0.016013283985731038,0.016013283985731038,0.02021035616284933,0.02021035616284933,0.02737188059591847,0.02737188059591847,0.01724590390689848,0.01724590390689848,0.016013283985731038,0.016013283985731038,0.02021035616284933,0.02021035616284933,0.00018445833363027
Click_prediction_small,ExtraTrees,3995,0.0008215564260373532,0.023610837407146718,0.023610837407146718,0.0017467990280574783,0.0017467990280574783,0.0017403606911460835,0.0017403606911460835,0.0014112225045838887,0.0014112225045838887,0.0016327940745958166,0.0016327940745958166,0.03163521006180017,0.03163521006180017,0.02729147811576453,0.02729147811576453,0.027230828092054682,0.027230828092054682,0.028719172089873127,0.028719172089873127,0.03163521006180017,0.03163521006180017,0.02729147811576453,0.02729147811576453,0.027230828092054682,0.027230828092054682,0.028719172089873127,0.028719172089873127,0.00017098599952684404
Click_prediction_small,LightGBM,3995,0.0004458847215889114,0.01815457796381882,0.01815457796381882,0.0016051975257963275,0.0016051975257963275,0.0011346152955659641,0.0011346152955659641,0.00048825499510147505,0.00048825499510147505,0.0010760226054879224,0.0010760226054879224,0.032551191720729226,0.032551191720729226,0.02233680631925769,0.02233680631925769,0.015932169774470303,0.015932169774470303,0.02360672260481907,0.02360672260481907,0.032551191720729226,0.032551191720729226,0.02233680631925769,0.02233680631925769,0.015932169774470303,0.015932169774470303,0.02360672260481907,0.02360672260481907,0.00017315266692700484
Click_prediction_small,LinearModel,3995,0.003433357252839177,0.038138102764381475,0.038138102764381475,0.003867952483422013,0.003867952483422013,0.0032146752951097784,0.0032146752951097784,0.002769186133897714,0.002769186133897714,0.0032839379708098347,0.0032839379708098347,0.03880540009166053,0.03880540009166053,0.03939571310224032,0.03939571310224032,0.03283001067074895,0.03283001067074895,0.037010374621549935,0.037010374621549935,0.03880540009166053,0.03880540009166053,0.03939571310224032,0.03939571310224032,0.03283001067074895,0.03283001067074895,0.037010374621549935,0.037010374621549935,0.00016968033378361724
Click_prediction_small,NeuralNetFastAI,3995,0.0006152494557119272,0.02168230629401941,0.02168230629401941,0.0015329603535289794,0.0015329603535289794,0.0007687613364137772,0.0007687613364137772,0.0006811972114277118,0.0006811972114277118,0.0009943063004568228,0.0009943063004568228,0.03243253289177566,0.03243253289177566,0.022182214930910004,0.022182214930910004,0.016743389655426797,0.016743389655426797,0.023786045826037484,0.023786045826037484,0.03243253289177566,0.03243253289177566,0.022182214930910004,0.022182214930910004,0.016743389655426797,0.016743389655426797,0.023786045826037484,0.023786045826037484,0.00017422199986564615
Click_prediction_small,NeuralNetTorch,3995,0.000906484864703196,0.025087184047802014,0.025087184047802014,0.0018080239122957261,0.0018080239122957261,0.001119906635679816,0.001119906635679816,0.0013394236321804419,0.0013394236321804419,0.001422451393385328,0.001422451393385328,0.030515496864464964,0.030515496864464964,0.026204417408205033,0.026204417408205033,0.026124183787848893,0.026124183787848893,0.027614699353506297,0.027614699353506297,0.030515496864464964,0.030515496864464964,0.026204417408205033,0.026204417408205033,0.026124183787848893,0.026124183787848893,0.027614699353506297,0.027614699353506297,0.00016794433273995915
Click_prediction_small,RandomForest,3995,0.0011413213978873715,0.02535429986824517,0.02535429986824517,0.0021145556064887487,0.0021145556064887487,0.002277333494669983,0.002277333494669983,0.0010132647436653212,0.0010132647436653212,0.0018017179482746842,0.0018017179482746842,0.034456201709096766,0.034456201709096766,0.02711257179268724,0.02711257179268724,0.023536040051250148,0.023536040051250148,0.02836827118434472,0.02836827118434472,0.034456201709096766,0.034456201709096766,0.02711257179268724,0.02711257179268724,0.023536040051250148,0.023536040051250148,0.02836827118434472,0.02836827118434472,0.00016906966751169725
Click_prediction_small,XGBoost,3995,0.00047790328474461684,0.018971117007725632,0.018971117007725632,0.0016662758671687813,0.0016662758671687813,0.000847414042920167,0.000847414042920167,0.0008664996078212743,0.0008664996078212743,0.0011267298393034075,0.0011267298393034075,0.028324018334136475,0.028324018334136475,0.02046315812424772,0.02046315812424772,0.01614525733589637,0.01614525733589637,0.021644144598093523,0.021644144598093523,0.028324018334136475,0.028324018334136475,0.02046315812424772,0.02046315812424772,0.01614525733589637,0.01614525733589637,0.021644144598093523,0.021644144598093523,0.0001685973329585977
PhishingWebsites,CatBoost,1106,0.00011501653449411958,0.003910267557744939,0.003910267557744939,0.0013682834148782527,0.0013682834148782527,0.003203783682149099,0.003203783682149099,0.0034304483172344913,0.0034304483172344913,0.0026675051380872805,0.0026675051380872805,0.011606046781586023,0.011606046781586023,0.01427589882667282,0.01427589882667282,0.014738991428640399,0.014738991428640399,0.013540312345633082,0.013540312345633082,0.011606046781586023,0.011606046781586023,0.01427589882667282,0.01427589882667282,0.014738991428640399,0.014738991428640399,0.013540312345633082,0.013540312345633082,6.943066667493743e-05
PhishingWebsites,ExtraTrees,1106,0.0066681586143801565,0.05625384704162044,0.05625384704162044,0.006425003274712051,0.006425003274712051,0.006806350637341147,0.006806350637341147,0.008561910494171392,0.008561910494171392,0.007264421468741529,0.007264421468741529,0.05509591148608359,0.05509591148608359,0.05780838888210529,0.05780838888210529,0.06160624670384746,0.06160624670384746,0.058170182357345446,0.058170182357345446,0.05509591148608359,0.05509591148608359,0.05780838888210529,0.05780838888210529,0.06160624670384746,0.06160624670384746,0.058170182357345446,0.058170182357345446,7.030533258027087e-05
PhishingWebsites,LightGBM,1106,9.452185636811948e-05,0.0038107923112926127,0.0038107923112926127,0.0021147213692451067,0.0021147213692451067,0.0023422169174016493,0.0023422169174016493,0.003143240729393037,0.003143240729393037,0.002533393005346598,0.002533393005346598,0.014709688586028289,0.014709688586028289,0.010966452012722389,0.010966452012722389,0.011367932080941591,0.011367932080941591,0.012348024226564091,0.012348024226564091,0.014709688586028289,0.014709688586028289,0.010966452012722389,0.010966452012722389,0.011367932080941591,0.011367932080941591,0.012348024226564091,0.012348024226564091,6.820833247426587e-05
PhishingWebsites,LinearModel,1106,0.00021872736660312296,0.00902476140604523,0.00902476140604523,0.001969649525827052,0.001969649525827052,0.002946750924871081,0.002946750924871081,0.002450219527247299,0.002450219527247299,0.0024555399926484774,0.0024555399926484774,0.020906132884022422,0.020906132884022422,0.02309061516394769,0.02309061516394769,0.02191460127612035,0.02191460127612035,0.021970449774696824,0.021970449774696824,0.020906132884022422,0.020906132884022422,0.02309061516394769,0.02309061516394769,0.02191460127612035,0.02191460127612035,0.021970449774696824,0.021970449774696824,6.909733322875884e-05
PhishingWebsites,NeuralNetFastAI,1106,4.744237505240245e-05,0.003141969719634052,0.003141969719634052,0.0018437561612284924,0.0018437561612284924,0.004028172712786872,0.004028172712786872,0.0011973277051321141,0.0011973277051321141,0.002356418859715826,0.002356418859715826,0.011249277638981274,0.011249277638981274,0.01639699137031748,0.01639699137031748,0.010873565958229291,0.010873565958229291,0.012839944989176016,0.012839944989176016,0.011249277638981274,0.011249277638981274,0.01639699137031748,0.01639699137031748,0.010873565958229291,0.010873565958229291,0.012839944989176016,0.012839944989176016,6.911099990247749e-05
PhishingWebsites,NeuralNetTorch,1106,0.00011321565322257829,0.004358799474228134,0.004358799474228134,0.0014692909808324333,0.0014692909808324333,0.0019515392582151983,0.0019515392582151983,0.0025504116394529206,0.0025504116394529206,0.001990413959500184,0.001990413959500184,0.011420466305503002,0.011420466305503002,0.01131084740209704,0.01131084740209704,0.012442647700021353,0.012442647700021353,0.011724653802540466,0.011724653802540466,0.011420466305503002,0.011420466305503002,0.01131084740209704,0.01131084740209704,0.012442647700021353,0.012442647700021353,0.011724653802540466,0.011724653802540466,6.89443331793882e-05
PhishingWebsites,RandomForest,1106,0.005133421861791541,0.04618638428999584,0.04618638428999584,0.0047592722200991595,0.0047592722200991595,0.006483170939043845,0.006483170939043845,0.006037751250193122,0.006037751250193122,0.005760064803112042,0.005760064803112042,0.04403949763269722,0.04403949763269722,0.04766470063081197,0.04766470063081197,0.049206357468568516,0.049206357468568516,0.0469701852440259,0.0469701852440259,0.04403949763269722,0.04403949763269722,0.04766470063081197,0.04766470063081197,0.049206357468568516,0.049206357468568516,0.0469701852440259,0.0469701852440259,7.068066649177733e-05
PhishingWebsites,XGBoost,1106,8.611671452407753e-05,0.0031778621042838112,0.0031778621042838112,0.0036654754930194136,0.0036654754930194136,0.0017012608252503446,0.0017012608252503446,0.002968816923400045,0.002968816923400045,0.0027785177472232675,0.0027785177472232675,0.014674140949354337,0.014674140949354337,0.010153917305515325,0.010153917305515325,0.014286636387238528,0.014286636387238528,0.013038231547369397,0.013038231547369397,0.014674140949354337,0.014674140949354337,0.010153917305515325,0.010153917305515325,0.014286636387238528,0.014286636387238528,0.013038231547369397,0.013038231547369397,6.79306661671338e-05
Run_or_walk_information,CatBoost,8859,0.00010483370935025374,0.001972443140557718,0.001972443140557718,0.00026100815221676395,0.00026100815221676395,0.0002471359130297834,0.0002471359130297834,0.0002278446767102903,0.0002278446767102903,0.0002453295806522792,0.0002453295806522792,0.0021551528315930384,0.0021551528315930384,0.0027497573031115886,0.0027497573031115886,0.002513457423890894,0.002513457423890894,0.002472789186198507,0.002472789186198507,0.0021551528315930384,0.0021551528315930384,0.0027497573031115886,0.0027497573031115886,0.002513457423890894,0.002513457423890894,0.002472789186198507,0.002472789186198507,0.0003194860000803601
Run_or_walk_information,ExtraTrees,8859,0.002147695508629922,0.02022570610150847,0.02022570610150847,0.0020794286637436,0.0020794286637436,0.0021409804951732707,0.0021409804951732707,0.002465640400099364,0.002465640400099364,0.0022286831863387447,0.0022286831863387447,0.01930654175923945,0.01930654175923945,0.019080782644215172,0.019080782644215172,0.020679909711213126,0.020679909711213126,0.01968907803822258,0.01968907803822258,0.01930654175923945,0.01930654175923945,0.019080782644215172,0.019080782644215172,0.020679909711213126,0.020679909711213126,0.01968907803822258,0.01968907803822258,0.00044848599888306734
Run_or_walk_information,LightGBM,8859,0.00010954628564335039,0.0022700646441504158,0.0022700646441504158,0.00011242288235697781,0.00011242288235697781,0.00032170857726847036,0.00032170857726847036,0.00038641500734468175,0.00038641500734468175,0.00027351548899004333,0.00027351548899004333,0.002319093484629031,0.002319093484629031,0.0026371920897723332,0.0026371920897723332,0.003541519270656087,0.003541519270656087,0.0028326016150191508,0.0028326016150191508,0.002319093484629031,0.002319093484629031,0.0026371920897723332,0.0026371920897723332,0.003541519270656087,0.003541519270656087,0.0028326016150191508,0.0028326016150191508,0.00032472199988357414
Run_or_walk_information,LinearModel,8859,0.046580505774797464,0.15507859029528043,0.15507859029528043,0.03643992797727758,0.03643992797727758,0.038671970154346945,0.038671970154346945,0.03846274969491185,0.03846274969491185,0.03785821594217879,0.03785821594217879,0.13814690923885328,0.13814690923885328,0.1431817193961486,0.1431817193961486,0.14322648932689933,0.14322648932689933,0.14151837265396705,0.14151837265396705,0.13814690923885328,0.13814690923885328,0.1431817193961486,0.1431817193961486,0.14322648932689933,0.14322648932689933,0.14151837265396705,0.14151837265396705,0.0003565276662508647
Run_or_walk_information,NeuralNetFastAI,8859,0.0001224129144028694,0.003099597334877249,0.003099597334877249,0.00022921864452484596,0.00022921864452484596,0.00014504991035616503,0.00014504991035616503,0.00011431821705403176,0.00011431821705403176,0.00016286225731168091,0.00016286225731168091,0.0032937761315336217,0.0032937761315336217,0.0037698671921785353,0.0037698671921785353,0.003601087537315577,0.003601087537315577,0.0035549102870092446,0.0035549102870092446,0.0032937761315336217,0.0032937761315336217,0.0037698671921785353,0.0037698671921785353,0.003601087537315577,0.003601087537315577,0.0035549102870092446,0.0035549102870092446,0.000328500000856972
Run_or_walk_information,NeuralNetTorch,8859,7.932355281150218e-05,0.0019208274511967615,0.0019208274511967615,0.00017718125945421232,0.00017718125945421232,0.0002163594039326871,0.0002163594039326871,0.00037919823185150975,0.00037919823185150975,0.0002575796317461364,0.0002575796317461364,0.0021779338201041356,0.0021779338201041356,0.0029667442575314084,0.0029667442575314084,0.003494373943708336,0.003494373943708336,0.0028796840071146266,0.0028796840071146266,0.0021779338201041356,0.0021779338201041356,0.0029667442575314084,0.0029667442575314084,0.003494373943708336,0.003494373943708336,0.0028796840071146266,0.0028796840071146266,0.0003306526668893639
Run_or_walk_information,RandomForest,8859,0.0007853873470846317,0.010882730248931247,0.010882730248931247,0.0007921929439404827,0.0007921929439404827,0.0010756356180703821,0.0010756356180703821,0.0008734468618210681,0.0008734468618210681,0.0009137584746106443,0.0009137584746106443,0.010947784672937711,0.010947784672937711,0.011788551153434482,0.011788551153434482,0.01130257383590087,0.01130257383590087,0.011346303220757687,0.011346303220757687,0.010947784672937711,0.010947784672937711,0.011788551153434482,0.011788551153434482,0.01130257383590087,0.01130257383590087,0.011346303220757687,0.011346303220757687,0.00044318066647974774
Run_or_walk_information,XGBoost,8859,9.801705724564982e-06,0.0010685539641082551,0.0010685539641082551,0.00037483165405665937,0.00037483165405665937,0.0003616016777915879,0.0003616016777915879,0.0002950524370068545,0.0002950524370068545,0.00034382858961836733,0.00034382858961836733,0.003029649368697752,0.003029649368697752,0.0030676674401701955,0.0030676674401701955,0.0023394341589613463,0.0023394341589613463,0.0028122503226097645,0.0028122503226097645,0.003029649368697752,0.003029649368697752,0.0030676674401701955,0.0030676674401701955,0.0023394341589613463,0.0023394341589613463,0.0028122503226097645,0.0028122503226097645,0.000485291665730377
adult,CatBoost,4885,0.0006152181577692995,0.01687512706217434,0.01687512706217434,0.0010501019522289497,0.0010501019522289497,0.0008516917080466516,0.0008516917080466516,0.0010318180453205105,0.0010318180453205105,0.0009778705685320372,0.0009778705685320372,0.021132045002928243,0.021132045002928243,0.01940088730962172,0.01940088730962172,0.018837052627285966,0.018837052627285966,0.01978999497994531,0.01978999497994531,0.021132045002928243,0.021132045002928243,0.01940088730962172,0.01940088730962172,0.018837052627285966,0.018837052627285966,0.01978999497994531,0.01978999497994531,0.00023783333260022724
adult,ExtraTrees,4885,0.0011370991685457355,0.025229521107036034,0.025229521107036034,0.0017139318754138672,0.0017139318754138672,0.0021343782341891487,0.0021343782341891487,0.0010412218882027591,0.0010412218882027591,0.0016298439992685914,0.0016298439992685914,0.028570374400065403,0.028570374400065403,0.02959648013438393,0.02959648013438393,0.021972614571468617,0.021972614571468617,0.02671315636863932,0.02671315636863932,0.028570374400065403,0.028570374400065403,0.02959648013438393,0.02959648013438393,0.021972614571468617,0.021972614571468617,0.02671315636863932,0.02671315636863932,0.00022237499918749867
adult,LightGBM,4885,0.0004237835510739854,0.013610577703054249,0.013610577703054249,0.0006965311767652737,0.0006965311767652737,0.00100063571861203,0.00100063571861203,0.0006601870180484287,0.0006601870180484287,0.0007857846378085774,0.0007857846378085774,0.016596920521353562,0.016596920521353562,0.019791940934435065,0.019791940934435065,0.01745407634098583,0.01745407634098583,0.01794764593225815,0.01794764593225815,0.016596920521353562,0.016596920521353562,0.019791940934435065,0.019791940934435065,0.01745407634098583,0.01745407634098583,0.01794764593225815,0.01794764593225815,0.00021515266659359136
adult,LinearModel,4885,0.00027479023834166164,0.01382074661413434,0.01382074661413434,0.0005669147222196606,0.0005669147222196606,0.000714521065254462,0.000714521065254462,0.0004238376825167735,0.0004238376825167735,0.0005684244899969653,0.0005684244899969653,0.019675060744969164,0.019675060744969164,0.018708146675157997,0.018708146675157997,0.014764464110230278,0.014764464110230278,0.017715890510119143,0.017715890510119143,0.019675060744969164,0.019675060744969164,0.018708146675157997,0.018708146675157997,0.014764464110230278,0.014764464110230278,0.017715890510119143,0.017715890510119143,0.00021516666674870066
adult,NeuralNetFastAI,4885,0.0007270421928356895,0.019435569401433525,0.019435569401433525,0.0012186985538715925,0.0012186985538715925,0.0017217278454732857,0.0017217278454732857,0.001094117841172499,0.001094117841172499,0.001344848080172459,0.001344848080172459,0.02436315711201973,0.02436315711201973,0.02542932247530806,0.02542932247530806,0.023339735880610304,0.023339735880610304,0.024377405155979363,0.024377405155979363,0.02436315711201973,0.02436315711201973,0.02542932247530806,0.02542932247530806,0.023339735880610304,0.023339735880610304,0.024377405155979363,0.024377405155979363,0.00022955566601012833
adult,NeuralNetTorch,4885,0.0009504127682872356,0.020245912457373255,0.020245912457373255,0.0011921424526708136,0.0011921424526708136,0.0015467570216621451,0.0015467570216621451,0.0010951876711084235,0.0010951876711084235,0.0012780290484804607,0.0012780290484804607,0.01987222380292611,0.01987222380292611,0.02383332618218521,0.02383332618218521,0.020220350142130847,0.020220350142130847,0.02130863337574739,0.02130863337574739,0.01987222380292611,0.01987222380292611,0.02383332618218521,0.02383332618218521,0.020220350142130847,0.020220350142130847,0.02130863337574739,0.02130863337574739,0.00021851366667154556
adult,RandomForest,4885,0.0012868164993794738,0.026970672527330302,0.026970672527330302,0.001703407595201169,0.001703407595201169,0.0025294658005918036,0.0025294658005918036,0.0012006918107115992,0.0012006918107115992,0.0018111884021681905,0.0018111884021681905,0.028733752112221254,0.028733752112221254,0.03446558425142288,0.03446558425142288,0.025388869491705556,0.025388869491705556,0.029529401951783232,0.029529401951783232,0.028733752112221254,0.028733752112221254,0.03446558425142288,0.03446558425142288,0.025388869491705556,0.025388869491705556,0.029529401951783232,0.029529401951783232,0.00023241666713147424
adult,XGBoost,4885,0.0005345494552161558,0.016391190786140295,0.016391190786140295,0.0006411216498152609,0.0006411216498152609,0.0011732067406400187,0.0011732067406400187,0.0009597180343656495,0.0009597180343656495,0.0009246821416069763,0.0009246821416069763,0.0168331183311406,0.0168331183311406,0.0216406273234597,0.0216406273234597,0.019045936809019146,0.019045936809019146,0.019173227487873146,0.019173227487873146,0.0168331183311406,0.0168331183311406,0.0216406273234597,0.0216406273234597,0.019045936809019146,0.019045936809019146,0.019173227487873146,0.019173227487873146,0.00023675000071913624
ailerons,CatBoost,1375,0.00027630217784780714,0.011567778694020077,0.011567778694020077,0.0019277983087619376,0.0019277983087619376,0.001267156420857271,0.001267156420857271,0.0046019909620963525,0.0046019909620963525,0.0025989818972385202,0.0025989818972385202,0.020070430351463574,0.020070430351463574,0.02044249073708091,0.02044249073708091,0.031947841673623786,0.031947841673623786,0.024153587587389422,0.024153587587389422,0.020070430351463574,0.020070430351463574,0.02044249073708091,0.02044249073708091,0.031947841673623786,0.031947841673623786,0.024153587587389422,0.024153587587389422,9.369433246320114e-05
ailerons,ExtraTrees,1375,0.0013176445909882613,0.0290793574283598,0.0290793574283598,0.0020558607491023765,0.0020558607491023765,0.0020114202281397756,0.0020114202281397756,0.001797317614550142,0.001797317614550142,0.0019548661972640983,0.0019548661972640983,0.0329049517620376,0.0329049517620376,0.03409790703922043,0.03409790703922043,0.03097287795215379,0.03097287795215379,0.03265857891780394,0.03265857891780394,0.0329049517620376,0.0329049517620376,0.03409790703922043,0.03409790703922043,0.03097287795215379,0.03097287795215379,0.03265857891780394,0.03265857891780394,9.054166730493307e-05
ailerons,LightGBM,1375,0.00011693810695666074,0.008554613836744631,0.008554613836744631,0.0012992734005896186,0.0012992734005896186,0.0009233788034015753,0.0009233788034015753,0.0022101610484685638,0.0022101610484685638,0.0014776044174865859,0.0014776044174865859,0.02026739837796511,0.02026739837796511,0.023678578473204235,0.023678578473204235,0.028284123462963506,0.028284123462963506,0.02407670010471095,0.02407670010471095,0.02026739837796511,0.02026739837796511,0.023678578473204235,0.023678578473204235,0.028284123462963506,0.028284123462963506,0.02407670010471095,0.02407670010471095,0.00010708333259875265
ailerons,LinearModel,1375,0.0001836785291027428,0.010391804801025004,0.010391804801025004,0.0011638187834347833,0.0011638187834347833,0.0013207944472376784,0.0013207944472376784,0.0020606636452186696,0.0020606636452186696,0.0015150922919637104,0.0015150922919637104,0.01779895141119646,0.01779895141119646,0.021999140438115718,0.021999140438115718,0.031035358842885646,0.031035358842885646,0.023611150230732608,0.023611150230732608,0.01779895141119646,0.01779895141119646,0.021999140438115718,0.021999140438115718,0.031035358842885646,0.031035358842885646,0.023611150230732608,0.023611150230732608,9.35970007655366e-05
ailerons,NeuralNetFastAI,1375,0.0001645495308457295,0.009278845729904126,0.009278845729904126,0.0017417026765280676,0.0017417026765280676,0.00238025599614811,0.00238025599614811,0.002304390241706774,0.002304390241706774,0.0021421163047943173,0.0021421163047943173,0.024016737714955036,0.024016737714955036,0.027992714052041092,0.027992714052041092,0.025816746163642497,0.025816746163642497,0.025942065976879546,0.025942065976879546,0.024016737714955036,0.024016737714955036,0.027992714052041092,0.027992714052041092,0.025816746163642497,0.025816746163642497,0.025942065976879546,0.025942065976879546,8.536133342810596e-05
ailerons,NeuralNetTorch,1375,0.0002283116865340639,0.010233639353312108,0.010233639353312108,0.001948169362259982,0.001948169362259982,0.0012553224863821142,0.0012553224863821142,0.0019695330428507146,0.0019695330428507146,0.0017243416304976035,0.0017243416304976035,0.025326861336110253,0.025326861336110253,0.019592833668631186,0.019592833668631186,0.028368534021039848,0.028368534021039848,0.02442940967526043,0.02442940967526043,0.025326861336110253,0.025326861336110253,0.019592833668631186,0.019592833668631186,0.028368534021039848,0.028368534021039848,0.02442940967526043,0.02442940967526043,0.0001284863331723803
ailerons,RandomForest,1375,0.0006854447630043796,0.0203316415928791,0.0203316415928791,0.002464712276879618,0.002464712276879618,0.0018364018733244567,0.0018364018733244567,0.0018812138899317618,0.0018812138899317618,0.0020607760133786123,0.0020607760133786123,0.03274995607748331,0.03274995607748331,0.0295296736095545,0.0295296736095545,0.03090748712218324,0.03090748712218324,0.031062372269740346,0.031062372269740346,0.03274995607748331,0.03274995607748331,0.0295296736095545,0.0295296736095545,0.03090748712218324,0.03090748712218324,0.031062372269740346,0.031062372269740346,9.66943334788084e-05
ailerons,XGBoost,1375,7.454605353151486e-05,0.0065705054893200705,0.0065705054893200705,0.0010145143241512126,0.0010145143241512126,0.0017434394413914105,0.0017434394413914105,0.0024168329556918467,0.0024168329556918467,0.0017249289070781564,0.0017249289070781564,0.01553567697033709,0.01553567697033709,0.024234500704100364,0.024234500704100364,0.021753338632872345,0.021753338632872345,0.020507838769103268,0.020507838769103268,0.01553567697033709,0.01553567697033709,0.024234500704100364,0.024234500704100364,0.021753338632872345,0.021753338632872345,0.020507838769103268,0.020507838769103268,8.262499977718107e-05
bank-marketing,CatBoost,4522,0.0005132235775827006,0.01307845357417823,0.01307845357417823,0.001287885214544654,0.001287885214544654,0.0014583124768112346,0.0014583124768112346,0.0015737893827216544,0.0015737893827216544,0.0014399956913591812,0.0014399956913591812,0.015567572910362032,0.015567572910362032,0.016041368900396976,0.016041368900396976,0.02078682556439822,0.02078682556439822,0.017465255791719078,0.017465255791719078,0.015567572910362032,0.015567572910362032,0.016041368900396976,0.016041368900396976,0.02078682556439822,0.02078682556439822,0.017465255791719078,0.017465255791719078,0.0001982916667960429
bank-marketing,ExtraTrees,4522,0.00027389379500799627,0.011776435399688001,0.011776435399688001,0.0004428989480319326,0.0004428989480319326,0.00035414706213755993,0.00035414706213755993,0.0006119661425613185,0.0006119661425613185,0.000469670717576937,0.000469670717576937,0.014044529177272912,0.014044529177272912,0.013556804542651476,0.013556804542651476,0.016002375222345197,0.016002375222345197,0.014534569647423196,0.014534569647423196,0.014044529177272912,0.014044529177272912,0.013556804542651476,0.013556804542651476,0.016002375222345197,0.016002375222345197,0.014534569647423196,0.014534569647423196,0.00019701366666898443
bank-marketing,LightGBM,4522,0.00020177039456570074,0.008544793628403111,0.008544793628403111,0.0008452085835879014,0.0008452085835879014,0.0012009304579725147,0.0012009304579725147,0.00038530680002693275,0.00038530680002693275,0.0008104819471957831,0.0008104819471957831,0.013575684080627053,0.013575684080627053,0.014702729288449975,0.014702729288449975,0.011694745044032494,0.011694745044032494,0.013324386137703174,0.013324386137703174,0.013575684080627053,0.013575684080627053,0.014702729288449975,0.014702729288449975,0.011694745044032494,0.011694745044032494,0.013324386137703174,0.013324386137703174,0.00019690266708494164
bank-marketing,LinearModel,4522,0.001231073646633584,0.01771170175477092,0.01771170175477092,0.0019685741200291176,0.0019685741200291176,0.0019345773207134452,0.0019345773207134452,0.0023156380327096007,0.0023156380327096007,0.0020729298244840546,0.0020729298244840546,0.022954440532628163,0.022954440532628163,0.02284714567048645,0.02284714567048645,0.0222426135617409,0.0222426135617409,0.022681399921618505,0.022681399921618505,0.022954440532628163,0.022954440532628163,0.02284714567048645,0.02284714567048645,0.0222426135617409,0.0222426135617409,0.022681399921618505,0.022681399921618505,0.00020544466678984463
bank-marketing,NeuralNetFastAI,4522,0.0001663844076763581,0.006980738153360599,0.006980738153360599,0.0006116339324875159,0.0006116339324875159,0.0006889168741726758,0.0006889168741726758,0.00038262104327289117,0.00038262104327289117,0.0005610572833110276,0.0005610572833110276,0.010714303390948214,0.010714303390948214,0.010835979419118458,0.010835979419118458,0.009089084321760886,0.009089084321760886,0.010213122377275853,0.010213122377275853,0.010714303390948214,0.010714303390948214,0.010835979419118458,0.010835979419118458,0.009089084321760886,0.009089084321760886,0.010213122377275853,0.010213122377275853,0.00019466666708467528
bank-marketing,NeuralNetTorch,4522,0.0001924682271929433,0.006890143246673141,0.006890143246673141,0.0008510379077323395,0.0008510379077323395,0.0007366367676333537,0.0007366367676333537,0.0004949643722420059,0.0004949643722420059,0.0006942130158692331,0.0006942130158692331,0.012140181361865576,0.012140181361865576,0.012839676989175194,0.012839676989175194,0.01027688727775217,0.01027688727775217,0.01175224854293098,0.01175224854293098,0.012140181361865576,0.012140181361865576,0.012839676989175194,0.012839676989175194,0.01027688727775217,0.01027688727775217,0.01175224854293098,0.01175224854293098,0.00018930566754230918
bank-marketing,RandomForest,4522,0.0002454993245856833,0.011252096679536966,0.011252096679536966,0.0006819547333218464,0.0006819547333218464,0.0006489468959114005,0.0006489468959114005,0.0007277338553575653,0.0007277338553575653,0.0006862118281969375,0.0006862118281969375,0.016539650267815915,0.016539650267815915,0.016338282018947256,0.016338282018947256,0.017424949133103423,0.017424949133103423,0.01676762713995553,0.01676762713995553,0.016539650267815915,0.016539650267815915,0.016338282018947256,0.016338282018947256,0.017424949133103423,0.017424949133103423,0.01676762713995553,0.01676762713995553,0.0002046250010607764
bank-marketing,XGBoost,4522,0.00047387595942246255,0.011958409853437551,0.011958409853437551,0.0008080716692879942,0.0008080716692879942,0.0016273966827318165,0.0016273966827318165,0.0012978063377335812,0.0012978063377335812,0.0012444248965844638,0.0012444248965844638,0.013310753627925994,0.013310753627925994,0.017669085330842504,0.017669085330842504,0.02007770888122464,0.02007770888122464,0.017019182613331046,0.017019182613331046,0.013310753627925994,0.013310753627925994,0.017669085330842504,0.017669085330842504,0.02007770888122464,0.02007770888122464,0.017019182613331046,0.017019182613331046,0.00022315266687655821
delta_elevators,CatBoost,952,0.00020880514056423636,0.012558266367032505,0.012558266367032505,0.0016794687486665816,0.0016794687486665816,0.0023335674122250596,0.0023335674122250596,0.0035461309521491345,0.0035461309521491345,0.002519722371013592,0.002519722371013592,0.02890424000893176,0.02890424000893176,0.028429076112850806,0.028429076112850806,0.030313786676719943,0.030313786676719943,0.029215700932834168,0.029215700932834168,0.02890424000893176,0.02890424000893176,0.028429076112850806,0.028429076112850806,0.030313786676719943,0.030313786676719943,0.029215700932834168,0.029215700932834168,7.195833313744515e-05
delta_elevators,ExtraTrees,952,0.0034708040120754553,0.054296452067342404,0.054296452067342404,0.005627069463680286,0.005627069463680286,0.005385477323541388,0.005385477323541388,0.004802648612287077,0.004802648612287077,0.00527173179983625,0.00527173179983625,0.06352262207436055,0.06352262207436055,0.06290956714069236,0.06290956714069236,0.05428112710595224,0.05428112710595224,0.06023777210700171,0.06023777210700171,0.06352262207436055,0.06352262207436055,0.06290956714069236,0.06290956714069236,0.05428112710595224,0.05428112710595224,0.06023777210700171,0.06023777210700171,6.84723333203389e-05
delta_elevators,LightGBM,952,0.00031472046437343364,0.016041899277503845,0.016041899277503845,0.0035028508173152524,0.0035028508173152524,0.0020373494952008633,0.0020373494952008633,0.0033304148986344033,0.0033304148986344033,0.002956871737050173,0.002956871737050173,0.0390168784524729,0.0390168784524729,0.02695745860613851,0.02695745860613851,0.03639735029560333,0.03639735029560333,0.03412389578473825,0.03412389578473825,0.0390168784524729,0.0390168784524729,0.02695745860613851,0.02695745860613851,0.03639735029560333,0.03639735029560333,0.03412389578473825,0.03412389578473825,6.643066687198977e-05
delta_elevators,LinearModel,952,0.0006587720091662157,0.01935168200737685,0.01935168200737685,0.0027954283310442233,0.0027954283310442233,0.0034532515311910925,0.0034532515311910925,0.0038877058465340585,0.0038877058465340585,0.003378795236256458,0.003378795236256458,0.03462297453437669,0.03462297453437669,0.03467295024287937,0.03467295024287937,0.032898136231710284,0.032898136231710284,0.03406468700298878,0.03406468700298878,0.03462297453437669,0.03462297453437669,0.03467295024287937,0.03467295024287937,0.032898136231710284,0.032898136231710284,0.03406468700298878,0.03406468700298878,6.820833368692547e-05
delta_elevators,NeuralNetFastAI,952,0.000379645069313219,0.01539118967758907,0.01539118967758907,0.003731160836076188,0.003731160836076188,0.00464684394298926,0.00464684394298926,0.0019318731153334617,0.0019318731153334617,0.003436625964799637,0.003436625964799637,0.03994598010894068,0.03994598010894068,0.040303347525121415,0.040303347525121415,0.028790903940525747,0.028790903940525747,0.036346743858195946,0.036346743858195946,0.03994598010894068,0.03994598010894068,0.040303347525121415,0.040303347525121415,0.028790903940525747,0.028790903940525747,0.036346743858195946,0.036346743858195946,6.868066702736542e-05
delta_elevators,NeuralNetTorch,952,0.00040540976264224343,0.016273342592552687,0.016273342592552687,0.0029360416739451097,0.0029360416739451097,0.0019903440556688318,0.0019903440556688318,0.0030360215991052293,0.0030360215991052293,0.0026541357762397237,0.0026541357762397237,0.03442244948352152,0.03442244948352152,0.029708904850452245,0.029708904850452245,0.03768699071255119,0.03768699071255119,0.033939448348841654,0.033939448348841654,0.03442244948352152,0.03442244948352152,0.029708904850452245,0.029708904850452245,0.03768699071255119,0.03768699071255119,0.033939448348841654,0.033939448348841654,6.295833251594256e-05
delta_elevators,RandomForest,952,0.0011662909718192576,0.028698917492630326,0.028698917492630326,0.002134771779856935,0.002134771779856935,0.002290285525862877,0.002290285525862877,0.0029740345529295177,0.0029740345529295177,0.0024663639528831097,0.0024663639528831097,0.032571245487578844,0.032571245487578844,0.036600977716406885,0.036600977716406885,0.03522461624764701,0.03522461624764701,0.034798946483877574,0.034798946483877574,0.032571245487578844,0.032571245487578844,0.036600977716406885,0.036600977716406885,0.03522461624764701,0.03522461624764701,0.034798946483877574,0.034798946483877574,7.311100004396091e-05
delta_elevators,XGBoost,952,0.00020807751953127272,0.013166452370370747,0.013166452370370747,0.002146381297381749,0.002146381297381749,0.0019126482813117743,0.0019126482813117743,0.0018191603440033796,0.0018191603440033796,0.0019593966408989675,0.0019593966408989675,0.029355033154319584,0.029355033154319584,0.02948544234132293,0.02948544234132293,0.030463873622244418,0.030463873622244418,0.029768116372628977,0.029768116372628977,0.029355033154319584,0.029355033154319584,0.02948544234132293,0.02948544234132293,0.030463873622244418,0.030463873622244418,0.029768116372628977,0.029768116372628977,7.080533396219835e-05
eeg-eye-state,CatBoost,1498,0.0006470860356479212,0.010574178733270599,0.010574178733270599,0.0023601107560294416,0.0023601107560294416,0.0025311346053292,0.0025311346053292,0.0016023041858234592,0.0016023041858234592,0.002164516515727367,0.002164516515727367,0.018864478566275683,0.018864478566275683,0.014786239761671104,0.014786239761671104,0.013819178038135297,0.013819178038135297,0.01582329878869403,0.01582329878869403,0.018864478566275683,0.018864478566275683,0.014786239761671104,0.014786239761671104,0.013819178038135297,0.013819178038135297,0.01582329878869403,0.01582329878869403,8.695833336484308e-05
eeg-eye-state,ExtraTrees,1498,0.025988050043628134,0.1408774455347409,0.1408774455347409,0.026729655074171188,0.026729655074171188,0.026398944063505934,0.026398944063505934,0.025117377805970228,0.025117377805970228,0.026081992314549118,0.026081992314549118,0.14332443290640004,0.14332443290640004,0.13998664919478457,0.13998664919478457,0.13865153571013836,0.13865153571013836,0.14065420593710765,0.14065420593710765,0.14332443290640004,0.14332443290640004,0.13998664919478457,0.13998664919478457,0.13865153571013836,0.13865153571013836,0.14065420593710765,0.14065420593710765,8.484733310372879e-05
eeg-eye-state,LightGBM,1498,0.0003252814603870711,0.007621748294114375,0.007621748294114375,0.0030267829213951004,0.0030267829213951004,0.002148890889909641,0.002148890889909641,0.0022321486826758306,0.0022321486826758306,0.0024692741646601905,0.0024692741646601905,0.01559810226631841,0.01559810226631841,0.014068738040138806,0.014068738040138806,0.01546601365844241,0.01546601365844241,0.015044284654966543,0.015044284654966543,0.01559810226631841,0.01559810226631841,0.014068738040138806,0.014068738040138806,0.01546601365844241,0.01546601365844241,0.015044284654966543,0.015044284654966543,9.38473337252314e-05
eeg-eye-state,LinearModel,1498,0.001906843841220247,0.034798441667082375,0.034798441667082375,0.002898644203623026,0.002898644203623026,0.0038879373468904436,0.0038879373468904436,0.001946979071575133,0.001946979071575133,0.002911186874029534,0.002911186874029534,0.03684456989129331,0.03684456989129331,0.044631362105601625,0.044631362105601625,0.0365503217741469,0.0365503217741469,0.03934208459034728,0.03934208459034728,0.03684456989129331,0.03684456989129331,0.044631362105601625,0.044631362105601625,0.0365503217741469,0.0365503217741469,0.03934208459034728,0.03934208459034728,8.983333342863868e-05
eeg-eye-state,NeuralNetFastAI,1498,0.00014542071119450184,0.008729747439853074,0.008729747439853074,0.002553628212298112,0.002553628212298112,0.001742302280960673,0.001742302280960673,0.0017385636312305327,0.0017385636312305327,0.002011498041496439,0.002011498041496439,0.03900250682429484,0.03900250682429484,0.032460846620187854,0.032460846620187854,0.027303592876054952,0.027303592876054952,0.03292231544017921,0.03292231544017921,0.03900250682429484,0.03900250682429484,0.032460846620187854,0.032460846620187854,0.027303592876054952,0.027303592876054952,0.03292231544017921,0.03292231544017921,9.190266670581575e-05
eeg-eye-state,NeuralNetTorch,1498,0.00032580937256434893,0.00407839503036282,0.00407839503036282,0.0015206143994874505,0.0015206143994874505,0.0012841943261664704,0.0012841943261664704,0.002394965704467224,0.002394965704467224,0.0017332581433737147,0.0017332581433737147,0.009813681913324792,0.009813681913324792,0.007491952240557976,0.007491952240557976,0.01053755165179818,0.01053755165179818,0.009281061935226983,0.009281061935226983,0.009813681913324792,0.009813681913324792,0.007491952240557976,0.007491952240557976,0.01053755165179818,0.01053755165179818,0.009281061935226983,0.009281061935226983,8.18056663168439e-05
eeg-eye-state,RandomForest,1498,0.02405895088331239,0.1358734397884756,0.1358734397884756,0.028032322886347532,0.028032322886347532,0.025375435790031365,0.025375435790031365,0.02349816840579279,0.02349816840579279,0.02563530902739056,0.02563530902739056,0.14178237693355691,0.14178237693355691,0.1377770364796183,0.1377770364796183,0.1349421455913431,0.1349421455913431,0.13816718633483946,0.13816718633483946,0.14178237693355691,0.14178237693355691,0.1377770364796183,0.1377770364796183,0.1349421455913431,0.1349421455913431,0.13816718633483946,0.13816718633483946,8.562499958012874e-05
eeg-eye-state,XGBoost,1498,0.0003079101549047496,0.00688104010978535,0.00688104010978535,0.0018197119588061377,0.0018197119588061377,0.0011481163468541522,0.0011481163468541522,0.0017540121004299546,0.0017540121004299546,0.0015739468020300816,0.0015739468020300816,0.01569015753317216,0.01569015753317216,0.012648280931333522,0.012648280931333522,0.015887923983852303,0.015887923983852303,0.014742120816119328,0.014742120816119328,0.01569015753317216,0.01569015753317216,0.012648280931333522,0.012648280931333522,0.015887923983852303,0.015887923983852303,0.014742120816119328,0.014742120816119328,8.629166647248591e-05
electricity,CatBoost,4532,0.00010843761911822794,0.004937411736887804,0.004937411736887804,0.0007028753471946403,0.0007028753471946403,0.0005032729526993607,0.0005032729526993607,0.0005400476568248682,0.0005400476568248682,0.0005820653189062897,0.0005820653189062897,0.00921698526989831,0.00921698526989831,0.009121860478613242,0.009121860478613242,0.010507891293293539,0.010507891293293539,0.009615579013935031,0.009615579013935031,0.00921698526989831,0.00921698526989831,0.009121860478613242,0.009121860478613242,0.010507891293293539,0.010507891293293539,0.009615579013935031,0.009615579013935031,0.00020183333375219567
electricity,ExtraTrees,4532,0.007086258880093106,0.06942670523509689,0.06942670523509689,0.007762806301638475,0.007762806301638475,0.007809238318661142,0.007809238318661142,0.006666551784323197,0.006666551784323197,0.007412865468207605,0.007412865468207605,0.07322300619202018,0.07322300619202018,0.07372756582298065,0.07372756582298065,0.06626801951432852,0.06626801951432852,0.07107286384310979,0.07107286384310979,0.07322300619202018,0.07322300619202018,0.07372756582298065,0.07372756582298065,0.06626801951432852,0.06626801951432852,0.07107286384310979,0.07107286384310979,0.00020812499982033236
electricity,LightGBM,4532,0.00012710323371788613,0.005676105174072797,0.005676105174072797,0.0005333890781154587,0.0005333890781154587,0.00030885194592783645,0.00030885194592783645,0.00030711911286816204,0.00030711911286816204,0.00038312004563715235,0.00038312004563715235,0.009262088152728377,0.009262088152728377,0.006890591305459123,0.006890591305459123,0.007514678851726461,0.007514678851726461,0.007889119436637986,0.007889119436637986,0.009262088152728377,0.009262088152728377,0.006890591305459123,0.006890591305459123,0.007514678851726461,0.007514678851726461,0.007889119436637986,0.007889119436637986,0.00022409699886338785
electricity,LinearModel,4532,0.0004035558214285251,0.017008395915046364,0.017008395915046364,0.0013701638212414568,0.0013701638212414568,0.000728344635444608,0.000728344635444608,0.0005779393547248176,0.0005779393547248176,0.0008921492704702941,0.0008921492704702941,0.030904859292393547,0.030904859292393547,0.02047015945658049,0.02047015945658049,0.018202642915409864,0.018202642915409864,0.023192553888127965,0.023192553888127965,0.030904859292393547,0.030904859292393547,0.02047015945658049,0.02047015945658049,0.018202642915409864,0.018202642915409864,0.023192553888127965,0.023192553888127965,0.0002275279997168885
electricity,NeuralNetFastAI,4532,0.00033354277197180797,0.012777430792358987,0.012777430792358987,0.0010206099663577822,0.0010206099663577822,0.000941161956754257,0.000941161956754257,0.0005932669474630238,0.0005932669474630238,0.0008516796235250209,0.0008516796235250209,0.021103133322188432,0.021103133322188432,0.02215179958859233,0.02215179958859233,0.017832066650541736,0.017832066650541736,0.020362333187107503,0.020362333187107503,0.021103133322188432,0.021103133322188432,0.02215179958859233,0.02215179958859233,0.017832066650541736,0.017832066650541736,0.020362333187107503,0.020362333187107503,0.00023702766702626832
electricity,NeuralNetTorch,4532,0.0002008343004878142,0.012690960519868476,0.012690960519868476,0.00082547597206324,0.00082547597206324,0.001232406850793841,0.001232406850793841,0.000929177746476544,0.000929177746476544,0.0009956868564445418,0.0009956868564445418,0.020001583537177535,0.020001583537177535,0.022706495792920084,0.022706495792920084,0.019840383258716718,0.019840383258716718,0.020849487529604777,0.020849487529604777,0.020001583537177535,0.020001583537177535,0.022706495792920084,0.022706495792920084,0.019840383258716718,0.019840383258716718,0.020849487529604777,0.020849487529604777,0.00021419433323899284
electricity,RandomForest,4532,0.004441776453166886,0.0496580173616181,0.0496580173616181,0.004220789992665438,0.004220789992665438,0.0044090317393487635,0.0044090317393487635,0.003694538715747,0.003694538715747,0.004108120149253734,0.004108120149253734,0.04759635078868297,0.04759635078868297,0.04781700392195746,0.04781700392195746,0.04405413290811662,0.04405413290811662,0.04648916253958568,0.04648916253958568,0.04759635078868297,0.04759635078868297,0.04781700392195746,0.04781700392195746,0.04405413290811662,0.04405413290811662,0.04648916253958568,0.04648916253958568,0.00020629166707900973
electricity,XGBoost,4532,4.8861021365858896e-05,0.0031008525334646356,0.0031008525334646356,0.0006199288717840833,0.0006199288717840833,0.0005695724008322093,0.0005695724008322093,0.0005132551773320579,0.0005132551773320579,0.0005675854833161168,0.0005675854833161168,0.008955848692757713,0.008955848692757713,0.01075911172823479,0.01075911172823479,0.01009572370889425,0.01009572370889425,0.00993689470996225,0.00993689470996225,0.008955848692757713,0.008955848692757713,0.01075911172823479,0.01075911172823479,0.01009572370889425,0.01009572370889425,0.00993689470996225,0.00993689470996225,0.00019631966642918997
fried,CatBoost,4077,0.001154454166467346,0.022346031385042747,0.022346031385042747,0.0018746279921529809,0.0018746279921529809,0.0015720446718036083,0.0015720446718036083,0.0014460247443471084,0.0014460247443471084,0.0016308991361012326,0.0016308991361012326,0.027186072980883134,0.027186072980883134,0.02436317804252907,0.02436317804252907,0.024629969967615503,0.024629969967615503,0.025393073663675905,0.025393073663675905,0.027186072980883134,0.027186072980883134,0.02436317804252907,0.02436317804252907,0.024629969967615503,0.024629969967615503,0.025393073663675905,0.025393073663675905,0.00017874999927395643
fried,ExtraTrees,4077,0.006903059541016786,0.06332892553083012,0.06332892553083012,0.007418117739188794,0.007418117739188794,0.006116044469801967,0.006116044469801967,0.007148549374730355,0.007148549374730355,0.006894237194573705,0.006894237194573705,0.06692993078508289,0.06692993078508289,0.06177908457463405,0.06177908457463405,0.06578693392992419,0.06578693392992419,0.06483198309654704,0.06483198309654704,0.06692993078508289,0.06692993078508289,0.06177908457463405,0.06177908457463405,0.06578693392992419,0.06578693392992419,0.06483198309654704,0.06483198309654704,0.0001876666659275846
fried,LightGBM,4077,0.00026798282706437396,0.010261553242490265,0.010261553242490265,0.0007892230470364565,0.0007892230470364565,0.0008246039902406125,0.0008246039902406125,0.0009434513119316261,0.0009434513119316261,0.0008524261164028984,0.0008524261164028984,0.015497839481381379,0.015497839481381379,0.014413640320305605,0.014413640320305605,0.014688147611253621,0.014688147611253621,0.014866542470980203,0.014866542470980203,0.015497839481381379,0.015497839481381379,0.014413640320305605,0.014413640320305605,0.014688147611253621,0.014688147611253621,0.014866542470980203,0.014866542470980203,0.00018006966638495214
fried,LinearModel,4077,0.001254826499521398,0.029152005908696158,0.029152005908696158,0.0014386051654343248,0.0014386051654343248,0.0016288581553156908,0.0016288581553156908,0.0021934873021673094,0.0021934873021673094,0.0017536502076391082,0.0017536502076391082,0.03247327795630689,0.03247327795630689,0.02726817881456587,0.02726817881456587,0.03713356738480824,0.03713356738480824,0.032291674718560336,0.032291674718560336,0.03247327795630689,0.03247327795630689,0.02726817881456587,0.02726817881456587,0.03713356738480824,0.03713356738480824,0.032291674718560336,0.032291674718560336,0.00019552766752894968
fried,NeuralNetFastAI,4077,0.00012129928235200947,0.007206099160809135,0.007206099160809135,0.0007206600743566191,0.0007206600743566191,0.0005049779047586975,0.0005049779047586975,0.0010002494583538873,0.0010002494583538873,0.0007419624791564013,0.0007419624791564013,0.015496703197576333,0.015496703197576333,0.012771147417482738,0.012771147417482738,0.016264594426813345,0.016264594426813345,0.014844148347290803,0.014844148347290803,0.015496703197576333,0.015496703197576333,0.012771147417482738,0.012771147417482738,0.016264594426813345,0.016264594426813345,0.014844148347290803,0.014844148347290803,0.00019255566682356098
fried,NeuralNetTorch,4077,0.0007219724496050008,0.01778407569967757,0.01778407569967757,0.0015275275896161453,0.0015275275896161453,0.0009197493168164938,0.0009197493168164938,0.0014479262626730495,0.0014479262626730495,0.0012984010563685628,0.0012984010563685628,0.021926810998085165,0.021926810998085165,0.020336806455952164,0.020336806455952164,0.023268144041172154,0.023268144041172154,0.02184392049840316,0.02184392049840316,0.021926810998085165,0.021926810998085165,0.020336806455952164,0.020336806455952164,0.023268144041172154,0.023268144041172154,0.02184392049840316,0.02184392049840316,0.000190763999853516
fried,RandomForest,4077,0.0036032137281073865,0.04565656378096693,0.04565656378096693,0.003397097095287611,0.003397097095287611,0.0036617624067037248,0.0036617624067037248,0.003960867086816045,0.003960867086816045,0.0036732421962691274,0.0036732421962691274,0.044331097176620524,0.044331097176620524,0.044952625055917725,0.044952625055917725,0.04751971625927934,0.04751971625927934,0.0456011461639392,0.0456011461639392,0.044331097176620524,0.044331097176620524,0.044952625055917725,0.044952625055917725,0.04751971625927934,0.04751971625927934,0.0456011461639392,0.0456011461639392,0.0001910276672181984
fried,XGBoost,4077,0.0002778545380507471,0.010808944365157695,0.010808944365157695,0.0006767657641018614,0.0006767657641018614,0.0012342076253948015,0.0012342076253948015,0.0008305999384112081,0.0008305999384112081,0.0009138577759692902,0.0009138577759692902,0.014981549397875217,0.014981549397875217,0.018280133772421638,0.018280133772421638,0.016771497245765998,0.016771497245765998,0.016677726805354284,0.016677726805354284,0.014981549397875217,0.014981549397875217,0.018280133772421638,0.018280133772421638,0.016771497245765998,0.016771497245765998,0.016677726805354284,0.016677726805354284,0.00018205566690691435
houses,CatBoost,2064,1.4204701228638996e-05,0.001192008610834639,0.001192008610834639,0.0011530908593917978,0.0011530908593917978,0.0008244476241240445,0.0008244476241240445,0.0018280699714677685,0.0018280699714677685,0.0012685361516612036,0.0012685361516612036,0.0064607436625292525,0.0064607436625292525,0.004408115901446595,0.004408115901446595,0.007700229831166086,0.007700229831166086,0.006189696465047311,0.006189696465047311,0.0064607436625292525,0.0064607436625292525,0.004408115901446595,0.004408115901446595,0.007700229831166086,0.007700229831166086,0.006189696465047311,0.006189696465047311,0.00010312500065386605
houses,ExtraTrees,2064,0.00037951987919955944,0.007923446218264624,0.007923446218264624,0.0011176837455774773,0.0011176837455774773,0.0008001088548631524,0.0008001088548631524,0.0013266675770587024,0.0013266675770587024,0.0010814867258331108,0.0010814867258331108,0.008905039352541697,0.008905039352541697,0.012797158266067546,0.012797158266067546,0.007651809628695496,0.007651809628695496,0.009784669082434914,0.009784669082434914,0.008905039352541697,0.008905039352541697,0.012797158266067546,0.012797158266067546,0.007651809628695496,0.007651809628695496,0.009784669082434914,0.009784669082434914,0.00010590300007606857
houses,LightGBM,2064,1.3250593926179e-05,0.000957850827254587,0.000957850827254587,0.0010339152053693789,0.0010339152053693789,0.0009657296106181255,0.0009657296106181255,0.0014316246231643917,0.0014316246231643917,0.0011437564797172988,0.0011437564797172988,0.0070456282290555115,0.0070456282290555115,0.005906608800815738,0.005906608800815738,0.007521309333513695,0.007521309333513695,0.006824515454461649,0.006824515454461649,0.0070456282290555115,0.0070456282290555115,0.005906608800815738,0.005906608800815738,0.007521309333513695,0.007521309333513695,0.006824515454461649,0.006824515454461649,0.00010488900079508312
houses,LinearModel,2064,0.001905403901629658,0.018221830937356798,0.018221830937356798,0.0013745442830575053,0.0013745442830575053,0.0018357324339760683,0.0018357324339760683,0.0016284942253513757,0.0016284942253513757,0.0016129236474616499,0.0016129236474616499,0.010235098374954569,0.010235098374954569,0.009393184962246847,0.009393184962246847,0.014253591111743255,0.014253591111743255,0.011293958149648224,0.011293958149648224,0.010235098374954569,0.010235098374954569,0.009393184962246847,0.009393184962246847,0.014253591111743255,0.014253591111743255,0.011293958149648224,0.011293958149648224,0.0001022776668833103
houses,NeuralNetFastAI,2064,5.755704362879802e-05,0.0019120419770464242,0.0019120419770464242,0.0006982405635491468,0.0006982405635491468,0.0006910686534668784,0.0006910686534668784,0.0006859670248707808,0.0006859670248707808,0.0006917587472956019,0.0006917587472956019,0.005703169714993876,0.005703169714993876,0.006664626423397183,0.006664626423397183,0.005495335639290697,0.005495335639290697,0.005954377259227252,0.005954377259227252,0.005703169714993876,0.005703169714993876,0.006664626423397183,0.006664626423397183,0.005495335639290697,0.005495335639290697,0.005954377259227252,0.005954377259227252,0.00010513866679199661
houses,NeuralNetTorch,2064,0.000413800447970954,0.006170077965516859,0.006170077965516859,0.000987403584806998,0.000987403584806998,0.002030906429989845,0.002030906429989845,0.0014950752491158597,0.0014950752491158597,0.0015044617546375674,0.0015044617546375674,0.006907259664427777,0.006907259664427777,0.011242385432201888,0.011242385432201888,0.009828421989190402,0.009828421989190402,0.009326022361940023,0.009326022361940023,0.006907259664427777,0.006907259664427777,0.011242385432201888,0.011242385432201888,0.009828421989190402,0.009828421989190402,0.009326022361940023,0.009326022361940023,0.00010161100120361273
houses,RandomForest,2064,0.0002291509747290798,0.005750992408290283,0.005750992408290283,0.0013017887203475474,0.0013017887203475474,0.0009984844066397622,0.0009984844066397622,0.0015263243631456476,0.0015263243631456476,0.0012755324967109857,0.0012755324967109857,0.009729944834961276,0.009729944834961276,0.009045993116329636,0.009045993116329636,0.009800852068258625,0.009800852068258625,0.00952559667318318,0.00952559667318318,0.009729944834961276,0.009729944834961276,0.009045993116329636,0.009045993116329636,0.009800852068258625,0.009800852068258625,0.00952559667318318,0.00952559667318318,0.00010745833302886847
houses,XGBoost,2064,1.4119616642225715e-05,0.001111732412486931,0.001111732412486931,0.0013587331176941734,0.0013587331176941734,0.0014395684715527643,0.0014395684715527643,0.001219881243305264,0.001219881243305264,0.0013393942775174006,0.0013393942775174006,0.007280886708041761,0.007280886708041761,0.007707842460174232,0.007707842460174232,0.008330325414999248,0.008330325414999248,0.007773018194405079,0.007773018194405079,0.007280886708041761,0.007280886708041761,0.007707842460174232,0.007707842460174232,0.008330325414999248,0.008330325414999248,0.007773018194405079,0.007773018194405079,0.00010015266646708672
jm1,CatBoost,1089,0.0004593651716264114,0.016492085288474602,0.016492085288474602,0.004322481854846571,0.004322481854846571,0.001660230874169662,0.001660230874169662,0.001606575067998048,0.001606575067998048,0.00252976259900476,0.00252976259900476,0.03459779083509858,0.03459779083509858,0.032768826907769166,0.032768826907769166,0.0312320632027091,0.0312320632027091,0.03286622698185895,0.03286622698185895,0.03459779083509858,0.03459779083509858,0.032768826907769166,0.032768826907769166,0.0312320632027091,0.0312320632027091,0.03286622698185895,0.03286622698185895,6.99306668442053e-05
jm1,ExtraTrees,1089,0.0010491897673640903,0.02842682492911783,0.02842682492911783,0.0024963747020444555,0.0024963747020444555,0.0021609257120798024,0.0021609257120798024,0.0020838076014355078,0.0020838076014355078,0.0022470360051865886,0.0022470360051865886,0.03612774429434254,0.03612774429434254,0.02879073774381999,0.02879073774381999,0.030788155836559906,0.030788155836559906,0.03190221262490748,0.03190221262490748,0.03612774429434254,0.03612774429434254,0.02879073774381999,0.02879073774381999,0.030788155836559906,0.030788155836559906,0.03190221262490748,0.03190221262490748,6.781966779575062e-05
jm1,LightGBM,1089,0.0002128138158242075,0.013651963000085728,0.013651963000085728,0.0021675537689309953,0.0021675537689309953,0.0018105016948142601,0.0018105016948142601,0.0015498086962392637,0.0015498086962392637,0.0018426213866615064,0.0018426213866615064,0.027846803678297144,0.027846803678297144,0.028066858416637013,0.028066858416637013,0.030273237695816572,0.030273237695816572,0.02872896659691691,0.02872896659691691,0.027846803678297144,0.027846803678297144,0.028066858416637013,0.028066858416637013,0.030273237695816572,0.030273237695816572,0.02872896659691691,0.02872896659691691,7.187500038223031e-05
jm1,LinearModel,1089,0.0004755464473911734,0.01843881275491144,0.01843881275491144,0.0026286520039170273,0.0026286520039170273,0.0029082687057794465,0.0029082687057794465,0.0019661800196031395,0.0019661800196031395,0.0025010335764332047,0.0025010335764332047,0.0322562719629419,0.0322562719629419,0.02783124744498724,0.02783124744498724,0.03172087347386379,0.03172087347386379,0.03060279762726431,0.03060279762726431,0.0322562719629419,0.0322562719629419,0.02783124744498724,0.02783124744498724,0.03172087347386379,0.03172087347386379,0.03060279762726431,0.03060279762726431,7.588899946616341e-05
jm1,NeuralNetFastAI,1089,0.0008481313064926765,0.019026765100404797,0.019026765100404797,0.0030071014936765483,0.0030071014936765483,0.001955385720878863,0.001955385720878863,0.004332221817770584,0.004332221817770584,0.0030982363441086646,0.0030982363441086646,0.028631429272619167,0.028631429272619167,0.025950551181826386,0.025950551181826386,0.036300245520237175,0.036300245520237175,0.030294075324894244,0.030294075324894244,0.028631429272619167,0.028631429272619167,0.025950551181826386,0.025950551181826386,0.036300245520237175,0.036300245520237175,0.030294075324894244,0.030294075324894244,6.954166625898021e-05
jm1,NeuralNetTorch,1089,0.0005744025831623151,0.021173878675078694,0.021173878675078694,0.0028638271919955924,0.0028638271919955924,0.003510402699322916,0.003510402699322916,0.0012550086356976564,0.0012550086356976564,0.0025430795090053884,0.0025430795090053884,0.03184681833756762,0.03184681833756762,0.03449187733453619,0.03449187733453619,0.023740754955806544,0.023740754955806544,0.030026483542636786,0.030026483542636786,0.03184681833756762,0.03184681833756762,0.03449187733453619,0.03449187733453619,0.023740754955806544,0.023740754955806544,0.030026483542636786,0.030026483542636786,7.156933255222005e-05
jm1,RandomForest,1089,0.0009024565193582983,0.02430348862947116,0.02430348862947116,0.004350667307156363,0.004350667307156363,0.0008061054814825961,0.0008061054814825961,0.0026407087789331,0.0026407087789331,0.00259916052252402,0.00259916052252402,0.041169720968965755,0.041169720968965755,0.020252883457653546,0.020252883457653546,0.0333062226216897,0.0333062226216897,0.03157627568276967,0.03157627568276967,0.041169720968965755,0.041169720968965755,0.020252883457653546,0.020252883457653546,0.0333062226216897,0.0333062226216897,0.03157627568276967,0.03157627568276967,6.945833350376536e-05
jm1,XGBoost,1089,0.00032598756892539385,0.015437645146655752,0.015437645146655752,0.0028245676130301866,0.0028245676130301866,0.0021782792846547017,0.0021782792846547017,0.0013143030404020918,0.0013143030404020918,0.0021057166460289934,0.0021057166460289934,0.03255286443160969,0.03255286443160969,0.037964693170564244,0.037964693170564244,0.01896844808563002,0.01896844808563002,0.029828668562601315,0.029828668562601315,0.03255286443160969,0.03255286443160969,0.037964693170564244,0.037964693170564244,0.01896844808563002,0.01896844808563002,0.029828668562601315,0.029828668562601315,6.626366666750982e-05
kdd_internet_usage,CatBoost,1011,0.00011989314943202964,0.008030440630033128,0.008030440630033128,0.004191758487173207,0.004191758487173207,0.006070497417529284,0.006070497417529284,0.0024354873945125364,0.0024354873945125364,0.004232581099738343,0.004232581099738343,0.03557943313741369,0.03557943313741369,0.04143418227753056,0.04143418227753056,0.027745042756797685,0.027745042756797685,0.03491955272391398,0.03491955272391398,0.03557943313741369,0.03557943313741369,0.04143418227753056,0.04143418227753056,0.027745042756797685,0.027745042756797685,0.03491955272391398,0.03491955272391398,0.0001174166670049696
kdd_internet_usage,ExtraTrees,1011,0.002305234841809879,0.034895905272840685,0.034895905272840685,0.0029086968030285574,0.0029086968030285574,0.004843983057892096,0.004843983057892096,0.006344607880098223,0.006344607880098223,0.004699095913672959,0.004699095913672959,0.03599929722248746,0.03599929722248746,0.042562378012268566,0.042562378012268566,0.05450225791336408,0.05450225791336408,0.0443546443827067,0.0443546443827067,0.03599929722248746,0.03599929722248746,0.042562378012268566,0.042562378012268566,0.05450225791336408,0.05450225791336408,0.0443546443827067,0.0443546443827067,6.826399961331238e-05
kdd_internet_usage,LightGBM,1011,0.00019709012292062653,0.011555293486926854,0.011555293486926854,0.0024214353755683937,0.0024214353755683937,0.0030595933527367255,0.0030595933527367255,0.001413584832682328,0.001413584832682328,0.002298204520329149,0.002298204520329149,0.026732714705327648,0.026732714705327648,0.03248179083852177,0.03248179083852177,0.02367716639705232,0.02367716639705232,0.027630557313633914,0.027630557313633914,0.026732714705327648,0.026732714705327648,0.03248179083852177,0.03248179083852177,0.02367716639705232,0.02367716639705232,0.027630557313633914,0.027630557313633914,6.918033371524264e-05
kdd_internet_usage,LinearModel,1011,0.0005205022132861698,0.013718643449135908,0.013718643449135908,0.001023060901689835,0.001023060901689835,0.0016630032276113145,0.0016630032276113145,0.0032593178698797727,0.0032593178698797727,0.001981793999726974,0.001981793999726974,0.016516594254669198,0.016516594254669198,0.029197963623672246,0.029197963623672246,0.027735899809341207,0.027735899809341207,0.02448348589589422,0.02448348589589422,0.016516594254669198,0.016516594254669198,0.029197963623672246,0.029197963623672246,0.027735899809341207,0.027735899809341207,0.02448348589589422,0.02448348589589422,6.799999997989896e-05
kdd_internet_usage,NeuralNetFastAI,1011,0.0006063670016805417,0.013139750460642008,0.013139750460642008,0.0025839861950891995,0.0025839861950891995,0.0022571441710768332,0.0022571441710768332,0.0018217444789139826,0.0018217444789139826,0.0022209582816933382,0.0022209582816933382,0.02437689238489062,0.02437689238489062,0.026367999990397014,0.026367999990397014,0.02261485140363048,0.02261485140363048,0.02445324792630604,0.02445324792630604,0.02437689238489062,0.02437689238489062,0.026367999990397014,0.026367999990397014,0.02261485140363048,0.02261485140363048,0.02445324792630604,0.02445324792630604,6.751399996574037e-05
kdd_internet_usage,NeuralNetTorch,1011,0.0004818589126725466,0.01775397100298975,0.01775397100298975,0.0010926266999450865,0.0010926266999450865,0.0024999681007900187,0.0024999681007900187,0.003408538829396796,0.003408538829396796,0.002333711210043967,0.002333711210043967,0.023687424984531198,0.023687424984531198,0.031514178689534225,0.031514178689534225,0.038377852527089376,0.038377852527089376,0.0311931520670516,0.0311931520670516,0.023687424984531198,0.023687424984531198,0.031514178689534225,0.031514178689534225,0.038377852527089376,0.038377852527089376,0.0311931520670516,0.0311931520670516,7.181933324318379e-05
kdd_internet_usage,RandomForest,1011,0.0014103647049324539,0.026669656403356303,0.026669656403356303,0.0038766413665979773,0.0038766413665979773,0.0023031083343376946,0.0023031083343376946,0.004192703975858714,0.004192703975858714,0.003457484558931462,0.003457484558931462,0.037395303268754766,0.037395303268754766,0.02717328573953412,0.02717328573953412,0.03988306017757902,0.03988306017757902,0.0348172163952893,0.0348172163952893,0.037395303268754766,0.037395303268754766,0.02717328573953412,0.02717328573953412,0.03988306017757902,0.03988306017757902,0.0348172163952893,0.0348172163952893,6.863866656203754e-05
kdd_internet_usage,XGBoost,1011,0.0002602774634580257,0.011638285660769415,0.011638285660769415,0.0021234255764637144,0.0021234255764637144,0.001799017336331775,0.001799017336331775,0.004290425888782645,0.004290425888782645,0.0027376229338593786,0.0027376229338593786,0.02408331177442894,0.02408331177442894,0.02599001219406315,0.02599001219406315,0.03772778743009787,0.03772778743009787,0.029267037132863324,0.029267037132863324,0.02408331177442894,0.02408331177442894,0.02599001219406315,0.02599001219406315,0.03772778743009787,0.03772778743009787,0.029267037132863324,0.029267037132863324,6.727766716115487e-05
kick,CatBoost,7299,0.0003284324724235084,0.01568537063988908,0.01568537063988908,0.0006773651738054629,0.0006773651738054629,0.0005953824296394609,0.0005953824296394609,0.000438244379303712,0.000438244379303712,0.0005703306609162119,0.0005703306609162119,0.016336896220502318,0.016336896220502318,0.020272417347831015,0.020272417347831015,0.015480028760551453,0.015480028760551453,0.01736311410962826,0.01736311410962826,0.016336896220502318,0.016336896220502318,0.020272417347831015,0.020272417347831015,0.015480028760551453,0.015480028760551453,0.01736311410962826,0.01736311410962826,0.00029145833347380784
kick,ExtraTrees,7299,0.0007693803283363651,0.022206391086151307,0.022206391086151307,0.0008170248450613526,0.0008170248450613526,0.0010611881249967439,0.0010611881249967439,0.0009989837576740105,0.0009989837576740105,0.0009590655759107023,0.0009590655759107023,0.022993394522843973,0.022993394522843973,0.02622715035322382,0.02622715035322382,0.021331272488957415,0.021331272488957415,0.0235172724550084,0.0235172724550084,0.022993394522843973,0.022993394522843973,0.02622715035322382,0.02622715035322382,0.021331272488957415,0.021331272488957415,0.0235172724550084,0.0235172724550084,0.0002890693334241708
kick,LightGBM,7299,0.000758403691047608,0.0190159195066514,0.0190159195066514,0.0013162025017574336,0.0013162025017574336,0.0011464219643574569,0.0011464219643574569,0.0008161466349734016,0.0008161466349734016,0.001092923700362764,0.001092923700362764,0.020248238613517936,0.020248238613517936,0.023478412277425417,0.023478412277425417,0.020050964453531307,0.020050964453531307,0.021259205114824885,0.021259205114824885,0.020248238613517936,0.020248238613517936,0.023478412277425417,0.023478412277425417,0.020050964453531307,0.020050964453531307,0.021259205114824885,0.021259205114824885,0.00032315266677566495
kick,LinearModel,7299,0.0005939979673438714,0.01760061161563192,0.01760061161563192,0.0008309175837878509,0.0008309175837878509,0.0010900796879032974,0.0010900796879032974,0.0011168238545594933,0.0011168238545594933,0.0010126070420835472,0.0010126070420835472,0.017710885007890986,0.017710885007890986,0.01995399379909127,0.01995399379909127,0.01749136966746249,0.01749136966746249,0.01838541615814825,0.01838541615814825,0.017710885007890986,0.017710885007890986,0.01995399379909127,0.01995399379909127,0.01749136966746249,0.01749136966746249,0.01838541615814825,0.01838541615814825,0.0002919026665040292
kick,NeuralNetFastAI,7299,0.0005771733416787403,0.017684241476468614,0.017684241476468614,0.0007093699600553269,0.0007093699600553269,0.000632854902389608,0.000632854902389608,0.0010646965399747409,0.0010646965399747409,0.0008023071341398919,0.0008023071341398919,0.019803841122080182,0.019803841122080182,0.019934630730949983,0.019934630730949983,0.021744485045022112,0.021744485045022112,0.020494318966017427,0.020494318966017427,0.019803841122080182,0.019803841122080182,0.019934630730949983,0.019934630730949983,0.021744485045022112,0.021744485045022112,0.020494318966017427,0.020494318966017427,0.0002935833338900314
kick,NeuralNetTorch,7299,0.00023458592068901205,0.013487245802634747,0.013487245802634747,0.0006418749089696355,0.0006418749089696355,0.0005554882476602498,0.0005554882476602498,0.0003906330520652471,0.0003906330520652471,0.0005293320695650441,0.0005293320695650441,0.01785280460545749,0.01785280460545749,0.01757270206230539,0.01757270206230539,0.014970249868246743,0.014970249868246743,0.01679858551200321,0.01679858551200321,0.01785280460545749,0.01785280460545749,0.01757270206230539,0.01757270206230539,0.014970249868246743,0.014970249868246743,0.01679858551200321,0.01679858551200321,0.00028484733290194225
kick,RandomForest,7299,0.002828115379297646,0.03225391854775516,0.03225391854775516,0.0027905409747276933,0.0027905409747276933,0.0032629841625003314,0.0032629841625003314,0.002940982459755381,0.002940982459755381,0.0029981691989944687,0.0029981691989944687,0.033789088586199854,0.033789088586199854,0.03682283382441868,0.03682283382441868,0.033926093655387415,0.033926093655387415,0.034846005355335316,0.034846005355335316,0.033789088586199854,0.033789088586199854,0.03682283382441868,0.03682283382441868,0.033926093655387415,0.033926093655387415,0.034846005355335316,0.034846005355335316,0.00028029166666480404
kick,XGBoost,7299,0.00046227426086040705,0.018060586153021627,0.018060586153021627,0.0008130499015100423,0.0008130499015100423,0.0006712147232916067,0.0006712147232916067,0.0006205062223951899,0.0006205062223951899,0.0007015902823989463,0.0007015902823989463,0.018723896944494483,0.018723896944494483,0.020890430393416332,0.020890430393416332,0.01796634012397115,0.01796634012397115,0.01919355582062732,0.01919355582062732,0.018723896944494483,0.018723896944494483,0.020890430393416332,0.020890430393416332,0.01796634012397115,0.01796634012397115,0.01919355582062732,0.01919355582062732,0.00028165300075973693
mammography,CatBoost,1119,0.0003067871709737866,0.002987250300573251,0.002987250300573251,0.0016991169721834343,0.0016991169721834343,0.0006635050955560048,0.0006635050955560048,0.0013676093495681686,0.0013676093495681686,0.0012434104724358692,0.0012434104724358692,0.007976393451693584,0.007976393451693584,0.0029457086444532455,0.0029457086444532455,0.006227406528348969,0.006227406528348969,0.0057165028748319335,0.0057165028748319335,0.007976393451693584,0.007976393451693584,0.0029457086444532455,0.0029457086444532455,0.006227406528348969,0.006227406528348969,0.0057165028748319335,0.0057165028748319335,7.181933324318379e-05
mammography,ExtraTrees,1119,0.0009083719555935277,0.00982183899564482,0.00982183899564482,0.0021884776019007518,0.0021884776019007518,0.0018575182524505098,0.0018575182524505098,0.0021119268035078983,0.0021119268035078983,0.002052640885953053,0.002052640885953053,0.012453745480568199,0.012453745480568199,0.012433775128103874,0.012433775128103874,0.00970406922785707,0.00970406922785707,0.011530529945509715,0.011530529945509715,0.012453745480568199,0.012453745480568199,0.012433775128103874,0.012433775128103874,0.00970406922785707,0.00970406922785707,0.011530529945509715,0.011530529945509715,6.91806659839737e-05
mammography,LightGBM,1119,0.00031100477806888605,0.004549416189807716,0.004549416189807716,0.0031802064733970517,0.0031802064733970517,0.0028026571781778285,0.0028026571781778285,0.0013150214771303172,0.0013150214771303172,0.002432628376235066,0.002432628376235066,0.009780629700918659,0.009780629700918659,0.012125102712184364,0.012125102712184364,0.0057110186036629556,0.0057110186036629556,0.009205583672255326,0.009205583672255326,0.009780629700918659,0.009780629700918659,0.012125102712184364,0.012125102712184364,0.0057110186036629556,0.0057110186036629556,0.009205583672255326,0.009205583672255326,7.047233399741042e-05
mammography,LinearModel,1119,0.00047097862035540007,0.0075422727862264815,0.0075422727862264815,0.002953903255686774,0.002953903255686774,0.0012613325791534812,0.0012613325791534812,0.002767150530876834,0.002767150530876834,0.0023274621219056967,0.0023274621219056967,0.011877642545236607,0.011877642545236607,0.00772456624893225,0.00772456624893225,0.010415587336487543,0.010415587336487543,0.010005932043552134,0.010005932043552134,0.011877642545236607,0.011877642545236607,0.00772456624893225,0.00772456624893225,0.010415587336487543,0.010415587336487543,0.010005932043552134,0.010005932043552134,6.888900073439193e-05
mammography,NeuralNetFastAI,1119,0.00021599745896071988,0.0038140064351425873,0.0038140064351425873,0.002576980135506329,0.002576980135506329,0.0013936083154822718,0.0013936083154822718,0.0014678111095959593,0.0014678111095959593,0.0018127998535281866,0.0018127998535281866,0.008987830613732964,0.008987830613732964,0.005621556402200548,0.005621556402200548,0.0068873489498669305,0.0068873489498669305,0.0071655786552668145,0.0071655786552668145,0.008987830613732964,0.008987830613732964,0.005621556402200548,0.005621556402200548,0.0068873489498669305,0.0068873489498669305,0.0071655786552668145,0.0071655786552668145,7.288899966321576e-05
mammography,NeuralNetTorch,1119,0.0002914973659975757,0.004787277400137917,0.004787277400137917,0.0031936289517451254,0.0031936289517451254,0.0013346361077879584,0.0013346361077879584,0.0014277629188899849,0.0014277629188899849,0.001985342659474356,0.001985342659474356,0.012568235615176285,0.012568235615176285,0.007559365843193321,0.007559365843193321,0.005994630611527947,0.005994630611527947,0.008707410689965852,0.008707410689965852,0.012568235615176285,0.012568235615176285,0.007559365843193321,0.007559365843193321,0.005994630611527947,0.005994630611527947,0.008707410689965852,0.008707410689965852,6.813899987416032e-05
mammography,RandomForest,1119,0.0009077515840056415,0.010416327105699756,0.010416327105699756,0.0009353837754464652,0.0009353837754464652,0.0010547097990323015,0.0010547097990323015,0.001651359702005841,0.001651359702005841,0.0012138177588282026,0.0012138177588282026,0.011471592002238955,0.011471592002238955,0.011938195937802806,0.011938195937802806,0.01028635489263112,0.01028635489263112,0.01123204761089096,0.01123204761089096,0.011471592002238955,0.011471592002238955,0.011938195937802806,0.011938195937802806,0.01028635489263112,0.01028635489263112,0.01123204761089096,0.01123204761089096,6.98750009178184e-05
mammography,XGBoost,1119,0.00038680258371852957,0.004986199969852342,0.004986199969852342,0.0030973253629301705,0.0030973253629301705,0.0014615311759933543,0.0014615311759933543,0.0015748613703330896,0.0015748613703330896,0.0020445726364188717,0.0020445726364188717,0.009300961017005654,0.009300961017005654,0.005546045958339565,0.005546045958339565,0.005482948266006791,0.005482948266006791,0.0067766517471173375,0.0067766517471173375,0.009300961017005654,0.009300961017005654,0.005546045958339565,0.005546045958339565,0.005482948266006791,0.005482948266006791,0.0067766517471173375,0.0067766517471173375,7.034699956420809e-05
mc1,CatBoost,947,8.474567040156436e-05,0.001448690264707574,0.001448690264707574,7.76057586658932e-05,7.76057586658932e-05,0.0001884519303224324,0.0001884519303224324,7.76057586658932e-05,7.76057586658932e-05,0.00011455448255140626,0.00011455448255140626,0.0008874416643954762,0.0008874416643954762,0.006440285970760537,0.006440285970760537,0.0008874416643954762,0.0008874416643954762,0.002738389766517163,0.002738389766517163,0.0008874416643954762,0.0008874416643954762,0.006440285970760537,0.006440285970760537,0.0008874416643954762,0.0008874416643954762,0.002738389766517163,0.002738389766517163,7.01943342088877e-05
mc1,ExtraTrees,947,0.00010842411057971378,0.00240776792749526,0.00240776792749526,0.0004640940011468512,0.0004640940011468512,0.0007493365142825064,0.0007493365142825064,0.001434675706890788,0.001434675706890788,0.0008827020741067152,0.0008827020741067152,0.004258805887993125,0.004258805887993125,0.004774901201516606,0.004774901201516606,0.005314772097074434,0.005314772097074434,0.004782826395528055,0.004782826395528055,0.004258805887993125,0.004258805887993125,0.004774901201516606,0.004774901201516606,0.005314772097074434,0.005314772097074434,0.004782826395528055,0.004782826395528055,6.42916663006569e-05
mc1,LightGBM,947,9.440718488325625e-05,0.002233540501656573,0.002233540501656573,0.00010309800242842383,0.00010309800242842383,0.00014136785581695579,0.00014136785581695579,0.0007490100117000741,0.0007490100117000741,0.00033115862331515125,0.00033115862331515125,0.0029907372647747905,0.0029907372647747905,0.0074635263795594636,0.0074635263795594636,0.002990737264774791,0.002990737264774791,0.004481666969703015,0.004481666969703015,0.0029907372647747905,0.0029907372647747905,0.0074635263795594636,0.0074635263795594636,0.002990737264774791,0.002990737264774791,0.004481666969703015,0.004481666969703015,6.595833353154983e-05
mc1,LinearModel,947,0.00014638436646146276,0.0026338506459625682,0.0026338506459625682,0.0005051588147489848,0.0005051588147489848,0.0005927554652835694,0.0005927554652835694,0.0006275379263339387,0.0006275379263339387,0.0005751507354554976,0.0005751507354554976,0.004214204393308214,0.004214204393308214,0.006319311670530861,0.006319311670530861,0.002649254874806546,0.002649254874806546,0.004394256979548541,0.004394256979548541,0.004214204393308214,0.004214204393308214,0.006319311670530861,0.006319311670530861,0.002649254874806546,0.002649254874806546,0.004394256979548541,0.004394256979548541,6.28749997607277e-05
mc1,NeuralNetFastAI,947,0.0002510707807121435,0.0026250846864085877,0.0026250846864085877,0.0004450092510140317,0.0004450092510140317,0.0007710907957347314,0.0007710907957347314,0.0003515913905358173,0.0003515913905358173,0.0005225638124281935,0.0005225638124281935,0.003060222674385613,0.003060222674385613,0.0045705207093466324,0.0045705207093466324,0.00492693707740275,0.00492693707740275,0.0041858934870449985,0.0041858934870449985,0.003060222674385613,0.003060222674385613,0.0045705207093466324,0.0045705207093466324,0.00492693707740275,0.00492693707740275,0.0041858934870449985,0.0041858934870449985,6.500000017695129e-05
mc1,NeuralNetTorch,947,0.00010110961490308469,0.002626690070216347,0.002626690070216347,0.000423005073461284,0.000423005073461284,0.00011090724172004678,0.00011090724172004678,0.00039259882020542633,0.00039259882020542633,0.00030883704512891906,0.00030883704512891906,0.0043897989526907304,0.0043897989526907304,0.005612484196618638,0.005612484196618638,0.005021427799863275,0.005021427799863275,0.005007903649724214,0.005007903649724214,0.0043897989526907304,0.0043897989526907304,0.005612484196618638,0.005612484196618638,0.005021427799863275,0.005021427799863275,0.005007903649724214,0.005007903649724214,6.181933349580504e-05
mc1,RandomForest,947,5.816639252468534e-05,0.002580967733421892,0.002580967733421892,0.0006100818208011256,0.0006100818208011256,0.0006004048104361384,0.0006004048104361384,0.00031841379768198473,0.00031841379768198473,0.0005096334763064163,0.0005096334763064163,0.004574588076382693,0.004574588076382693,0.005187394966528647,0.005187394966528647,0.0056305542854640026,0.0056305542854640026,0.005130845776125114,0.005130845776125114,0.004574588076382693,0.004574588076382693,0.005187394966528647,0.005187394966528647,0.0056305542854640026,0.0056305542854640026,0.005130845776125114,0.005130845776125114,6.873599947236168e-05
mc1,XGBoost,947,6.719166348136656e-05,0.0017722229712900024,0.0017722229712900024,0.0004252745647522906,0.0004252745647522906,0.00040995557419604253,0.00040995557419604253,0.0013438932936477902,0.0013438932936477902,0.000726374477532041,0.000726374477532041,0.003645842514810208,0.003645842514810208,0.007159220002131357,0.007159220002131357,0.004701808723891517,0.004701808723891517,0.005168957080277693,0.005168957080277693,0.003645842514810208,0.003645842514810208,0.007159220002131357,0.007159220002131357,0.004701808723891517,0.004701808723891517,0.005168957080277693,0.005168957080277693,6.749999981063108e-05
mozilla4,CatBoost,1555,0.00010475732649914228,0.004283992180305419,0.004283992180305419,0.0012223693169119048,0.0012223693169119048,0.002878327133173042,0.002878327133173042,0.0010792209882475078,0.0010792209882475078,0.0017266391461108182,0.0017266391461108182,0.011694402568721873,0.011694402568721873,0.015626999776591637,0.015626999776591637,0.012351689535576629,0.012351689535576629,0.013224363960296713,0.013224363960296713,0.011694402568721873,0.011694402568721873,0.015626999776591637,0.015626999776591637,0.012351689535576629,0.012351689535576629,0.013224363960296713,0.013224363960296713,9.106933309036928e-05
mozilla4,ExtraTrees,1555,0.0009227105781339121,0.019337496672612108,0.019337496672612108,0.0015521879817078346,0.0015521879817078346,0.0023467719268133206,0.0023467719268133206,0.0021362161693079863,0.0021362161693079863,0.0020117253592763806,0.0020117253592763806,0.01854662492877274,0.01854662492877274,0.01962272074594614,0.01962272074594614,0.02420578629790633,0.02420578629790633,0.020791710657541738,0.020791710657541738,0.01854662492877274,0.01854662492877274,0.01962272074594614,0.01962272074594614,0.02420578629790633,0.02420578629790633,0.020791710657541738,0.020791710657541738,9.083333376717444e-05
mozilla4,LightGBM,1555,0.000159472009788727,0.00936400598354699,0.00936400598354699,0.0006293239715949011,0.0006293239715949011,0.0018619004976781807,0.0018619004976781807,0.001992913909840732,0.001992913909840732,0.0014947127930379379,0.0014947127930379379,0.0159169125939657,0.0159169125939657,0.018425125387643994,0.018425125387643994,0.012465532192020035,0.012465532192020035,0.01560252339120991,0.01560252339120991,0.0159169125939657,0.0159169125939657,0.018425125387643994,0.018425125387643994,0.012465532192020035,0.012465532192020035,0.01560252339120991,0.01560252339120991,9.027766645886004e-05
mozilla4,LinearModel,1555,0.00220445800765884,0.015876230313230686,0.015876230313230686,0.002428601504823401,0.002428601504823401,0.002313549273735893,0.002313549273735893,0.003426793118521043,0.003426793118521043,0.002722981299026779,0.002722981299026779,0.016385674738288968,0.016385674738288968,0.01786314263705949,0.01786314263705949,0.022110820442398902,0.022110820442398902,0.01878654593924912,0.01878654593924912,0.016385674738288968,0.016385674738288968,0.01786314263705949,0.01786314263705949,0.022110820442398902,0.022110820442398902,0.01878654593924912,0.01878654593924912,8.702766717760824e-05
mozilla4,NeuralNetFastAI,1555,0.0010055261190156874,0.020562476577339065,0.020562476577339065,0.002313839207005876,0.002313839207005876,0.004452661737704143,0.004452661737704143,0.00255474564510162,0.00255474564510162,0.0031070821966038796,0.0031070821966038796,0.02593512206287439,0.02593512206287439,0.034627611890818526,0.034627611890818526,0.02852179157844117,0.02852179157844117,0.029694841844044695,0.029694841844044695,0.02593512206287439,0.02593512206287439,0.034627611890818526,0.034627611890818526,0.02852179157844117,0.02852179157844117,0.029694841844044695,0.029694841844044695,0.00010672200005501509
mozilla4,NeuralNetTorch,1555,0.0007979974933060649,0.013448329768381714,0.013448329768381714,0.0024536246167950627,0.0024536246167950627,0.0019968008084116904,0.0019968008084116904,0.001616973685429354,0.001616973685429354,0.0020224663702120356,0.0020224663702120356,0.02065094171825904,0.02065094171825904,0.015331229835631838,0.015331229835631838,0.01310428498855167,0.01310428498855167,0.016362152180814184,0.016362152180814184,0.02065094171825904,0.02065094171825904,0.015331229835631838,0.015331229835631838,0.01310428498855167,0.01310428498855167,0.016362152180814184,0.016362152180814184,9.130566589495477e-05
mozilla4,RandomForest,1555,0.0006578447157407265,0.014748294860964668,0.014748294860964668,0.0019734555288286413,0.0019734555288286413,0.0021101422624365818,0.0021101422624365818,0.0031993853752273482,0.0031993853752273482,0.002427661055497524,0.002427661055497524,0.018557343225914204,0.018557343225914204,0.016349408668959987,0.016349408668959987,0.023436225702764487,0.023436225702764487,0.019447659199212892,0.019447659199212892,0.018557343225914204,0.018557343225914204,0.016349408668959987,0.016349408668959987,0.023436225702764487,0.023436225702764487,0.019447659199212892,0.019447659199212892,8.891666705797736e-05
mozilla4,XGBoost,1555,0.00013384213959910505,0.004527395625543843,0.004527395625543843,0.0013005504906689971,0.0013005504906689971,0.0017964303864600225,0.0017964303864600225,0.0013810816040550993,0.0013810816040550993,0.0014926874937280397,0.0014926874937280397,0.014132951880513993,0.014132951880513993,0.014524959171639271,0.014524959171639271,0.01076791768972579,0.01076791768972579,0.013141942913959684,0.013141942913959684,0.014132951880513993,0.014132951880513993,0.014524959171639271,0.014524959171639271,0.01076791768972579,0.01076791768972579,0.013141942913959684,0.013141942913959684,8.720833405580682e-05
nomao,CatBoost,3447,0.00014470361669024728,0.003625955038653568,0.003625955038653568,0.0012640483373976788,0.0012640483373976788,0.0009199813013035928,0.0009199813013035928,0.00098909328389218,0.00098909328389218,0.0010577076408644838,0.0010577076408644838,0.007996699959105256,0.007996699959105256,0.007474770666633549,0.007474770666633549,0.00843992972340605,0.00843992972340605,0.007970466783048285,0.007970466783048285,0.007996699959105256,0.007996699959105256,0.007474770666633549,0.007474770666633549,0.00843992972340605,0.00843992972340605,0.007970466783048285,0.007970466783048285,0.0001461803343166442
nomao,ExtraTrees,3447,0.0017768789407561548,0.022720582999909377,0.022720582999909377,0.002160726370073397,0.002160726370073397,0.0024184005276295458,0.0024184005276295458,0.001895565842124973,0.001895565842124973,0.002158230913275972,0.002158230913275972,0.021129669941349013,0.021129669941349013,0.022649289720103008,0.022649289720103008,0.02194142786376356,0.02194142786376356,0.02190679584173853,0.02190679584173853,0.021129669941349013,0.021129669941349013,0.022649289720103008,0.022649289720103008,0.02194142786376356,0.02194142786376356,0.02190679584173853,0.02190679584173853,0.0001544446665017555
nomao,LightGBM,3447,2.7357595544002276e-05,0.002103834546971972,0.002103834546971972,0.0008695584581363078,0.0008695584581363078,0.0011577655782313652,0.0011577655782313652,0.0007665120553099788,0.0007665120553099788,0.000931278697225884,0.000931278697225884,0.007875162991683986,0.007875162991683986,0.009037809482365875,0.009037809482365875,0.007438772921040139,0.007438772921040139,0.00811724846503,0.00811724846503,0.007875162991683986,0.007875162991683986,0.009037809482365875,0.009037809482365875,0.007438772921040139,0.007438772921040139,0.00811724846503,0.00811724846503,0.00014540266662758464
nomao,LinearModel,3447,7.56566533120852e-05,0.004612081453781588,0.004612081453781588,0.0007770890640811893,0.0007770890640811893,0.001039350894968763,0.001039350894968763,0.0006285887370563148,0.0006285887370563148,0.0008150095653687556,0.0008150095653687556,0.011724484230153327,0.011724484230153327,0.011748958892319831,0.011748958892319831,0.010186617458603574,0.010186617458603574,0.011220020193692245,0.011220020193692245,0.011724484230153327,0.011724484230153327,0.011748958892319831,0.011748958892319831,0.010186617458603574,0.010186617458603574,0.011220020193692245,0.011220020193692245,0.00016037500002615465
nomao,NeuralNetFastAI,3447,8.557584359431473e-05,0.004501180151485815,0.004501180151485815,0.0008951585792359204,0.0008951585792359204,0.00034403146407148205,0.00034403146407148205,0.0004261780761603978,0.0004261780761603978,0.0005551227064892667,0.0005551227064892667,0.009702188318917811,0.009702188318917811,0.007992995552453815,0.007992995552453815,0.009457600918458198,0.009457600918458198,0.009050928263276607,0.009050928263276607,0.009702188318917811,0.009702188318917811,0.007992995552453815,0.007992995552453815,0.009457600918458198,0.009457600918458198,0.009050928263276607,0.009050928263276607,0.00014863900044777742
nomao,NeuralNetTorch,3447,9.360997247336185e-05,0.00656317371732796,0.00656317371732796,0.0010166391724689416,0.0010166391724689416,0.0010905389363892177,0.0010905389363892177,0.0007592279577757719,0.0007592279577757719,0.000955468688877977,0.000955468688877977,0.011841458379711676,0.011841458379711676,0.010834322064509228,0.010834322064509228,0.013379740589756278,0.013379740589756278,0.012018507011325728,0.012018507011325728,0.011841458379711676,0.011841458379711676,0.010834322064509228,0.010834322064509228,0.013379740589756278,0.013379740589756278,0.012018507011325728,0.012018507011325728,0.00015034733344994797
nomao,RandomForest,3447,0.00211467999050397,0.025183486880836287,0.025183486880836287,0.002929735072860601,0.002929735072860601,0.0019158691175809055,0.0019158691175809055,0.0021276258963287328,0.0021276258963287328,0.002324410028923413,0.002324410028923413,0.025739252192276577,0.025739252192276577,0.02364274317872573,0.02364274317872573,0.02390749248575229,0.02390749248575229,0.024429829285584865,0.024429829285584865,0.025739252192276577,0.025739252192276577,0.02364274317872573,0.02364274317872573,0.02390749248575229,0.02390749248575229,0.024429829285584865,0.024429829285584865,0.00015784700008225627
nomao,XGBoost,3447,9.556992200958155e-06,0.0014441128888325516,0.0014441128888325516,0.0011351863785767345,0.0011351863785767345,0.0006303110857667923,0.0006303110857667923,0.000448104651633706,0.000448104651633706,0.000737867371992411,0.000737867371992411,0.008339487689129396,0.008339487689129396,0.00707156780181138,0.00707156780181138,0.005965422681507995,0.005965422681507995,0.007125492724149591,0.007125492724149591,0.008339487689129396,0.008339487689129396,0.00707156780181138,0.00707156780181138,0.005965422681507995,0.005965422681507995,0.007125492724149591,0.007125492724149591,0.00014997233423249176
numerai28_6,CatBoost,9632,0.00035483117713662227,0.011971280148927357,0.011971280148927357,0.00025437274693509553,0.00025437274693509553,0.00033905738880170364,0.00033905738880170364,0.00022162573170562695,0.00022162573170562695,0.00027168528914747536,0.00027168528914747536,0.008253525243298575,0.008253525243298575,0.010832333918722816,0.010832333918722816,0.007994633570214387,0.007994633570214387,0.00902683091074526,0.00902683091074526,0.008253525243298575,0.008253525243298575,0.010832333918722816,0.010832333918722816,0.007994633570214387,0.007994633570214387,0.00902683091074526,0.00902683091074526,0.00039379166628350504
numerai28_6,ExtraTrees,9632,0.0001826482708778305,0.01051235737656537,0.01051235737656537,0.00038597476582290864,0.00038597476582290864,0.00015374702070253016,0.00015374702070253016,6.544059775962355e-05,6.544059775962355e-05,0.00020172079476168744,0.00020172079476168744,0.006671929447308379,0.006671929447308379,0.011085357207594522,0.011085357207594522,0.004623481607763855,0.004623481607763855,0.007460256087555585,0.007460256087555585,0.006671929447308379,0.006671929447308379,0.011085357207594522,0.011085357207594522,0.004623481607763855,0.004623481607763855,0.007460256087555585,0.007460256087555585,0.00039172200073759694
numerai28_6,LightGBM,9632,0.0002515680942445501,0.011848843371823578,0.011848843371823578,0.00045836374074128633,0.00045836374074128633,0.00017100857221225612,0.00017100857221225612,0.000147926979714026,0.000147926979714026,0.0002590997642225228,0.0002590997642225228,0.009714727469432211,0.009714727469432211,0.010265148541831288,0.010265148541831288,0.007986696755692965,0.007986696755692965,0.009322190922318821,0.009322190922318821,0.009714727469432211,0.009714727469432211,0.010265148541831288,0.010265148541831288,0.007986696755692965,0.007986696755692965,0.009322190922318821,0.009322190922318821,0.00039098633351386525
numerai28_6,LinearModel,9632,0.0002761142419707706,0.01254462680633975,0.01254462680633975,4.698403870534967e-05,4.698403870534967e-05,0.00020684959213463708,0.00020684959213463708,8.66059006975042e-05,8.66059006975042e-05,0.00011347984384583033,0.00011347984384583033,0.004643842856402871,0.004643842856402871,0.010561616942781574,0.010561616942781574,0.006179597173071757,0.006179597173071757,0.007128352324085401,0.007128352324085401,0.004643842856402871,0.004643842856402871,0.010561616942781574,0.010561616942781574,0.006179597173071757,0.006179597173071757,0.007128352324085401,0.007128352324085401,0.00039456966624129564
numerai28_6,NeuralNetFastAI,9632,0.0002771364253259482,0.013133332572654633,0.013133332572654633,0.00014239502623160637,0.00014239502623160637,0.00019898698589394218,0.00019898698589394218,0.00017538919253555783,0.00017538919253555783,0.0001722570682203688,0.0001722570682203688,0.00799912736871808,0.00799912736871808,0.01298251607303704,0.01298251607303704,0.008045843418724751,0.008045843418724751,0.00967582895349329,0.00967582895349329,0.00799912736871808,0.00799912736871808,0.01298251607303704,0.01298251607303704,0.008045843418724751,0.008045843418724751,0.00967582895349329,0.00967582895349329,0.0003919026676157955
numerai28_6,NeuralNetTorch,9632,0.0002644595391366567,0.012526102667284567,0.012526102667284567,0.000277428044362546,0.000277428044362546,0.00030944083965884285,0.00030944083965884285,0.00019188824151881943,0.00019188824151881943,0.00025958570851340273,0.00025958570851340273,0.012285043906259561,0.012285043906259561,0.008965942987002632,0.008965942987002632,0.010817493417260036,0.010817493417260036,0.010689493436840744,0.010689493436840744,0.012285043906259561,0.012285043906259561,0.008965942987002632,0.008965942987002632,0.010817493417260036,0.010817493417260036,0.010689493436840744,0.010689493436840744,0.0003957083329927021
numerai28_6,RandomForest,9632,0.00012645464047984857,0.0071427804631400745,0.0071427804631400745,0.0001837659964176655,0.0001837659964176655,0.00020465803156604202,0.00020465803156604202,9.845958494531598e-05,9.845958494531598e-05,0.00016229453764300783,0.00016229453764300783,0.008344127140642187,0.008344127140642187,0.011179318555639991,0.011179318555639991,0.001288427624764862,0.001288427624764862,0.00693729110701568,0.00693729110701568,0.008344127140642187,0.008344127140642187,0.011179318555639991,0.011179318555639991,0.001288427624764862,0.001288427624764862,0.00693729110701568,0.00693729110701568,0.00045359733364117954
numerai28_6,XGBoost,9632,0.0003256287364334502,0.01252303114377482,0.01252303114377482,9.46598687169877e-05,9.46598687169877e-05,0.0003773584414987367,0.0003773584414987367,0.00030621847597909953,0.00030621847597909953,0.0002594122620649413,0.0002594122620649413,0.006824048010143543,0.006824048010143543,0.012118898508482426,0.012118898508482426,0.009485975257507811,0.009485975257507811,0.00947630725871126,0.00947630725871126,0.006824048010143543,0.006824048010143543,0.012118898508482426,0.012118898508482426,0.009485975257507811,0.009485975257507811,0.00947630725871126,0.00947630725871126,0.0004040969991668438
