dataset,model,test_size,true_brier,true_l1,true_l2,Uniform-IS_brier_draw0,Uniform-IS_brier_draw0_unclipped,Uniform-IS_brier_draw1,Uniform-IS_brier_draw1_unclipped,Uniform-IS_brier_draw2,Uniform-IS_brier_draw2_unclipped,Uniform-IS_brier,Uniform-IS_brier_unclipped,Uniform-IS_l1_draw0,Uniform-IS_l1_draw0_unclipped,Uniform-IS_l1_draw1,Uniform-IS_l1_draw1_unclipped,Uniform-IS_l1_draw2,Uniform-IS_l1_draw2_unclipped,Uniform-IS_l1,Uniform-IS_l1_unclipped,Uniform-IS_l2_draw0,Uniform-IS_l2_draw0_unclipped,Uniform-IS_l2_draw1,Uniform-IS_l2_draw1_unclipped,Uniform-IS_l2_draw2,Uniform-IS_l2_draw2_unclipped,Uniform-IS_l2,Uniform-IS_l2_unclipped,Uniform-IS_time
2dplanes,CatBoost,4077,0.0010357467002906422,0.016759806470045092,0.016759806470045092,0.0009414971795758747,0.0009414971795758747,0.0016992526541365026,0.0016992526541365026,0.0009623650508332273,0.0009623650508332273,0.0012010382948485349,0.0012010382948485349,0.01365279608519715,0.01365279608519715,0.017537394303249743,0.017537394303249743,0.012124151021607292,0.012124151021607292,0.014438113803351395,0.014438113803351395,0.01365279608519715,0.01365279608519715,0.017537394303249743,0.017537394303249743,0.012124151021607292,0.012124151021607292,0.014438113803351395,0.014438113803351395,0.0005926530005429717
2dplanes,ExtraTrees,4077,0.00060943821379165,0.013471089267672749,0.013471089267672749,0.0005047558382599103,0.0005047558382599103,0.0009499107844055586,0.0009499107844055586,0.0005109430191331487,0.0005109430191331487,0.0006552032139328726,0.0006552032139328726,0.013019668539287819,0.013019668539287819,0.01670349586422565,0.01670349586422565,0.010747227119495597,0.010747227119495597,0.013490130507669689,0.013490130507669689,0.013019668539287819,0.013019668539287819,0.01670349586422565,0.01670349586422565,0.010747227119495597,0.010747227119495597,0.013490130507669689,0.013490130507669689,0.0005763886668622339
2dplanes,LightGBM,4077,0.0006452912859289947,0.014063984582822505,0.014063984582822505,0.0012486305821779486,0.0012486305821779486,0.0008994493870934081,0.0008994493870934081,0.0008428209166085151,0.0008428209166085151,0.0009969669619599572,0.0009969669619599572,0.01381303274104773,0.01381303274104773,0.012324124971128668,0.012324124971128668,0.012939960795764151,0.012939960795764151,0.013025706169313514,0.013025706169313514,0.01381303274104773,0.01381303274104773,0.012324124971128668,0.012324124971128668,0.012939960795764151,0.012939960795764151,0.013025706169313514,0.013025706169313514,0.0004954166664295675
2dplanes,LinearModel,4077,0.006020850286611491,0.05546835795935246,0.05546835795935246,0.0008236337898019097,0.0008236337898019097,0.0008460637938226789,0.0008460637938226789,0.0008499211310920554,0.0008499211310920554,0.0008398729049055479,0.0008398729049055479,0.010890717893400976,0.010890717893400976,0.020436618859018024,0.020436618859018024,0.018404832976456318,0.018404832976456318,0.016577389909625106,0.016577389909625106,0.010890717893400976,0.010890717893400976,0.020436618859018024,0.020436618859018024,0.018404832976456318,0.018404832976456318,0.016577389909625106,0.016577389909625106,0.0005543890001717955
2dplanes,NeuralNetFastAI,4077,0.0003691270459463433,0.010036207619855754,0.010036207619855754,0.0002343848626098059,0.0002343848626098059,0.000650296374264868,0.000650296374264868,0.0002262856777513339,0.0002262856777513339,0.00037032230487533594,0.00037032230487533594,0.006809628162191672,0.006809628162191672,0.012819424165575336,0.012819424165575336,0.006147026053052929,0.006147026053052929,0.00859202612693998,0.00859202612693998,0.006809628162191672,0.006809628162191672,0.012819424165575336,0.012819424165575336,0.006147026053052929,0.006147026053052929,0.00859202612693998,0.00859202612693998,0.00048579166711230454
2dplanes,NeuralNetTorch,4077,0.0003406932270880549,0.009938694772379074,0.009938694772379074,0.0005140989043399918,0.0005140989043399918,0.00037712813319550417,0.00037712813319550417,0.0006715719601755728,0.0006715719601755728,0.000520932999237023,0.000520932999237023,0.0100023491967433,0.0100023491967433,0.010560484060937599,0.010560484060937599,0.013596873572878759,0.013596873572878759,0.011386568943519887,0.011386568943519887,0.0100023491967433,0.0100023491967433,0.010560484060937599,0.010560484060937599,0.013596873572878759,0.013596873572878759,0.011386568943519887,0.011386568943519887,0.00047868066758383065
2dplanes,RandomForest,4077,0.000662710189717478,0.012572317079092885,0.012572317079092885,0.0005367739850658571,0.0005367739850658571,0.0011114399186426607,0.0011114399186426607,0.0009709290173051346,0.0009709290173051346,0.000873047640337884,0.000873047640337884,0.012007062915244279,0.012007062915244279,0.017851410077847303,0.017851410077847303,0.01628990815301885,0.01628990815301885,0.015382793715370144,0.015382793715370144,0.012007062915244279,0.012007062915244279,0.017851410077847303,0.017851410077847303,0.01628990815301885,0.01628990815301885,0.015382793715370144,0.015382793715370144,0.0005565833331881246
2dplanes,XGBoost,4077,0.0007391555875778144,0.013616694989012785,0.013616694989012785,0.0012367599485145128,0.0012367599485145128,0.0010837453577111158,0.0010837453577111158,0.0011127144768767762,0.0011127144768767762,0.0011444065943674684,0.0011444065943674684,0.015226673012560402,0.015226673012560402,0.015218038981385107,0.015218038981385107,0.012711638571298275,0.012711638571298275,0.014385450188414596,0.014385450188414596,0.015226673012560402,0.015226673012560402,0.015218038981385107,0.015218038981385107,0.012711638571298275,0.012711638571298275,0.014385450188414596,0.014385450188414596,0.0004863333342655096
APSFailure,CatBoost,7600,0.00023072929039153674,0.0018584471185175446,0.0018584471185175446,0.00043320585198177006,0.00043320585198177006,0.000340529773404996,0.000340529773404996,0.0006954078383483584,0.0006954078383483584,0.0004897144879117081,0.0004897144879117081,0.002099019532618178,0.002099019532618178,0.0015581402265778658,0.0015581402265778658,0.0030454753864562105,0.0030454753864562105,0.002234211715217418,0.002234211715217418,0.002099019532618178,0.002099019532618178,0.0015581402265778658,0.0015581402265778658,0.0030454753864562105,0.0030454753864562105,0.002234211715217418,0.002234211715217418,0.0007656250005917778
APSFailure,ExtraTrees,7600,0.0006226824370906533,0.0051914377608753915,0.0051914377608753915,0.0012221567977672297,0.0012221567977672297,0.000666944998105815,0.000666944998105815,0.0010529382899399477,0.0010529382899399477,0.0009806800286043308,0.0009806800286043308,0.006590212303771726,0.006590212303771726,0.004451436327889449,0.004451436327889449,0.006364313817874446,0.006364313817874446,0.00580198748317854,0.00580198748317854,0.006590212303771726,0.006590212303771726,0.004451436327889449,0.004451436327889449,0.006364313817874446,0.006364313817874446,0.00580198748317854,0.00580198748317854,0.0007355416673817672
APSFailure,LightGBM,7600,0.00045686417862927437,0.0026085678974425864,0.0026085678974425864,0.0006238859243988794,0.0006238859243988794,0.0005392045111671129,0.0005392045111671129,0.0008053862093773873,0.0008053862093773873,0.0006561588816477933,0.0006561588816477933,0.0022299203173011656,0.0022299203173011656,0.0018083879808625026,0.0018083879808625026,0.0033911048902559504,0.0033911048902559504,0.0024764710628065395,0.0024764710628065395,0.0022299203173011656,0.0022299203173011656,0.0018083879808625026,0.0018083879808625026,0.0033911048902559504,0.0033911048902559504,0.0024764710628065395,0.0024764710628065395,0.0007202220003819093
APSFailure,LinearModel,7600,0.0003803322741956466,0.0034943082985187082,0.0034943082985187082,0.0005183390091826355,0.0005183390091826355,0.001095594571719101,0.001095594571719101,0.0007988732624636622,0.0007988732624636622,0.0008042689477884662,0.0008042689477884662,0.004326806311480203,0.004326806311480203,0.005165341600771042,0.005165341600771042,0.004591535185016365,0.004591535185016365,0.004694561032422537,0.004694561032422537,0.004326806311480203,0.004326806311480203,0.005165341600771042,0.005165341600771042,0.004591535185016365,0.004591535185016365,0.004694561032422537,0.004694561032422537,0.0007626806667152172
APSFailure,NeuralNetFastAI,7600,0.0005370516703016731,0.002903728571302389,0.002903728571302389,0.0007307417101599357,0.0007307417101599357,0.000732825173628641,0.000732825173628641,0.0006954801717765154,0.0006954801717765154,0.0007196823518550306,0.0007196823518550306,0.0023989235276011592,0.0023989235276011592,0.003388594070659469,0.003388594070659469,0.003210660380751075,0.003210660380751075,0.0029993926596705678,0.0029993926596705678,0.0023989235276011592,0.0023989235276011592,0.003388594070659469,0.003388594070659469,0.003210660380751075,0.003210660380751075,0.0029993926596705678,0.0029993926596705678,0.0007183056671541029
APSFailure,NeuralNetTorch,7600,0.0003528082933513664,0.0026576990019937415,0.0026576990019937415,0.000741873289895249,0.000741873289895249,0.0006159112941581502,0.0006159112941581502,0.0005421151633814506,0.0005421151633814506,0.0006332999158116167,0.0006332999158116167,0.0034359741483558537,0.0034359741483558537,0.003394812901744301,0.003394812901744301,0.0031885708423638596,0.0031885708423638596,0.003339785964154671,0.003339785964154671,0.0034359741483558537,0.0034359741483558537,0.003394812901744301,0.003394812901744301,0.0031885708423638596,0.0031885708423638596,0.003339785964154671,0.003339785964154671,0.0007707363341372305
APSFailure,RandomForest,7600,0.0007705903281132056,0.0069554844467050935,0.0069554844467050935,0.0010568755751092316,0.0010568755751092316,0.0009027582473352383,0.0009027582473352383,0.0012675950243123248,0.0012675950243123248,0.0010757429489189315,0.0010757429489189315,0.0037421052836151304,0.0037421052836151304,0.004120175435734717,0.004120175435734717,0.005032456145854667,0.005032456145854667,0.004298245621734837,0.004298245621734837,0.0037421052836151304,0.0037421052836151304,0.004120175435734717,0.004120175435734717,0.005032456145854667,0.005032456145854667,0.004298245621734837,0.004298245621734837,0.0007478196663820805
APSFailure,XGBoost,7600,0.0004522037960324727,0.00276524990062937,0.00276524990062937,0.00042740015290294826,0.00042740015290294826,0.0002915243261338874,0.0002915243261338874,0.0009672144399625453,0.0009672144399625453,0.000562046306333127,0.000562046306333127,0.0017979006096356899,0.0017979006096356899,0.0009157512828919847,0.0009157512828919847,0.0037562439193903918,0.0037562439193903918,0.0021566319373060223,0.0021566319373060223,0.0017979006096356899,0.0017979006096356899,0.0009157512828919847,0.0009157512828919847,0.0037562439193903918,0.0037562439193903918,0.0021566319373060223,0.0021566319373060223,0.0007343613336464235
Amazon_employee_access,CatBoost,3277,6.587767880525423e-05,0.007047274838570309,0.007047274838570309,0.0009900682262703343,0.0009900682262703343,0.0005840377838395016,0.0005840377838395016,0.0002298559789406176,0.0002298559789406176,0.0006013206630168178,0.0006013206630168178,0.011409905537630969,0.011409905537630969,0.011757505102140495,0.011757505102140495,0.006837649092983101,0.006837649092983101,0.010001686577584856,0.010001686577584856,0.011409905537630969,0.011409905537630969,0.011757505102140495,0.011757505102140495,0.006837649092983101,0.006837649092983101,0.010001686577584856,0.010001686577584856,0.0003866946669101405
Amazon_employee_access,ExtraTrees,3277,0.0011848128098959204,0.021936008014946693,0.021936008014946693,0.0018449094046861523,0.0018449094046861523,0.002543541642067651,0.002543541642067651,0.001840770983638945,0.001840770983638945,0.0020764073434642494,0.0020764073434642494,0.024714104001355455,0.024714104001355455,0.02661838185816303,0.02661838185816303,0.02591703661174937,0.02591703661174937,0.02574984082375595,0.02574984082375595,0.024714104001355455,0.024714104001355455,0.02661838185816303,0.02661838185816303,0.02591703661174937,0.02591703661174937,0.02574984082375595,0.02574984082375595,0.0004365416668103232
Amazon_employee_access,LightGBM,3277,0.00011584613744030146,0.006122729817486624,0.006122729817486624,0.0009191304156194035,0.0009191304156194035,0.0001157582158855178,0.0001157582158855178,0.0010878396373904308,0.0010878396373904308,0.000707576089631784,0.000707576089631784,0.007780776594174065,0.007780776594174065,0.0018553439190120715,0.0018553439190120715,0.014953444223324628,0.014953444223324628,0.008196521578836921,0.008196521578836921,0.007780776594174065,0.007780776594174065,0.0018553439190120715,0.0018553439190120715,0.014953444223324628,0.014953444223324628,0.008196521578836921,0.008196521578836921,0.00041931933325637755
Amazon_employee_access,LinearModel,3277,0.000577567983805529,0.015529851627251633,0.015529851627251633,0.0019379589781472405,0.0019379589781472405,0.001792307865813735,0.001792307865813735,0.0019264722472478917,0.0019264722472478917,0.0018855796970696226,0.0018855796970696226,0.018699016875616106,0.018699016875616106,0.021606565697239708,0.021606565697239708,0.021050408507561152,0.021050408507561152,0.020451997026805654,0.020451997026805654,0.018699016875616106,0.018699016875616106,0.021606565697239708,0.021606565697239708,0.021050408507561152,0.021050408507561152,0.020451997026805654,0.020451997026805654,0.00039808333409988944
Amazon_employee_access,NeuralNetFastAI,3277,0.0003750018116364677,0.009594039574861163,0.009594039574861163,0.0003743484853680034,0.0003743484853680034,0.001455427184858468,0.001455427184858468,0.002345798422787678,0.002345798422787678,0.0013918580310047165,0.0013918580310047165,0.005541192833192108,0.005541192833192108,0.008527797848886565,0.008527797848886565,0.014829754388328729,0.014829754388328729,0.009632915023469133,0.009632915023469133,0.005541192833192108,0.005541192833192108,0.008527797848886565,0.008527797848886565,0.014829754388328729,0.014829754388328729,0.009632915023469133,0.009632915023469133,0.00039413900109745253
Amazon_employee_access,NeuralNetTorch,3277,0.001192830126488589,0.0172959970043751,0.0172959970043751,0.00147923259236954,0.00147923259236954,0.0012182720679923917,0.0012182720679923917,0.0011143923855924738,0.0011143923855924738,0.0012706323486514684,0.0012706323486514684,0.016139310786627326,0.016139310786627326,0.016677834777923704,0.016677834777923704,0.020211979746818542,0.020211979746818542,0.017676375103789856,0.017676375103789856,0.016139310786627326,0.016139310786627326,0.016677834777923704,0.016677834777923704,0.020211979746818542,0.020211979746818542,0.017676375103789856,0.017676375103789856,0.0003958749997157914
Amazon_employee_access,RandomForest,3277,0.0010407990874690906,0.019401031244190358,0.019401031244190358,0.0019241425885816925,0.0019241425885816925,0.002472686413267198,0.002472686413267198,0.0012947746359789271,0.0012947746359789271,0.0018972012126092725,0.0018972012126092725,0.02263747088367851,0.02263747088367851,0.025938230282764884,0.025938230282764884,0.022064255570397713,0.022064255570397713,0.0235466522456137,0.0235466522456137,0.02263747088367851,0.02263747088367851,0.025938230282764884,0.025938230282764884,0.022064255570397713,0.022064255570397713,0.0235466522456137,0.0235466522456137,0.0004139306668851835
Amazon_employee_access,XGBoost,3277,6.127144786686918e-05,0.006959118745905035,0.006959118745905035,0.00040587856823496384,0.00040587856823496384,0.0009607400871564331,0.0009607400871564331,0.000985151043054527,0.000985151043054527,0.000783923232815308,0.000783923232815308,0.009617378836884745,0.009617378836884745,0.011490226938961335,0.011490226938961335,0.013416536196697984,0.013416536196697984,0.011508047324181356,0.011508047324181356,0.009617378836884745,0.009617378836884745,0.011490226938961335,0.011490226938961335,0.013416536196697984,0.013416536196697984,0.011508047324181356,0.011508047324181356,0.00038630566632491536
Click_prediction_small,CatBoost,3995,0.00038633628898235186,0.01768859708588454,0.01768859708588454,0.0007898548046604339,0.0007898548046604339,5.233045433854971e-05,5.233045433854971e-05,0.00038594818727855074,0.00038594818727855074,0.00040937781542584473,0.00040937781542584473,0.024506897785035293,0.024506897785035293,0.010460717927487345,0.010460717927487345,0.005734514865502062,0.005734514865502062,0.013567376859341567,0.013567376859341567,0.024506897785035293,0.024506897785035293,0.010460717927487345,0.010460717927487345,0.005734514865502062,0.005734514865502062,0.013567376859341567,0.013567376859341567,0.0005386530004519349
Click_prediction_small,ExtraTrees,3995,0.0008215564260373532,0.023610837407146718,0.023610837407146718,0.001625841764090091,0.001625841764090091,0.0015753658952786507,0.0015753658952786507,0.0007608920691401255,0.0007608920691401255,0.0013206999095029556,0.0013206999095029556,0.02659044244876819,0.02659044244876819,0.03146726717544167,0.03146726717544167,0.018750368603429428,0.018750368603429428,0.025602692742546434,0.025602692742546434,0.02659044244876819,0.02659044244876819,0.03146726717544167,0.03146726717544167,0.018750368603429428,0.018750368603429428,0.025602692742546434,0.025602692742546434,0.0004817916669708211
Click_prediction_small,LightGBM,3995,0.0004458847215889114,0.01815457796381882,0.01815457796381882,0.0014525956780289655,0.0014525956780289655,0.0009972569633528495,0.0009972569633528495,0.00021134169388475988,0.00021134169388475988,0.0008870647784221916,0.0008870647784221916,0.030640871114492676,0.030640871114492676,0.022409810051578417,0.022409810051578417,0.008806495673754001,0.008806495673754001,0.020619058946608364,0.020619058946608364,0.030640871114492676,0.030640871114492676,0.022409810051578417,0.022409810051578417,0.008806495673754001,0.008806495673754001,0.020619058946608364,0.020619058946608364,0.0004810276659554802
Click_prediction_small,LinearModel,3995,0.003433357252839177,0.038138102764381475,0.038138102764381475,0.0035324421134232072,0.0035324421134232072,0.003294435277219276,0.003294435277219276,0.002575181276880089,0.002575181276880089,0.0031340195558408573,0.0031340195558408573,0.03762493980722094,0.03762493980722094,0.036933284126180174,0.036933284126180174,0.030964757644866264,0.030964757644866264,0.035174327192755796,0.035174327192755796,0.03762493980722094,0.03762493980722094,0.036933284126180174,0.036933284126180174,0.030964757644866264,0.030964757644866264,0.035174327192755796,0.035174327192755796,0.0004860696656881676
Click_prediction_small,NeuralNetFastAI,3995,0.0006152494557119272,0.02168230629401941,0.02168230629401941,0.0011214787330928685,0.0011214787330928685,0.0003982869822853258,0.0003982869822853258,7.763678083658868e-05,7.763678083658868e-05,0.000532467498738261,0.000532467498738261,0.032391382351596935,0.032391382351596935,0.02175480637090917,0.02175480637090917,0.00750133152713111,0.00750133152713111,0.02054917341654574,0.02054917341654574,0.032391382351596935,0.032391382351596935,0.02175480637090917,0.02175480637090917,0.00750133152713111,0.00750133152713111,0.02054917341654574,0.02054917341654574,0.00047430533353084076
Click_prediction_small,NeuralNetTorch,3995,0.000906484864703196,0.025087184047802014,0.025087184047802014,0.0016211453556203303,0.0016211453556203303,0.0006138062444825408,0.0006138062444825408,0.0007734984810510295,0.0007734984810510295,0.0010028166937179669,0.0010028166937179669,0.025540937911381057,0.025540937911381057,0.019255850372780044,0.019255850372780044,0.01946599133812749,0.01946599133812749,0.02142092654076286,0.02142092654076286,0.025540937911381057,0.025540937911381057,0.019255850372780044,0.019255850372780044,0.01946599133812749,0.01946599133812749,0.02142092654076286,0.02142092654076286,0.0004765693338413257
Click_prediction_small,RandomForest,3995,0.0011413213978873715,0.02535429986824517,0.02535429986824517,0.001729438611830241,0.001729438611830241,0.001832105539423836,0.001832105539423836,0.0004161096762859408,0.0004161096762859408,0.001325884609180006,0.001325884609180006,0.03523990125084285,0.03523990125084285,0.023917167427553593,0.023917167427553593,0.010715042228890042,0.010715042228890042,0.02329070363576216,0.02329070363576216,0.03523990125084285,0.03523990125084285,0.023917167427553593,0.023917167427553593,0.010715042228890042,0.010715042228890042,0.02329070363576216,0.02329070363576216,0.0004745276673929766
Click_prediction_small,XGBoost,3995,0.00047790328474461684,0.018971117007725632,0.018971117007725632,0.0015168351535989164,0.0015168351535989164,0.0007752670681177978,0.0007752670681177978,0.00013930560884483265,0.00013930560884483265,0.0008104692768538491,0.0008104692768538491,0.024781566622168134,0.024781566622168134,0.01867605021881413,0.01867605021881413,0.0030500391778245906,0.0030500391778245906,0.015502552006268952,0.015502552006268952,0.024781566622168134,0.024781566622168134,0.01867605021881413,0.01867605021881413,0.0030500391778245906,0.0030500391778245906,0.015502552006268952,0.015502552006268952,0.0004854030000084701
PhishingWebsites,CatBoost,1106,0.00011501653449411958,0.003910267557744939,0.003910267557744939,0.0014731008799221664,0.0014731008799221664,0.0030299552521791825,0.0030299552521791825,0.0033502375336079394,0.0033502375336079394,0.0026177645552364296,0.0026177645552364296,0.011401882118785123,0.011401882118785123,0.01470468172215542,0.01470468172215542,0.014378032490283176,0.014378032490283176,0.01349486544374124,0.01349486544374124,0.011401882118785123,0.011401882118785123,0.01470468172215542,0.01470468172215542,0.014378032490283176,0.014378032490283176,0.01349486544374124,0.01349486544374124,0.00020468033350577267
PhishingWebsites,ExtraTrees,1106,0.0066681586143801565,0.05625384704162044,0.05625384704162044,0.0064647628827288976,0.0064647628827288976,0.007463604244349567,0.007463604244349567,0.008738361489278751,0.008738361489278751,0.007555576205452406,0.007555576205452406,0.05394076430868226,0.05394076430868226,0.057808388882105294,0.057808388882105294,0.061606246703847484,0.061606246703847484,0.05778513329821169,0.05778513329821169,0.05394076430868226,0.05394076430868226,0.057808388882105294,0.057808388882105294,0.061606246703847484,0.061606246703847484,0.05778513329821169,0.05778513329821169,0.00019747199985431507
PhishingWebsites,LightGBM,1106,9.452185636811948e-05,0.0038107923112926127,0.0038107923112926127,0.0019458334745897764,0.0019458334745897764,0.001961404733419248,0.001961404733419248,0.0031756769901870297,0.0031756769901870297,0.0023609717327320178,0.0023609717327320178,0.01446847311555731,0.01446847311555731,0.01035895259108255,0.01035895259108255,0.013650392683396672,0.013650392683396672,0.01282593946334551,0.01282593946334551,0.01446847311555731,0.01446847311555731,0.01035895259108255,0.01035895259108255,0.013650392683396672,0.013650392683396672,0.01282593946334551,0.01282593946334551,0.0001955833334553366
PhishingWebsites,LinearModel,1106,0.00021872736660312296,0.00902476140604523,0.00902476140604523,0.0016659485591108913,0.0016659485591108913,0.0023659593731995368,0.0023659593731995368,0.002696644357963248,0.002696644357963248,0.0022428507634245586,0.0022428507634245586,0.019882702177903847,0.019882702177903847,0.023999905374734502,0.023999905374734502,0.020667199165179423,0.020667199165179423,0.021516602239272587,0.021516602239272587,0.019882702177903847,0.019882702177903847,0.023999905374734502,0.023999905374734502,0.020667199165179423,0.020667199165179423,0.021516602239272587,0.021516602239272587,0.00020220833418231146
PhishingWebsites,NeuralNetFastAI,1106,4.744237505240245e-05,0.003141969719634052,0.003141969719634052,0.0016588831063040778,0.0016588831063040778,0.004179152684652314,0.004179152684652314,0.0010599940018575222,0.0010599940018575222,0.002299343264271305,0.002299343264271305,0.012983858894549139,0.012983858894549139,0.015090979268000576,0.015090979268000576,0.008861185076074703,0.008861185076074703,0.012312007746208138,0.012312007746208138,0.012983858894549139,0.012983858894549139,0.015090979268000576,0.015090979268000576,0.008861185076074703,0.008861185076074703,0.012312007746208138,0.012312007746208138,0.00019768066704273224
PhishingWebsites,NeuralNetTorch,1106,0.00011321565322257829,0.004358799474228134,0.004358799474228134,0.0016603836758046255,0.0016603836758046255,0.001838735095259876,0.001838735095259876,0.0025198427043454682,0.0025198427043454682,0.002006320491803323,0.002006320491803323,0.011492561316464775,0.011492561316464775,0.008543765900821428,0.008543765900821428,0.009922399284887525,0.009922399284887525,0.009986242167391243,0.009986242167391243,0.011492561316464775,0.011492561316464775,0.008543765900821428,0.008543765900821428,0.009922399284887525,0.009922399284887525,0.009986242167391243,0.009986242167391243,0.00019012499978998676
PhishingWebsites,RandomForest,1106,0.005133421861791541,0.04618638428999584,0.04618638428999584,0.00482515849019162,0.00482515849019162,0.006923806372830906,0.006923806372830906,0.006162780770665609,0.006162780770665609,0.005970581877896046,0.005970581877896046,0.04188708304780441,0.04188708304780441,0.05263469295371646,0.05263469295371646,0.0492063574685685,0.0492063574685685,0.047909377823363124,0.047909377823363124,0.04188708304780441,0.04188708304780441,0.05263469295371646,0.05263469295371646,0.0492063574685685,0.0492063574685685,0.047909377823363124,0.047909377823363124,0.00019404166596359573
PhishingWebsites,XGBoost,1106,8.611671452407753e-05,0.0031778621042838112,0.0031778621042838112,0.003529727804168218,0.003529727804168218,0.0015983595823617787,0.0015983595823617787,0.0028192482598123772,0.0028192482598123772,0.0026491118821141252,0.0026491118821141252,0.016414266137483417,0.016414266137483417,0.009105002144079055,0.009105002144079055,0.01362355058533103,0.01362355058533103,0.013047606288964501,0.013047606288964501,0.016414266137483417,0.016414266137483417,0.009105002144079055,0.009105002144079055,0.01362355058533103,0.01362355058533103,0.013047606288964501,0.013047606288964501,0.00019268066656271307
Run_or_walk_information,CatBoost,8859,0.00010483370935025374,0.001972443140557718,0.001972443140557718,0.00024780258322087343,0.00024780258322087343,0.00023858806694547493,0.00023858806694547493,0.00022364462013915753,0.00022364462013915753,0.00023667842343516861,0.00023667842343516861,0.0021203033580482243,0.0021203033580482243,0.002539940409698152,0.002539940409698152,0.002451664044776111,0.002451664044776111,0.002370635937507496,0.002370635937507496,0.0021203033580482243,0.0021203033580482243,0.002539940409698152,0.002539940409698152,0.002451664044776111,0.002451664044776111,0.002370635937507496,0.002370635937507496,0.0008441666662596011
Run_or_walk_information,ExtraTrees,8859,0.002147695508629922,0.02022570610150847,0.02022570610150847,0.0022740084548791726,0.0022740084548791726,0.0023281500266941956,0.0023281500266941956,0.0026246984699722607,0.0026246984699722607,0.0024089523171818765,0.0024089523171818765,0.01949392183439812,0.01949392183439812,0.019355456200969186,0.019355456200969186,0.020679909711213133,0.020679909711213133,0.019843095915526816,0.019843095915526816,0.01949392183439812,0.01949392183439812,0.019355456200969186,0.019355456200969186,0.020679909711213133,0.020679909711213133,0.019843095915526816,0.019843095915526816,0.0009291526657762006
Run_or_walk_information,LightGBM,8859,0.00010954628564335039,0.0022700646441504158,0.0022700646441504158,9.86273583372062e-05,9.86273583372062e-05,0.0003416065263500555,0.0003416065263500555,0.00040015736188044943,0.00040015736188044943,0.00028013041552257036,0.00028013041552257036,0.002708219860455654,0.002708219860455654,0.0032527670050109423,0.0032527670050109423,0.003424083457794213,0.003424083457794213,0.0031283567744202698,0.0031283567744202698,0.002708219860455654,0.002708219860455654,0.0032527670050109423,0.0032527670050109423,0.003424083457794213,0.003424083457794213,0.0031283567744202698,0.0031283567744202698,0.0008601249998415975
Run_or_walk_information,LinearModel,8859,0.046580505774797464,0.15507859029528043,0.15507859029528043,0.036320493968623295,0.036320493968623295,0.03862394008313198,0.03862394008313198,0.03859108515590632,0.03859108515590632,0.03784517306922053,0.03784517306922053,0.13609433357450473,0.13609433357450473,0.14063142178628318,0.14063142178628318,0.14248286354229683,0.14248286354229683,0.13973620630102826,0.13973620630102826,0.13609433357450473,0.13609433357450473,0.14063142178628318,0.14063142178628318,0.14248286354229683,0.14248286354229683,0.13973620630102826,0.13973620630102826,0.0010659026665962301
Run_or_walk_information,NeuralNetFastAI,8859,0.0001224129144028694,0.003099597334877249,0.003099597334877249,0.000210235299556734,0.000210235299556734,0.00016801381677898427,0.00016801381677898427,9.714022532137947e-05,9.714022532137947e-05,0.00015846311388569926,0.00015846311388569926,0.0034171909965510267,0.0034171909965510267,0.0034223380947807276,0.0034223380947807276,0.0033588515755962616,0.0033588515755962616,0.003399460222309339,0.003399460222309339,0.0034171909965510267,0.0034171909965510267,0.0034223380947807276,0.0034223380947807276,0.0033588515755962616,0.0033588515755962616,0.003399460222309339,0.003399460222309339,0.000894347333087353
Run_or_walk_information,NeuralNetTorch,8859,7.932355281150218e-05,0.0019208274511967615,0.0019208274511967615,0.0001200272074357757,0.0001200272074357757,0.000155113764488616,0.000155113764488616,0.00035172677959313133,0.00035172677959313133,0.00020895591717250768,0.00020895591717250768,0.0026465347811760074,0.0026465347811760074,0.002362708159850577,0.002362708159850577,0.0034060371095727742,0.0034060371095727742,0.002805093350199786,0.002805093350199786,0.0026465347811760074,0.0026465347811760074,0.002362708159850577,0.002362708159850577,0.0034060371095727742,0.0034060371095727742,0.002805093350199786,0.002805093350199786,0.0008518889990227763
Run_or_walk_information,RandomForest,8859,0.0007853873470846317,0.010882730248931247,0.010882730248931247,0.000867287905089547,0.000867287905089547,0.001060930093384103,0.001060930093384103,0.0009446547711670932,0.0009446547711670932,0.0009576242565469145,0.0009576242565469145,0.010972232915058978,0.010972232915058978,0.011775171858211265,0.011775171858211265,0.011260964239730331,0.011260964239730331,0.011336123004333525,0.011336123004333525,0.010972232915058978,0.010972232915058978,0.011775171858211265,0.011775171858211265,0.011260964239730331,0.011260964239730331,0.011336123004333525,0.011336123004333525,0.0008856666669695793
Run_or_walk_information,XGBoost,8859,9.801705724564982e-06,0.0010685539641082551,0.0010685539641082551,0.0003919612009197959,0.0003919612009197959,0.0003525763333218337,0.0003525763333218337,0.00017281589753475202,0.00017281589753475202,0.00030578447725879387,0.00030578447725879387,0.003518338435475231,0.003518338435475231,0.0032126990097785108,0.0032126990097785108,0.0016958244734993084,0.0016958244734993084,0.0028089539729176834,0.0028089539729176834,0.003518338435475231,0.003518338435475231,0.0032126990097785108,0.0032126990097785108,0.0016958244734993084,0.0016958244734993084,0.0028089539729176834,0.0028089539729176834,0.0008481666664010845
adult,CatBoost,4885,0.0006152181577692995,0.01687512706217434,0.01687512706217434,0.0008756312301597998,0.0008756312301597998,0.0009002224403629254,0.0009002224403629254,0.0006285070577870585,0.0006285070577870585,0.0008014535761032612,0.0008014535761032612,0.017588006988417997,0.017588006988417997,0.01799557366669646,0.01799557366669646,0.012552850952242798,0.012552850952242798,0.016045477202452415,0.016045477202452415,0.017588006988417997,0.017588006988417997,0.01799557366669646,0.01799557366669646,0.012552850952242798,0.012552850952242798,0.016045477202452415,0.016045477202452415,0.0005875136666873004
adult,ExtraTrees,4885,0.0011370991685457355,0.025229521107036034,0.025229521107036034,0.001677407638896438,0.001677407638896438,0.0017692779585803142,0.0017692779585803142,0.0007986465375398799,0.0007986465375398799,0.0014151107116722108,0.0014151107116722108,0.03147314758417184,0.03147314758417184,0.02535655827897964,0.02535655827897964,0.021198127767536996,0.021198127767536996,0.02600927787689616,0.02600927787689616,0.03147314758417184,0.03147314758417184,0.02535655827897964,0.02535655827897964,0.021198127767536996,0.021198127767536996,0.02600927787689616,0.02600927787689616,0.0005976806666391591
adult,LightGBM,4885,0.0004237835510739854,0.013610577703054249,0.013610577703054249,0.0004971143982137338,0.0004971143982137338,0.0006271343259360812,0.0006271343259360812,0.0003188470988013946,0.0003188470988013946,0.0004810319409837365,0.0004810319409837365,0.013879873781674292,0.013879873781674292,0.011003095702033268,0.011003095702033268,0.01169817813749964,0.01169817813749964,0.012193715873735732,0.012193715873735732,0.013879873781674292,0.013879873781674292,0.011003095702033268,0.011003095702033268,0.01169817813749964,0.01169817813749964,0.012193715873735732,0.012193715873735732,0.0005779166664675964
adult,LinearModel,4885,0.00027479023834166164,0.01382074661413434,0.01382074661413434,0.0002841026281331306,0.0002841026281331306,0.0004146100362312546,0.0004146100362312546,0.0002516298866033759,0.0002516298866033759,0.00031678085032258704,0.00031678085032258704,0.012735775474055829,0.012735775474055829,0.014548590348678033,0.014548590348678033,0.01176613965987153,0.01176613965987153,0.013016835160868464,0.013016835160868464,0.012735775474055829,0.012735775474055829,0.014548590348678033,0.014548590348678033,0.01176613965987153,0.01176613965987153,0.013016835160868464,0.013016835160868464,0.0005855000005491698
adult,NeuralNetFastAI,4885,0.0007270421928356895,0.019435569401433525,0.019435569401433525,0.0009043898996419792,0.0009043898996419792,0.0015778976268046672,0.0015778976268046672,0.0008076653249808809,0.0008076653249808809,0.0010966509504758424,0.0010966509504758424,0.02343096305764537,0.02343096305764537,0.024694608453831,0.024694608453831,0.023042640622974155,0.023042640622974155,0.02372273737815017,0.02372273737815017,0.02343096305764537,0.02343096305764537,0.024694608453831,0.024694608453831,0.023042640622974155,0.023042640622974155,0.02372273737815017,0.02372273737815017,0.0005884860001970083
adult,NeuralNetTorch,4885,0.0009504127682872356,0.020245912457373255,0.020245912457373255,0.0009265853037041482,0.0009265853037041482,0.0010692233504858083,0.0010692233504858083,0.0006914381600847303,0.0006914381600847303,0.0008957489380915623,0.0008957489380915623,0.01872783510636978,0.01872783510636978,0.021305684458451966,0.021305684458451966,0.017668725091730435,0.017668725091730435,0.019234081552184062,0.019234081552184062,0.01872783510636978,0.01872783510636978,0.021305684458451966,0.021305684458451966,0.017668725091730435,0.017668725091730435,0.019234081552184062,0.019234081552184062,0.0006352639999628688
adult,RandomForest,4885,0.0012868164993794738,0.026970672527330302,0.026970672527330302,0.0017260281581275075,0.0017260281581275075,0.002041313337330872,0.002041313337330872,0.0009049360208447671,0.0009049360208447671,0.0015574258387677155,0.0015574258387677155,0.02950414584975972,0.02950414584975972,0.032875893245692824,0.032875893245692824,0.025637656113333514,0.025637656113333514,0.02933923173626202,0.02933923173626202,0.02950414584975972,0.02950414584975972,0.032875893245692824,0.032875893245692824,0.025637656113333514,0.025637656113333514,0.02933923173626202,0.02933923173626202,0.0006548333331011236
adult,XGBoost,4885,0.0005345494552161558,0.016391190786140295,0.016391190786140295,0.0004786941038072412,0.0004786941038072412,0.0010455920255563315,0.0010455920255563315,0.0009346947623016485,0.0009346947623016485,0.0008196602972217404,0.0008196602972217404,0.014339759622780064,0.014339759622780064,0.01772150199946551,0.01772150199946551,0.016278846777213394,0.016278846777213394,0.016113369466486324,0.016113369466486324,0.014339759622780064,0.014339759622780064,0.01772150199946551,0.01772150199946551,0.016278846777213394,0.016278846777213394,0.016113369466486324,0.016113369466486324,0.0005776250000053551
ailerons,CatBoost,1375,0.00027630217784780714,0.011567778694020077,0.011567778694020077,0.001282303087530858,0.001282303087530858,0.0008643162561547861,0.0008643162561547861,0.004330855438700797,0.004330855438700797,0.0021591582607954803,0.0021591582607954803,0.009281046350359578,0.009281046350359578,0.016928163274233653,0.016928163274233653,0.030529766045299105,0.030529766045299105,0.01891299188996411,0.01891299188996411,0.009281046350359578,0.009281046350359578,0.016928163274233653,0.016928163274233653,0.030529766045299105,0.030529766045299105,0.01891299188996411,0.01891299188996411,0.00023373633424246995
ailerons,ExtraTrees,1375,0.0013176445909882613,0.0290793574283598,0.0290793574283598,0.0017463094593314465,0.0017463094593314465,0.002141586749095753,0.002141586749095753,0.0017546850770900635,0.0017546850770900635,0.0018808604285057541,0.0018808604285057541,0.02418195919012016,0.02418195919012016,0.03527495909587015,0.03527495909587015,0.02881946542320392,0.02881946542320392,0.02942546123639807,0.02942546123639807,0.02418195919012016,0.02418195919012016,0.03527495909587015,0.03527495909587015,0.02881946542320392,0.02881946542320392,0.02942546123639807,0.02942546123639807,0.0002309166666236706
ailerons,LightGBM,1375,0.00011693810695666074,0.008554613836744631,0.008554613836744631,0.0008917373796293052,0.0008917373796293052,0.00061308949291811,0.00061308949291811,0.0013764296922028363,0.0013764296922028363,0.0009604188549167504,0.0009604188549167504,0.015829230358400805,0.015829230358400805,0.02726097131749107,0.02726097131749107,0.026343348158100112,0.026343348158100112,0.023144516611330667,0.023144516611330667,0.015829230358400805,0.015829230358400805,0.02726097131749107,0.02726097131749107,0.026343348158100112,0.026343348158100112,0.023144516611330667,0.023144516611330667,0.00022097200053394772
ailerons,LinearModel,1375,0.0001836785291027428,0.010391804801025004,0.010391804801025004,0.0007957172105621088,0.0007957172105621088,0.0013316325648692132,0.0013316325648692132,0.0018814373419919696,0.0018814373419919696,0.0013362623724744304,0.0013362623724744304,0.013759249406020073,0.013759249406020073,0.012860003129240464,0.012860003129240464,0.022482565106908707,0.022482565106908707,0.016367272547389747,0.016367272547389747,0.013759249406020073,0.013759249406020073,0.012860003129240464,0.012860003129240464,0.022482565106908707,0.022482565106908707,0.016367272547389747,0.016367272547389747,0.00025459733296884224
ailerons,NeuralNetFastAI,1375,0.0001645495308457295,0.009278845729904126,0.009278845729904126,0.0011076735488279252,0.0011076735488279252,0.00220036071314174,0.00220036071314174,0.0012550838431326474,0.0012550838431326474,0.0015210393683674375,0.0015210393683674375,0.016744589084383484,0.016744589084383484,0.022418773620775524,0.022418773620775524,0.022366785932125738,0.022366785932125738,0.02051004954576158,0.02051004954576158,0.016744589084383484,0.016744589084383484,0.022418773620775524,0.022418773620775524,0.022366785932125738,0.022366785932125738,0.02051004954576158,0.02051004954576158,0.0002382500000142803
ailerons,NeuralNetTorch,1375,0.0002283116865340639,0.010233639353312108,0.010233639353312108,0.0013297501160489241,0.0013297501160489241,0.0012012169791023265,0.0012012169791023265,0.0022270249124999287,0.0022270249124999287,0.0015859973358837264,0.0015859973358837264,0.015504772298077693,0.015504772298077693,0.01750430111794214,0.01750430111794214,0.02607425998900329,0.02607425998900329,0.01969444446834104,0.01969444446834104,0.015504772298077693,0.015504772298077693,0.01750430111794214,0.01750430111794214,0.02607425998900329,0.02607425998900329,0.01969444446834104,0.01969444446834104,0.00022725000114102537
ailerons,RandomForest,1375,0.0006854447630043796,0.0203316415928791,0.0203316415928791,0.0024580055028545116,0.0024580055028545116,0.0017604505295393234,0.0017604505295393234,0.002006066788363801,0.002006066788363801,0.002074840940252545,0.002074840940252545,0.030504858272308907,0.030504858272308907,0.027942651256230997,0.027942651256230997,0.030916369888582266,0.030916369888582266,0.02978795980570739,0.02978795980570739,0.030504858272308907,0.030504858272308907,0.027942651256230997,0.027942651256230997,0.030916369888582266,0.030916369888582266,0.02978795980570739,0.02978795980570739,0.00022663866669366448
ailerons,XGBoost,1375,7.454605353151486e-05,0.0065705054893200705,0.0065705054893200705,0.0003098620302578614,0.0003098620302578614,0.0017321613113256268,0.0017321613113256268,0.002034636640462171,0.002034636640462171,0.0013588866606818863,0.0013588866606818863,0.006037728823784908,0.006037728823784908,0.025902793171117083,0.025902793171117083,0.023352335948221895,0.023352335948221895,0.01843095264770796,0.01843095264770796,0.006037728823784908,0.006037728823784908,0.025902793171117083,0.025902793171117083,0.023352335948221895,0.023352335948221895,0.01843095264770796,0.01843095264770796,0.0003068749999025992
bank-marketing,CatBoost,4522,0.0005132235775827006,0.01307845357417823,0.01307845357417823,0.0011412314763496038,0.0011412314763496038,0.001277081409447157,0.001277081409447157,0.0013472310113023015,0.0013472310113023015,0.0012551812990330207,0.0012551812990330207,0.01366347846896419,0.01366347846896419,0.017020538301203092,0.017020538301203092,0.01609846639225358,0.01609846639225358,0.015594161054140286,0.015594161054140286,0.01366347846896419,0.01366347846896419,0.017020538301203092,0.017020538301203092,0.01609846639225358,0.01609846639225358,0.015594161054140286,0.015594161054140286,0.0005183196662983391
bank-marketing,ExtraTrees,4522,0.00027389379500799627,0.011776435399688001,0.011776435399688001,0.00035559428306360715,0.00035559428306360715,0.00019423993753227335,0.00019423993753227335,0.0004083776872772817,0.0004083776872772817,0.00031940396929105405,0.00031940396929105405,0.01125213989385954,0.01125213989385954,0.012084692368250374,0.012084692368250374,0.010980038492077704,0.010980038492077704,0.011438956918062538,0.011438956918062538,0.01125213989385954,0.01125213989385954,0.012084692368250374,0.012084692368250374,0.010980038492077704,0.010980038492077704,0.011438956918062538,0.011438956918062538,0.0005235416671591034
bank-marketing,LightGBM,4522,0.00020177039456570074,0.008544793628403111,0.008544793628403111,0.0006105548353031987,0.0006105548353031987,0.0009947489181304655,0.0009947489181304655,0.0001687736012154959,0.0001687736012154959,0.0005913591182163867,0.0005913591182163867,0.009205354516271212,0.009205354516271212,0.008960892889588474,0.008960892889588474,0.00720094863476521,0.00720094863476521,0.008455732013541632,0.008455732013541632,0.009205354516271212,0.009205354516271212,0.008960892889588474,0.008960892889588474,0.00720094863476521,0.00720094863476521,0.008455732013541632,0.008455732013541632,0.0005098056669036547
bank-marketing,LinearModel,4522,0.001231073646633584,0.01771170175477092,0.01771170175477092,0.0017942830810748788,0.0017942830810748788,0.001550630889866991,0.001550630889866991,0.002125829722240814,0.002125829722240814,0.0018235812310608947,0.0018235812310608947,0.018353102361830857,0.018353102361830857,0.01465665872913599,0.01465665872913599,0.017702730022542683,0.017702730022542683,0.016904163704503174,0.016904163704503174,0.018353102361830857,0.018353102361830857,0.01465665872913599,0.01465665872913599,0.017702730022542683,0.017702730022542683,0.016904163704503174,0.016904163704503174,0.0005219306658545975
bank-marketing,NeuralNetFastAI,4522,0.0001663844076763581,0.006980738153360599,0.006980738153360599,0.00040417082403666933,0.00040417082403666933,0.0006969295615702565,0.0006969295615702565,0.0002660019877194973,0.0002660019877194973,0.0004557007911088078,0.0004557007911088078,0.014421622397960313,0.014421622397960313,0.01233261166741471,0.01233261166741471,0.009496945078171865,0.009496945078171865,0.012083726381182297,0.012083726381182297,0.014421622397960313,0.014421622397960313,0.01233261166741471,0.01233261166741471,0.009496945078171865,0.009496945078171865,0.012083726381182297,0.012083726381182297,0.0005081943333304176
bank-marketing,NeuralNetTorch,4522,0.0001924682271929433,0.006890143246673141,0.006890143246673141,0.0006456661786236328,0.0006456661786236328,0.0005183100598344459,0.0005183100598344459,0.00012903509550916503,0.00012903509550916503,0.00043100377798908126,0.00043100377798908126,0.010501416663459556,0.010501416663459556,0.009177061293510912,0.009177061293510912,0.010964576437897479,0.010964576437897479,0.010214351464955982,0.010214351464955982,0.010501416663459556,0.010501416663459556,0.009177061293510912,0.009177061293510912,0.010964576437897479,0.010964576437897479,0.010214351464955982,0.010214351464955982,0.0005637776666844729
bank-marketing,RandomForest,4522,0.0002454993245856833,0.011252096679536966,0.011252096679536966,0.0006914846399412444,0.0006914846399412444,0.0005845544064288993,0.0005845544064288993,0.0006631006793962746,0.0006631006793962746,0.0006463799085888061,0.0006463799085888061,0.014554869466691935,0.014554869466691935,0.01685267117105498,0.01685267117105498,0.016823218487798355,0.016823218487798355,0.01607691970851509,0.01607691970851509,0.014554869466691935,0.014554869466691935,0.01685267117105498,0.01685267117105498,0.016823218487798355,0.016823218487798355,0.01607691970851509,0.01607691970851509,0.0005744720001530368
bank-marketing,XGBoost,4522,0.00047387595942246255,0.011958409853437551,0.011958409853437551,0.00055796620966753,0.00055796620966753,0.0012688028265968054,0.0012688028265968054,0.0011709120823933117,0.0011709120823933117,0.000999227039552549,0.000999227039552549,0.011823006340471976,0.011823006340471976,0.01598454088224085,0.01598454088224085,0.017177831416359108,0.017177831416359108,0.014995126213023976,0.014995126213023976,0.011823006340471976,0.011823006340471976,0.01598454088224085,0.01598454088224085,0.017177831416359108,0.017177831416359108,0.014995126213023976,0.014995126213023976,0.0005238333336213449
delta_elevators,CatBoost,952,0.00020880514056423636,0.012558266367032505,0.012558266367032505,0.0017957312575904011,0.0017957312575904011,0.002290535474640504,0.002290535474640504,0.0029867230420373573,0.0029867230420373573,0.002357663258089421,0.002357663258089421,0.027134503868037733,0.027134503868037733,0.029926666346336558,0.029926666346336558,0.02235366616746853,0.02235366616746853,0.02647161212728094,0.02647161212728094,0.027134503868037733,0.027134503868037733,0.029926666346336558,0.029926666346336558,0.02235366616746853,0.02235366616746853,0.02647161212728094,0.02647161212728094,0.00018599999990935126
delta_elevators,ExtraTrees,952,0.0034708040120754553,0.054296452067342404,0.054296452067342404,0.005574132751994726,0.005574132751994726,0.005145854316950038,0.005145854316950038,0.003577998104879261,0.003577998104879261,0.004765995057941341,0.004765995057941341,0.06074749561664531,0.06074749561664531,0.06188257353305973,0.06188257353305973,0.03965715937875994,0.03965715937875994,0.054095742842821655,0.054095742842821655,0.06074749561664531,0.06074749561664531,0.06188257353305973,0.06188257353305973,0.03965715937875994,0.03965715937875994,0.054095742842821655,0.054095742842821655,0.00018401399938738905
delta_elevators,LightGBM,952,0.00031472046437343364,0.016041899277503845,0.016041899277503845,0.0031484393200390593,0.0031484393200390593,0.0011684517019049567,0.0011684517019049567,0.0029042388760362886,0.0029042388760362886,0.002407043299326768,0.002407043299326768,0.044086047208539265,0.044086047208539265,0.019607995424474424,0.019607995424474424,0.023037409157484395,0.023037409157484395,0.028910483930166028,0.028910483930166028,0.044086047208539265,0.044086047208539265,0.019607995424474424,0.019607995424474424,0.023037409157484395,0.023037409157484395,0.028910483930166028,0.028910483930166028,0.00018561133401817642
delta_elevators,LinearModel,952,0.0006587720091662157,0.01935168200737685,0.01935168200737685,0.002767631278228749,0.002767631278228749,0.003779401859845392,0.003779401859845392,0.003908012246855008,0.003908012246855008,0.0034850151283097167,0.0034850151283097167,0.046288807554492835,0.046288807554492835,0.03889358566359552,0.03889358566359552,0.024738115869878747,0.024738115869878747,0.03664016969598903,0.03664016969598903,0.046288807554492835,0.046288807554492835,0.03889358566359552,0.03889358566359552,0.024738115869878747,0.024738115869878747,0.03664016969598903,0.03664016969598903,0.0001874443332781084
delta_elevators,NeuralNetFastAI,952,0.000379645069313219,0.01539118967758907,0.01539118967758907,0.0033694569283904403,0.0033694569283904403,0.004165032532648048,0.004165032532648048,0.0016889522337895087,0.0016889522337895087,0.003074480564942666,0.003074480564942666,0.04198207617233844,0.04198207617233844,0.031824246865256124,0.031824246865256124,0.02752351433478265,0.02752351433478265,0.033776612457459075,0.033776612457459075,0.04198207617233844,0.04198207617233844,0.031824246865256124,0.031824246865256124,0.02752351433478265,0.02752351433478265,0.033776612457459075,0.033776612457459075,0.0001835416660469491
delta_elevators,NeuralNetTorch,952,0.00040540976264224343,0.016273342592552687,0.016273342592552687,0.00272475109981065,0.00272475109981065,0.001681588632608503,0.001681588632608503,0.002922767543483943,0.002922767543483943,0.002443035758634365,0.002443035758634365,0.03399015164446426,0.03399015164446426,0.02137949706890186,0.02137949706890186,0.03639489930172494,0.03639489930172494,0.030588182671697023,0.030588182671697023,0.03399015164446426,0.03399015164446426,0.02137949706890186,0.02137949706890186,0.03639489930172494,0.03639489930172494,0.030588182671697023,0.030588182671697023,0.00023916666638494158
delta_elevators,RandomForest,952,0.0011662909718192576,0.028698917492630326,0.028698917492630326,0.002011088427007469,0.002011088427007469,0.0023873616006510577,0.0023873616006510577,0.0023509111656159413,0.0023509111656159413,0.0022497870644248227,0.0022497870644248227,0.028006390952275275,0.028006390952275275,0.03548306417115866,0.03548306417115866,0.02482109367977065,0.02482109367977065,0.029436849601068193,0.029436849601068193,0.028006390952275275,0.028006390952275275,0.03548306417115866,0.03548306417115866,0.02482109367977065,0.02482109367977065,0.029436849601068193,0.029436849601068193,0.00019384733362433812
delta_elevators,XGBoost,952,0.00020807751953127272,0.013166452370370747,0.013166452370370747,0.001435167554940386,0.001435167554940386,0.001744883297760307,0.001744883297760307,0.0010880978312354445,0.0010880978312354445,0.0014227162279787126,0.0014227162279787126,0.02637969863287001,0.02637969863287001,0.025651734312282123,0.025651734312282123,0.02512003993004083,0.02512003993004083,0.02571715762506432,0.02571715762506432,0.02637969863287001,0.02637969863287001,0.025651734312282123,0.025651734312282123,0.02512003993004083,0.02512003993004083,0.02571715762506432,0.02571715762506432,0.0001986526658583898
eeg-eye-state,CatBoost,1498,0.0006470860356479212,0.010574178733270599,0.010574178733270599,0.0023024056063512166,0.0023024056063512166,0.0020150237463302974,0.0020150237463302974,0.0013865417210633146,0.0013865417210633146,0.0019013236912482762,0.0019013236912482762,0.01792288600375536,0.01792288600375536,0.013689222260294056,0.013689222260294056,0.014181826715280817,0.014181826715280817,0.015264644993110076,0.015264644993110076,0.01792288600375536,0.01792288600375536,0.013689222260294056,0.013689222260294056,0.014181826715280817,0.014181826715280817,0.015264644993110076,0.015264644993110076,0.00022862499948435774
eeg-eye-state,ExtraTrees,1498,0.025988050043628134,0.1408774455347409,0.1408774455347409,0.02701878865241462,0.02701878865241462,0.026423498402422377,0.026423498402422377,0.025308171927208776,0.025308171927208776,0.026250152994015258,0.026250152994015258,0.1433244329064,0.1433244329064,0.13953716109863648,0.13953716109863648,0.13865153571013833,0.13865153571013833,0.14050437657172496,0.14050437657172496,0.1433244329064,0.1433244329064,0.13953716109863648,0.13953716109863648,0.13865153571013833,0.13865153571013833,0.14050437657172496,0.14050437657172496,0.0002312359999147399
eeg-eye-state,LightGBM,1498,0.0003252814603870711,0.007621748294114375,0.007621748294114375,0.0031016667361185393,0.0031016667361185393,0.0019910981274856156,0.0019910981274856156,0.0019517023894436263,0.0019517023894436263,0.002348155751015927,0.002348155751015927,0.017887363415488786,0.017887363415488786,0.012533586227322665,0.012533586227322665,0.009196508548988494,0.009196508548988494,0.013205819397266649,0.013205819397266649,0.017887363415488786,0.017887363415488786,0.012533586227322665,0.012533586227322665,0.009196508548988494,0.009196508548988494,0.013205819397266649,0.013205819397266649,0.00023243033380519287
eeg-eye-state,LinearModel,1498,0.001906843841220247,0.034798441667082375,0.034798441667082375,0.0024397003774582087,0.0024397003774582087,0.003595453851746786,0.003595453851746786,0.001425622371619533,0.001425622371619533,0.002486925533608176,0.002486925533608176,0.027310361396844618,0.027310361396844618,0.03825393051048306,0.03825393051048306,0.03108207645200601,0.03108207645200601,0.03221545611977789,0.03221545611977789,0.027310361396844618,0.027310361396844618,0.03825393051048306,0.03825393051048306,0.03108207645200601,0.03108207645200601,0.03221545611977789,0.03221545611977789,0.00024737500037493493
eeg-eye-state,NeuralNetFastAI,1498,0.00014542071119450184,0.008729747439853074,0.008729747439853074,0.002913796373088122,0.002913796373088122,0.0015690320852019331,0.0015690320852019331,0.0017650844069695187,0.0017650844069695187,0.0020826376217531915,0.0020826376217531915,0.037532068290704185,0.037532068290704185,0.02465999698066196,0.02465999698066196,0.027028392285707897,0.027028392285707897,0.02974015251902468,0.02974015251902468,0.037532068290704185,0.037532068290704185,0.02465999698066196,0.02465999698066196,0.027028392285707897,0.027028392285707897,0.02974015251902468,0.02974015251902468,0.00026088899903697893
eeg-eye-state,NeuralNetTorch,1498,0.00032580937256434893,0.00407839503036282,0.00407839503036282,0.0015715996989049922,0.0015715996989049922,0.0010786730007458524,0.0010786730007458524,0.0022909784259890734,0.0022909784259890734,0.0016470837085466393,0.0016470837085466393,0.009094499775261876,0.009094499775261876,0.0070139817719312965,0.0070139817719312965,0.007209885508452328,0.007209885508452328,0.007772789018548501,0.007772789018548501,0.009094499775261876,0.009094499775261876,0.0070139817719312965,0.0070139817719312965,0.007209885508452328,0.007209885508452328,0.007772789018548501,0.007772789018548501,0.0002370276658136087
eeg-eye-state,RandomForest,1498,0.02405895088331239,0.1358734397884756,0.1358734397884756,0.028100793768196866,0.028100793768196866,0.025418802683971124,0.025418802683971124,0.02343218990679268,0.02343218990679268,0.025650595452986886,0.025650595452986886,0.14167556783727783,0.14167556783727783,0.13777703647961834,0.13777703647961834,0.1349421455913431,0.1349421455913431,0.1381315833027464,0.1381315833027464,0.14167556783727783,0.14167556783727783,0.13777703647961834,0.13777703647961834,0.1349421455913431,0.1349421455913431,0.1381315833027464,0.1381315833027464,0.00029511100001400337
eeg-eye-state,XGBoost,1498,0.0003079101549047496,0.00688104010978535,0.00688104010978535,0.0013713596485915396,0.0013713596485915396,0.0007490630057929468,0.0007490630057929468,0.0014927593870616347,0.0014927593870616347,0.0012043940138153737,0.0012043940138153737,0.00903760453810235,0.00903760453810235,0.007568583190861643,0.007568583190861643,0.009313425785313795,0.009313425785313795,0.00863987117142593,0.00863987117142593,0.00903760453810235,0.00903760453810235,0.007568583190861643,0.007568583190861643,0.009313425785313795,0.009313425785313795,0.00863987117142593,0.00863987117142593,0.0002625833343093594
electricity,CatBoost,4532,0.00010843761911822794,0.004937411736887804,0.004937411736887804,0.0005315550391526641,0.0005315550391526641,0.0002191614169155118,0.0002191614169155118,0.000452040646386111,0.000452040646386111,0.00040091903415142893,0.00040091903415142893,0.008624792197210542,0.008624792197210542,0.0077738447434410884,0.0077738447434410884,0.01254868678400013,0.01254868678400013,0.009649107908217254,0.009649107908217254,0.008624792197210542,0.008624792197210542,0.0077738447434410884,0.0077738447434410884,0.01254868678400013,0.01254868678400013,0.009649107908217254,0.009649107908217254,0.000521361000816493
electricity,ExtraTrees,4532,0.007086258880093106,0.06942670523509689,0.06942670523509689,0.007300509996054753,0.007300509996054753,0.007634330102486554,0.007634330102486554,0.006528943156330121,0.006528943156330121,0.007154594418290476,0.007154594418290476,0.0735981165817162,0.0735981165817162,0.07360988423782701,0.07360988423782701,0.06572815426265688,0.06572815426265688,0.07097871836073337,0.07097871836073337,0.0735981165817162,0.0735981165817162,0.07360988423782701,0.07360988423782701,0.06572815426265688,0.06572815426265688,0.07097871836073337,0.07097871836073337,0.0005480693337934402
electricity,LightGBM,4532,0.00012710323371788613,0.005676105174072797,0.005676105174072797,0.0004765499213389546,0.0004765499213389546,0.0,-5.635184872094024e-05,0.0001722877231168566,0.0001722877231168566,0.00021627921481860374,0.00019749526524495697,0.0066234661087246,0.0066234661087246,0.006871880439856,0.006871880439856,0.004173015768351571,0.004173015768351571,0.0058894541056440574,0.0058894541056440574,0.0066234661087246,0.0066234661087246,0.006871880439856,0.006871880439856,0.004173015768351571,0.004173015768351571,0.0058894541056440574,0.0058894541056440574,0.0005242219995125197
electricity,LinearModel,4532,0.0004035558214285251,0.017008395915046364,0.017008395915046364,0.0010438576724830018,0.0010438576724830018,8.784205197056033e-05,8.784205197056033e-05,0.0,-5.531404993973041e-05,0.00037723324148452073,0.0003587952248379439,0.024096533604039086,0.024096533604039086,0.021438600537906086,0.021438600537906086,0.012770116346159646,0.012770116346159646,0.019435083496034938,0.019435083496034938,0.024096533604039086,0.024096533604039086,0.021438600537906086,0.021438600537906086,0.012770116346159646,0.012770116346159646,0.019435083496034938,0.019435083496034938,0.0005791946665946549
electricity,NeuralNetFastAI,4532,0.00033354277197180797,0.012777430792358987,0.012777430792358987,0.0006248168554089324,0.0006248168554089324,0.0008494924730115715,0.0008494924730115715,0.00038600953303107797,0.00038600953303107797,0.0006201062871505272,0.0006201062871505272,0.014060802715332488,0.014060802715332488,0.01701431991220837,0.01701431991220837,0.014778933098953288,0.014778933098953288,0.015284685242164716,0.015284685242164716,0.014060802715332488,0.014060802715332488,0.01701431991220837,0.01701431991220837,0.014778933098953288,0.014778933098953288,0.015284685242164716,0.015284685242164716,0.0005934719993092585
electricity,NeuralNetTorch,4532,0.0002008343004878142,0.012690960519868476,0.012690960519868476,0.0005028964388742653,0.0005028964388742653,0.0009186853079873853,0.0009186853079873853,0.000477852438378133,0.000477852438378133,0.0006331447284132612,0.0006331447284132612,0.014841543505772475,0.014841543505772475,0.016734342750997312,0.016734342750997312,0.01647722316856564,0.01647722316856564,0.016017703141778476,0.016017703141778476,0.014841543505772475,0.014841543505772475,0.016734342750997312,0.016734342750997312,0.01647722316856564,0.01647722316856564,0.016017703141778476,0.016017703141778476,0.000603139000304509
electricity,RandomForest,4532,0.004441776453166886,0.0496580173616181,0.0496580173616181,0.004185523041054017,0.004185523041054017,0.00449623739276509,0.00449623739276509,0.003442896804451408,0.003442896804451408,0.004041552412756838,0.004041552412756838,0.047936156658321745,0.047936156658321745,0.05057222597021117,0.05057222597021117,0.0445792873513113,0.0445792873513113,0.0476958899932814,0.0476958899932814,0.047936156658321745,0.047936156658321745,0.05057222597021117,0.05057222597021117,0.0445792873513113,0.0445792873513113,0.0476958899932814,0.0476958899932814,0.0005483749991981313
electricity,XGBoost,4532,4.8861021365858896e-05,0.0031008525334646356,0.0031008525334646356,0.00041679521709878954,0.00041679521709878954,0.00022174825432384485,0.00022174825432384485,0.00026833113449512935,0.00026833113449512935,0.0003022915353059213,0.0003022915353059213,0.008586067765596053,0.008586067765596053,0.010662200934108138,0.010662200934108138,0.007897589233911874,0.007897589233911874,0.009048619311205354,0.009048619311205354,0.008586067765596053,0.008586067765596053,0.010662200934108138,0.010662200934108138,0.007897589233911874,0.007897589233911874,0.009048619311205354,0.009048619311205354,0.000575888666692966
fried,CatBoost,4077,0.001154454166467346,0.022346031385042747,0.022346031385042747,0.0019012500887364905,0.0019012500887364905,0.0013626175043845565,0.0013626175043845565,0.001365014713206943,0.001365014713206943,0.0015429607687759965,0.0015429607687759965,0.027016480993617923,0.027016480993617923,0.020916653473030018,0.020916653473030018,0.022376644887104138,0.022376644887104138,0.023436593117917362,0.023436593117917362,0.027016480993617923,0.027016480993617923,0.020916653473030018,0.020916653473030018,0.022376644887104138,0.022376644887104138,0.023436593117917362,0.023436593117917362,0.0005073193339436936
fried,ExtraTrees,4077,0.006903059541016786,0.06332892553083012,0.06332892553083012,0.007279692637613002,0.007279692637613002,0.006252826965598945,0.006252826965598945,0.006961305672908623,0.006961305672908623,0.00683127509204019,0.00683127509204019,0.06745319137978373,0.06745319137978373,0.061811788387387365,0.061811788387387365,0.06578693392992419,0.06578693392992419,0.06501730456569843,0.06501730456569843,0.06745319137978373,0.06745319137978373,0.061811788387387365,0.061811788387387365,0.06578693392992419,0.06578693392992419,0.06501730456569843,0.06501730456569843,0.0004996666672620146
fried,LightGBM,4077,0.00026798282706437396,0.010261553242490265,0.010261553242490265,0.000751804804998924,0.000751804804998924,0.0005708422911542223,0.0005708422911542223,0.0008200142912323534,0.0008200142912323534,0.0007142204624618333,0.0007142204624618333,0.012296987663327676,0.012296987663327676,0.01509261200992678,0.01509261200992678,0.016298715844230493,0.016298715844230493,0.01456277183916165,0.01456277183916165,0.012296987663327676,0.012296987663327676,0.01509261200992678,0.01509261200992678,0.016298715844230493,0.016298715844230493,0.01456277183916165,0.01456277183916165,0.00048491666772558045
fried,LinearModel,4077,0.001254826499521398,0.029152005908696158,0.029152005908696158,0.0013135724893118107,0.0013135724893118107,0.0012412722872453636,0.0012412722872453636,0.0019643645899377385,0.0019643645899377385,0.0015064031221649708,0.0015064031221649708,0.029139431809434218,0.029139431809434218,0.02467440987080042,0.02467440987080042,0.03359232270067882,0.03359232270067882,0.02913538812697115,0.02913538812697115,0.029139431809434218,0.029139431809434218,0.02467440987080042,0.02467440987080042,0.03359232270067882,0.03359232270067882,0.02913538812697115,0.02913538812697115,0.0005365280000357112
fried,NeuralNetFastAI,4077,0.00012129928235200947,0.007206099160809135,0.007206099160809135,0.0008502712533041499,0.0008502712533041499,0.00016283400600432038,0.00016283400600432038,0.0008962893288861736,0.0008962893288861736,0.000636464862731548,0.000636464862731548,0.016078332773508456,0.016078332773508456,0.01003878493275335,0.01003878493275335,0.01459456009708407,0.01459456009708407,0.01357055926778196,0.01357055926778196,0.016078332773508456,0.016078332773508456,0.01003878493275335,0.01003878493275335,0.01459456009708407,0.01459456009708407,0.01357055926778196,0.01357055926778196,0.0004960969999956433
fried,NeuralNetTorch,4077,0.0007219724496050008,0.01778407569967757,0.01778407569967757,0.0013161673607289194,0.0013161673607289194,0.001053995852365864,0.001053995852365864,0.0015131050849799814,0.0015131050849799814,0.0012944227660249216,0.0012944227660249216,0.020778267235658225,0.020778267235658225,0.020943059406003436,0.020943059406003436,0.023714690198377342,0.023714690198377342,0.02181200561334633,0.02181200561334633,0.020778267235658225,0.020778267235658225,0.020943059406003436,0.020943059406003436,0.023714690198377342,0.023714690198377342,0.02181200561334633,0.02181200561334633,0.0004811250000784639
fried,RandomForest,4077,0.0036032137281073865,0.04565656378096693,0.04565656378096693,0.0034888892024417194,0.0034888892024417194,0.003595875160604413,0.003595875160604413,0.003969319982732744,0.003969319982732744,0.003684694781926292,0.003684694781926292,0.04285870762771323,0.04285870762771323,0.045001456633735636,0.045001456633735636,0.046202268868607156,0.046202268868607156,0.04468747771001868,0.04468747771001868,0.04285870762771323,0.04285870762771323,0.045001456633735636,0.045001456633735636,0.046202268868607156,0.046202268868607156,0.04468747771001868,0.04468747771001868,0.0005117916662129574
fried,XGBoost,4077,0.0002778545380507471,0.010808944365157695,0.010808944365157695,0.0005686494655041556,0.0005686494655041556,0.0010059232055584563,0.0010059232055584563,0.000721217945875782,0.000721217945875782,0.0007652635389794647,0.0007652635389794647,0.016291140129382216,0.016291140129382216,0.01644828906403901,0.01644828906403901,0.01429546541731551,0.01429546541731551,0.01567829820357891,0.01567829820357891,0.016291140129382216,0.016291140129382216,0.01644828906403901,0.01644828906403901,0.01429546541731551,0.01429546541731551,0.01567829820357891,0.01567829820357891,0.000481097333249636
houses,CatBoost,2064,1.4204701228638996e-05,0.001192008610834639,0.001192008610834639,0.0014775095537048644,0.0014775095537048644,0.0005136881434900326,0.0005136881434900326,0.001923739589619729,0.001923739589619729,0.0013049790956048753,0.0013049790956048753,0.007533250054064044,0.007533250054064044,0.0045256388539201,0.0045256388539201,0.007362242169457846,0.007362242169457846,0.00647371035914733,0.00647371035914733,0.007533250054064044,0.007533250054064044,0.0045256388539201,0.0045256388539201,0.007362242169457846,0.007362242169457846,0.00647371035914733,0.00647371035914733,0.0002755556670308579
houses,ExtraTrees,2064,0.00037951987919955944,0.007923446218264624,0.007923446218264624,0.001041225800083521,0.001041225800083521,0.0005154926542157783,0.0005154926542157783,0.001414517138317486,0.001414517138317486,0.0009904118642055952,0.0009904118642055952,0.009169896288013244,0.009169896288013244,0.009802971929113214,0.009802971929113214,0.00808139486453142,0.00808139486453142,0.00901808769388596,0.00901808769388596,0.009169896288013244,0.009169896288013244,0.009802971929113214,0.009802971929113214,0.00808139486453142,0.00808139486453142,0.00901808769388596,0.00901808769388596,0.0002734583322308026
houses,LightGBM,2064,1.3250593926179e-05,0.000957850827254587,0.000957850827254587,0.0011963692519193767,0.0011963692519193767,0.0006964827932890336,0.0006964827932890336,0.001105182751563284,0.001105182751563284,0.0009993449322572314,0.0009993449322572314,0.006797192537013229,0.006797192537013229,0.0032937667578780676,0.0032937667578780676,0.006917073246553233,0.006917073246553233,0.005669344180481509,0.005669344180481509,0.006797192537013229,0.006797192537013229,0.0032937667578780676,0.0032937667578780676,0.006917073246553233,0.006917073246553233,0.005669344180481509,0.005669344180481509,0.0002692220004973933
houses,LinearModel,2064,0.001905403901629658,0.018221830937356798,0.018221830937356798,0.0009801825619037763,0.0009801825619037763,0.0015476389423678947,0.0015476389423678947,0.001578068101971567,0.001578068101971567,0.001368629868747746,0.001368629868747746,0.006435784031819899,0.006435784031819899,0.007688650475788457,0.007688650475788457,0.013064963387277266,0.013064963387277266,0.009063132631628541,0.009063132631628541,0.006435784031819899,0.006435784031819899,0.007688650475788457,0.007688650475788457,0.013064963387277266,0.013064963387277266,0.009063132631628541,0.009063132631628541,0.00028195833268303733
houses,NeuralNetFastAI,2064,5.755704362879802e-05,0.0019120419770464242,0.0019120419770464242,0.0007911940526254747,0.0007911940526254747,0.0008632195511389962,0.0008632195511389962,0.0006374186769187795,0.0006374186769187795,0.0007639440935610836,0.0007639440935610836,0.006669517931875787,0.006669517931875787,0.00668214588362472,0.00668214588362472,0.005942947520514322,0.005942947520514322,0.006431537112004944,0.006431537112004944,0.006669517931875787,0.006669517931875787,0.00668214588362472,0.00668214588362472,0.005942947520514322,0.005942947520514322,0.006431537112004944,0.006431537112004944,0.0002709030001521266
houses,NeuralNetTorch,2064,0.000413800447970954,0.006170077965516859,0.006170077965516859,0.0010046547632537352,0.0010046547632537352,0.0019623457351058138,0.0019623457351058138,0.0014430354790671953,0.0014430354790671953,0.0014700119924755813,0.0014700119924755813,0.006101834814698292,0.006101834814698292,0.008649267244452457,0.008649267244452457,0.008717996259146515,0.008717996259146515,0.007823032772765755,0.007823032772765755,0.006101834814698292,0.006101834814698292,0.008649267244452457,0.008649267244452457,0.008717996259146515,0.008717996259146515,0.007823032772765755,0.007823032772765755,0.00028141666674249183
houses,RandomForest,2064,0.0002291509747290798,0.005750992408290283,0.005750992408290283,0.0013084720400192505,0.0013084720400192505,0.0009186420374050352,0.0009186420374050352,0.0013715375170462135,0.0013715375170462135,0.0011995505314901665,0.0011995505314901665,0.009427988166580619,0.009427988166580619,0.00868216559145141,0.00868216559145141,0.009439319344539766,0.009439319344539766,0.009183157700857265,0.009183157700857265,0.009427988166580619,0.009427988166580619,0.00868216559145141,0.00868216559145141,0.009439319344539766,0.009439319344539766,0.009183157700857265,0.009183157700857265,0.00027984733363458264
houses,XGBoost,2064,1.4119616642225715e-05,0.001111732412486931,0.001111732412486931,0.0013089208982326659,0.0013089208982326659,0.001460643057502766,0.001460643057502766,0.0013241382697517258,0.0013241382697517258,0.0013645674084957194,0.0013645674084957194,0.008498213760958606,0.008498213760958606,0.005397378181043692,0.005397378181043692,0.00861566832826463,0.00861566832826463,0.0075037534234223095,0.0075037534234223095,0.008498213760958606,0.008498213760958606,0.005397378181043692,0.005397378181043692,0.00861566832826463,0.00861566832826463,0.0075037534234223095,0.0075037534234223095,0.0002691109997006909
jm1,CatBoost,1089,0.0004593651716264114,0.016492085288474602,0.016492085288474602,0.004338350537612259,0.004338350537612259,0.0007788565303287258,0.0007788565303287258,0.0007286131525745055,0.0007286131525745055,0.0019486067401718302,0.0019486067401718302,0.032897716430866794,0.032897716430866794,0.022574755278500645,0.022574755278500645,0.029916335755909552,0.029916335755909552,0.028462935821759,0.028462935821759,0.032897716430866794,0.032897716430866794,0.022574755278500645,0.022574755278500645,0.029916335755909552,0.029916335755909552,0.028462935821759,0.028462935821759,0.0001990416676562745
jm1,ExtraTrees,1089,0.0010491897673640903,0.02842682492911783,0.02842682492911783,0.0022376764422077245,0.0022376764422077245,0.0009441256352754228,0.0009441256352754228,0.0012995918442982712,0.0012995918442982712,0.0014937979739271395,0.0014937979739271395,0.04375404330434216,0.04375404330434216,0.01901051377339025,0.01901051377339025,0.02002430510395262,0.02002430510395262,0.02759628739389501,0.02759628739389501,0.04375404330434216,0.04375404330434216,0.01901051377339025,0.01901051377339025,0.02002430510395262,0.02002430510395262,0.02759628739389501,0.02759628739389501,0.00022031966606543088
jm1,LightGBM,1089,0.0002128138158242075,0.013651963000085728,0.013651963000085728,0.0024198627860205135,0.0024198627860205135,0.0016254861304005293,0.0016254861304005293,0.0010677876268373947,0.0010677876268373947,0.0017043788477528125,0.0017043788477528125,0.027554194980854284,0.027554194980854284,0.02921844390798206,0.02921844390798206,0.01889518066159731,0.01889518066159731,0.025222606516811217,0.025222606516811217,0.027554194980854284,0.027554194980854284,0.02921844390798206,0.02921844390798206,0.01889518066159731,0.01889518066159731,0.025222606516811217,0.025222606516811217,0.0002016943338579343
jm1,LinearModel,1089,0.0004755464473911734,0.01843881275491144,0.01843881275491144,0.0020981001762058445,0.0020981001762058445,0.002556271991152236,0.002556271991152236,0.001503199604703832,0.001503199604703832,0.002052523924020638,0.002052523924020638,0.021333442953876174,0.021333442953876174,0.025136038335168493,0.025136038335168493,0.02250231011138666,0.02250231011138666,0.02299059713347711,0.02299059713347711,0.021333442953876174,0.021333442953876174,0.025136038335168493,0.025136038335168493,0.02250231011138666,0.02250231011138666,0.02299059713347711,0.02299059713347711,0.00020838866718501473
jm1,NeuralNetFastAI,1089,0.0008481313064926765,0.019026765100404797,0.019026765100404797,0.0025227017619947403,0.0025227017619947403,0.0021924964563058125,0.0021924964563058125,0.004073369029608635,0.004073369029608635,0.0029295224159697295,0.0029295224159697295,0.025036263812412026,0.025036263812412026,0.028442474899692094,0.028442474899692094,0.03979609616757589,0.03979609616757589,0.031091611626560003,0.031091611626560003,0.025036263812412026,0.025036263812412026,0.028442474899692094,0.028442474899692094,0.03979609616757589,0.03979609616757589,0.031091611626560003,0.031091611626560003,0.0002105556668539066
jm1,NeuralNetTorch,1089,0.0005744025831623151,0.021173878675078694,0.021173878675078694,0.0014235874544979944,0.0014235874544979944,0.0026367266760095156,0.0026367266760095156,0.0014890967582547447,0.0014890967582547447,0.0018498036295874181,0.0018498036295874181,0.01699445227116579,0.01699445227116579,0.03451229322101336,0.03451229322101336,0.021465674235551346,0.021465674235551346,0.024324139909243498,0.024324139909243498,0.01699445227116579,0.01699445227116579,0.03451229322101336,0.03451229322101336,0.021465674235551346,0.021465674235551346,0.024324139909243498,0.024324139909243498,0.00019431966696477806
jm1,RandomForest,1089,0.0009024565193582983,0.02430348862947116,0.02430348862947116,0.0035379583113501153,0.0035379583113501153,0.0,-0.0001152401427526762,0.002248017122949782,0.002248017122949782,0.0019286584780999656,0.001890245097182407,0.04007053650562635,0.04007053650562635,0.0,-0.0013153843820172886,0.027576032902241948,0.027576032902241948,0.022548856469289433,0.022110395008617,0.04007053650562635,0.04007053650562635,0.0,-0.0013153843820172886,0.027576032902241948,0.027576032902241948,0.022548856469289433,0.022110395008617,0.00020081966673994126
jm1,XGBoost,1089,0.00032598756892539385,0.015437645146655752,0.015437645146655752,0.0026760607075782664,0.0026760607075782664,0.001788932257438048,0.001788932257438048,0.0002878392024023948,0.0002878392024023948,0.0015842773891395698,0.0015842773891395698,0.025496594216144336,0.025496594216144336,0.0331767225523434,0.0331767225523434,0.0,-0.007308840920979326,0.01955777225616258,0.01712149194916947,0.025496594216144336,0.025496594216144336,0.0331767225523434,0.0331767225523434,0.0,-0.007308840920979326,0.01955777225616258,0.01712149194916947,0.0001986110000871122
kdd_internet_usage,CatBoost,1011,0.00011989314943202964,0.008030440630033128,0.008030440630033128,0.003971162991104356,0.003971162991104356,0.0059935063712356134,0.0059935063712356134,0.0024126587206667023,0.0024126587206667023,0.00412577602766889,0.00412577602766889,0.03012259652399164,0.03012259652399164,0.03745415138205537,0.03745415138205537,0.027180318241044474,0.027180318241044474,0.03158568871569716,0.03158568871569716,0.03012259652399164,0.03012259652399164,0.03745415138205537,0.03745415138205537,0.027180318241044474,0.027180318241044474,0.03158568871569716,0.03158568871569716,0.000192708333391541
kdd_internet_usage,ExtraTrees,1011,0.002305234841809879,0.034895905272840685,0.034895905272840685,0.0029077215307756685,0.0029077215307756685,0.005264289382940428,0.005264289382940428,0.006281842410107929,0.006281842410107929,0.004817951107941342,0.004817951107941342,0.027909046378832205,0.027909046378832205,0.045789402404693084,0.045789402404693084,0.05386696081568174,0.05386696081568174,0.042521803199735676,0.042521803199735676,0.027909046378832205,0.027909046378832205,0.045789402404693084,0.045789402404693084,0.05386696081568174,0.05386696081568174,0.042521803199735676,0.042521803199735676,0.00018751399935960458
kdd_internet_usage,LightGBM,1011,0.00019709012292062653,0.011555293486926854,0.011555293486926854,0.0024180100532216657,0.0024180100532216657,0.0027847585066921136,0.0027847585066921136,0.0010308175183373872,0.0010308175183373872,0.002077862026083722,0.002077862026083722,0.028170647864662016,0.028170647864662016,0.023764472305093008,0.023764472305093008,0.0255706451808376,0.0255706451808376,0.02583525511686421,0.02583525511686421,0.028170647864662016,0.028170647864662016,0.023764472305093008,0.023764472305093008,0.0255706451808376,0.0255706451808376,0.02583525511686421,0.02583525511686421,0.00019226366566726938
kdd_internet_usage,LinearModel,1011,0.0005205022132861698,0.013718643449135908,0.013718643449135908,0.0006853516311093083,0.0006853516311093083,0.0008844798026258821,0.0008844798026258821,0.002998043345285358,0.002998043345285358,0.001522624926340183,0.001522624926340183,0.015641408671461476,0.015641408671461476,0.009466209719030807,0.009466209719030807,0.02379872533678781,0.02379872533678781,0.01630211457576003,0.01630211457576003,0.015641408671461476,0.015641408671461476,0.009466209719030807,0.009466209719030807,0.02379872533678781,0.02379872533678781,0.01630211457576003,0.01630211457576003,0.00020694466608498865
kdd_internet_usage,NeuralNetFastAI,1011,0.0006063670016805417,0.013139750460642008,0.013139750460642008,0.0025377794410373377,0.0025377794410373377,0.001922698000165009,0.001922698000165009,0.0019978600662439176,0.0019978600662439176,0.0021527791691487545,0.0021527791691487545,0.02583918238943489,0.02583918238943489,0.020206826114101274,0.020206826114101274,0.02024372820417709,0.02024372820417709,0.022096578902571083,0.022096578902571083,0.02583918238943489,0.02583918238943489,0.020206826114101274,0.020206826114101274,0.02024372820417709,0.02024372820417709,0.022096578902571083,0.022096578902571083,0.0001872776665550191
kdd_internet_usage,NeuralNetTorch,1011,0.0004818589126725466,0.01775397100298975,0.01775397100298975,0.0012895264086314599,0.0012895264086314599,0.0016858291567836835,0.0016858291567836835,0.003316127453481258,0.003316127453481258,0.0020971610062988006,0.0020971610062988006,0.025521812031255586,0.025521812031255586,0.02818323766262732,0.02818323766262732,0.03718367804594441,0.03718367804594441,0.03029624257994244,0.03029624257994244,0.025521812031255586,0.025521812031255586,0.02818323766262732,0.02818323766262732,0.03718367804594441,0.03718367804594441,0.03029624257994244,0.03029624257994244,0.00018825000006472692
kdd_internet_usage,RandomForest,1011,0.0014103647049324539,0.026669656403356303,0.026669656403356303,0.003821990027479976,0.003821990027479976,0.0022794631961966707,0.0022794631961966707,0.003569259408389479,0.003569259408389479,0.003223570877355375,0.003223570877355375,0.03720000417339758,0.03720000417339758,0.03162458209004474,0.03162458209004474,0.0399480875813873,0.0399480875813873,0.036257557948276536,0.036257557948276536,0.03720000417339758,0.03720000417339758,0.03162458209004474,0.03162458209004474,0.0399480875813873,0.0399480875813873,0.036257557948276536,0.036257557948276536,0.00018872233340516686
kdd_internet_usage,XGBoost,1011,0.0002602774634580257,0.011638285660769415,0.011638285660769415,0.001589695726446446,0.001589695726446446,0.0006639801823614324,0.0006639801823614324,0.004313522267635181,0.004313522267635181,0.002189066058814353,0.002189066058814353,0.019414917074082168,0.019414917074082168,0.01926375088836025,0.01926375088836025,0.035986896726011706,0.035986896726011706,0.02488852156281804,0.02488852156281804,0.019414917074082168,0.019414917074082168,0.01926375088836025,0.01926375088836025,0.035986896726011706,0.035986896726011706,0.02488852156281804,0.02488852156281804,0.0001887500002339948
kick,CatBoost,7299,0.0003284324724235084,0.01568537063988908,0.01568537063988908,0.0003833738329952591,0.0003833738329952591,0.00022469665212943138,0.00022469665212943138,0.0002980488768384557,0.0002980488768384557,0.00030203978732104873,0.00030203978732104873,0.0106611039798226,0.0106611039798226,0.01540514632838378,0.01540514632838378,0.014120977037725479,0.014120977037725479,0.013395742448643952,0.013395742448643952,0.0106611039798226,0.0106611039798226,0.01540514632838378,0.01540514632838378,0.014120977037725479,0.014120977037725479,0.013395742448643952,0.013395742448643952,0.0007700833327059323
kick,ExtraTrees,7299,0.0007693803283363651,0.022206391086151307,0.022206391086151307,0.0005311751493168723,0.0005311751493168723,0.0008913714888414012,0.0008913714888414012,0.000717619622977773,0.000717619622977773,0.0007133887537120156,0.0007133887537120156,0.01968588828914606,0.01968588828914606,0.024466981006677165,0.024466981006677165,0.016206503604535197,0.016206503604535197,0.02011979096678614,0.02011979096678614,0.01968588828914606,0.01968588828914606,0.024466981006677165,0.024466981006677165,0.016206503604535197,0.016206503604535197,0.02011979096678614,0.02011979096678614,0.0007593610001398096
kick,LightGBM,7299,0.000758403691047608,0.0190159195066514,0.0190159195066514,0.0010391917987172628,0.0010391917987172628,0.0009695786336674282,0.0009695786336674282,0.000729771184864898,0.000729771184864898,0.0009128472057498629,0.0009128472057498629,0.019113377462215093,0.019113377462215093,0.019752035363612905,0.019752035363612905,0.01716356169439292,0.01716356169439292,0.01867632484007364,0.01867632484007364,0.019113377462215093,0.019113377462215093,0.019752035363612905,0.019752035363612905,0.01716356169439292,0.01716356169439292,0.01867632484007364,0.01867632484007364,0.0007780696663151806
kick,LinearModel,7299,0.0005939979673438714,0.01760061161563192,0.01760061161563192,0.0006579598977103669,0.0006579598977103669,0.0008524386851559909,0.0008524386851559909,0.0009137976799364235,0.0009137976799364235,0.0008080654209342604,0.0008080654209342604,0.018129097268807445,0.018129097268807445,0.017674233763245707,0.017674233763245707,0.01796126374783134,0.01796126374783134,0.01792153159329483,0.01792153159329483,0.018129097268807445,0.018129097268807445,0.017674233763245707,0.017674233763245707,0.01796126374783134,0.01796126374783134,0.01792153159329483,0.01792153159329483,0.0007745556661878558
kick,NeuralNetFastAI,7299,0.0005771733416787403,0.017684241476468614,0.017684241476468614,0.0006844373458789869,0.0006844373458789869,0.0004102259372701864,0.0004102259372701864,0.0010597830732950802,0.0010597830732950802,0.0007181487854814178,0.0007181487854814178,0.020766208468854595,0.020766208468854595,0.014680298209046951,0.014680298209046951,0.020111643177741566,0.020111643177741566,0.01851938328521437,0.01851938328521437,0.020766208468854595,0.020766208468854595,0.014680298209046951,0.014680298209046951,0.020111643177741566,0.020111643177741566,0.01851938328521437,0.01851938328521437,0.0007796803329256363
kick,NeuralNetTorch,7299,0.00023458592068901205,0.013487245802634747,0.013487245802634747,0.0001381374111739684,0.0001381374111739684,0.00016890286817873777,0.00016890286817873777,0.00017719773381352045,0.00017719773381352045,0.00016141267105540888,0.00016141267105540888,0.012704184468549012,0.012704184468549012,0.013091412267971395,0.013091412267971395,0.013814746221496324,0.013814746221496324,0.013203447652672243,0.013203447652672243,0.012704184468549012,0.012704184468549012,0.013091412267971395,0.013091412267971395,0.013814746221496324,0.013814746221496324,0.013203447652672243,0.013203447652672243,0.0007792636667242429
kick,RandomForest,7299,0.002828115379297646,0.03225391854775516,0.03225391854775516,0.0023689951134289637,0.0023689951134289637,0.0030677003450879916,0.0030677003450879916,0.0026971947338592906,0.0026971947338592906,0.002711296730792082,0.002711296730792082,0.03310610945350556,0.03310610945350556,0.03440298195907282,0.03440298195907282,0.03208431141588932,0.03208431141588932,0.03319780094282257,0.03319780094282257,0.03310610945350556,0.03310610945350556,0.03440298195907282,0.03440298195907282,0.03208431141588932,0.03208431141588932,0.03319780094282257,0.03319780094282257,0.0007647499999923942
kick,XGBoost,7299,0.00046227426086040705,0.018060586153021627,0.018060586153021627,0.0007368713801447183,0.0007368713801447183,0.00035854397710589886,0.00035854397710589886,0.00031177573715142207,0.00031177573715142207,0.00046906369813401303,0.00046906369813401303,0.01777702348442282,0.01777702348442282,0.014437162092256414,0.014437162092256414,0.013100309170484502,0.013100309170484502,0.015104831582387915,0.015104831582387915,0.01777702348442282,0.01777702348442282,0.014437162092256414,0.014437162092256414,0.013100309170484502,0.013100309170484502,0.015104831582387915,0.015104831582387915,0.0007742499995705051
mammography,CatBoost,1119,0.0003067871709737866,0.002987250300573251,0.002987250300573251,0.0016082344128420833,0.0016082344128420833,0.000530994031408031,0.000530994031408031,0.0012888406479360476,0.0012888406479360476,0.0011426896973953872,0.0011426896973953872,0.007421209187494931,0.007421209187494931,0.0025729507323050387,0.0025729507323050387,0.0034356349505229944,0.0034356349505229944,0.004476598290107655,0.004476598290107655,0.007421209187494931,0.007421209187494931,0.0025729507323050387,0.0025729507323050387,0.0034356349505229944,0.0034356349505229944,0.004476598290107655,0.004476598290107655,0.0001925973325948386
mammography,ExtraTrees,1119,0.0009083719555935277,0.00982183899564482,0.00982183899564482,0.0020687374351746075,0.0020687374351746075,0.0019566672856265637,0.0019566672856265637,0.0021099883314308955,0.0021099883314308955,0.002045131017410689,0.002045131017410689,0.011759820349359316,0.011759820349359316,0.013847020496130253,0.013847020496130253,0.009105887204420661,0.009105887204420661,0.011570909349970076,0.011570909349970076,0.011759820349359316,0.011759820349359316,0.013847020496130253,0.013847020496130253,0.009105887204420661,0.009105887204420661,0.011570909349970076,0.011570909349970076,0.0001871249999870391
mammography,LightGBM,1119,0.00031100477806888605,0.004549416189807716,0.004549416189807716,0.002762573702786847,0.002762573702786847,0.002443784097515751,0.002443784097515751,0.001275533835877022,0.001275533835877022,0.002160630545393207,0.002160630545393207,0.008290416420203525,0.008290416420203525,0.011461582433072794,0.011461582433072794,0.0045304780901294,0.0045304780901294,0.00809415898113524,0.00809415898113524,0.008290416420203525,0.008290416420203525,0.011461582433072794,0.011461582433072794,0.0045304780901294,0.0045304780901294,0.00809415898113524,0.00809415898113524,0.00018816666609685248
mammography,LinearModel,1119,0.00047097862035540007,0.0075422727862264815,0.0075422727862264815,0.0029789120325142346,0.0029789120325142346,0.0012385592853738575,0.0012385592853738575,0.0028330184729528996,0.0028330184729528996,0.002350163263613664,0.002350163263613664,0.010801263635167379,0.010801263635167379,0.01253318261840207,0.01253318261840207,0.010516633868600236,0.010516633868600236,0.011283693374056561,0.011283693374056561,0.010801263635167379,0.010801263635167379,0.01253318261840207,0.01253318261840207,0.010516633868600236,0.010516633868600236,0.011283693374056561,0.011283693374056561,0.00018915266628027894
mammography,NeuralNetFastAI,1119,0.00021599745896071988,0.0038140064351425873,0.0038140064351425873,0.0024017790936155083,0.0024017790936155083,0.0013772396306016704,0.0013772396306016704,0.0015209148960557567,0.0015209148960557567,0.0017666445400909784,0.0017666445400909784,0.009144402631513702,0.009144402631513702,0.00730356391348291,0.00730356391348291,0.005068626603693556,0.005068626603693556,0.007172197716230056,0.007172197716230056,0.009144402631513702,0.009144402631513702,0.00730356391348291,0.00730356391348291,0.005068626603693556,0.005068626603693556,0.007172197716230056,0.007172197716230056,0.00018706933284799257
mammography,NeuralNetTorch,1119,0.0002914973659975757,0.004787277400137917,0.004787277400137917,0.0032009598534216287,0.0032009598534216287,0.0011411906476356311,0.0011411906476356311,0.0012739509561907603,0.0012739509561907603,0.0018720338190826734,0.0018720338190826734,0.011373114045675758,0.011373114045675758,0.006835056494865363,0.006835056494865363,0.0056158107307289415,0.0056158107307289415,0.007941327090423354,0.007941327090423354,0.011373114045675758,0.011373114045675758,0.006835056494865363,0.006835056494865363,0.0056158107307289415,0.0056158107307289415,0.007941327090423354,0.007941327090423354,0.0002129446669035436
mammography,RandomForest,1119,0.0009077515840056415,0.010416327105699756,0.010416327105699756,0.0009493562587085406,0.0009493562587085406,0.0011813245341024381,0.0011813245341024381,0.001587493000272133,0.001587493000272133,0.001239391264361037,0.001239391264361037,0.011471592002238955,0.011471592002238955,0.011612885678251384,0.011612885678251384,0.010015932188061103,0.010015932188061103,0.011033469956183812,0.011033469956183812,0.011471592002238955,0.011471592002238955,0.011612885678251384,0.011612885678251384,0.010015932188061103,0.010015932188061103,0.011033469956183812,0.011033469956183812,0.00018651399902106883
mammography,XGBoost,1119,0.00038680258371852957,0.004986199969852342,0.004986199969852342,0.0030211623068407273,0.0030211623068407273,0.0013236329574413622,0.0013236329574413622,0.0011902840437761188,0.0011902840437761188,0.0018450264360194027,0.0018450264360194027,0.01067961261644535,0.01067961261644535,0.007054047291847471,0.007054047291847471,0.001066922800920461,0.001066922800920461,0.0062668609030710936,0.0062668609030710936,0.01067961261644535,0.01067961261644535,0.007054047291847471,0.007054047291847471,0.001066922800920461,0.001066922800920461,0.0062668609030710936,0.0062668609030710936,0.00018733333248140602
mc1,CatBoost,947,8.474567040156436e-05,0.001448690264707574,0.001448690264707574,6.592424769256993e-07,6.592424769256993e-07,6.8697305933532415e-06,6.8697305933532415e-06,0.0001038202993820492,0.0001038202993820492,3.711642415077605e-05,3.711642415077605e-05,0.00041393178166381997,0.00041393178166381997,0.0,-0.003644669209313141,0.002525864199826439,0.002525864199826439,0.0009799319938300862,-0.00023495774260762748,0.00041393178166381997,0.00041393178166381997,0.0,-0.003644669209313141,0.002525864199826439,0.002525864199826439,0.0009799319938300862,-0.00023495774260762748,0.0001754306661799395
mc1,ExtraTrees,947,0.00010842411057971378,0.00240776792749526,0.00240776792749526,0.0005487762100874937,0.0005487762100874937,0.0006454083924166601,0.0006454083924166601,0.0014905675886709123,0.0014905675886709123,0.0008949173970583553,0.0008949173970583553,0.0040585644988994285,0.0040585644988994285,0.002376069868833956,0.002376069868833956,0.007226463126143357,0.007226463126143357,0.004553699164625581,0.004553699164625581,0.0040585644988994285,0.0040585644988994285,0.002376069868833956,0.002376069868833956,0.007226463126143357,0.007226463126143357,0.004553699164625581,0.004553699164625581,0.00017208333398836354
mc1,LightGBM,947,9.440718488325625e-05,0.002233540501656573,0.002233540501656573,0.0001292061550992136,0.0001292061550992136,0.0,-9.214944300543163e-05,0.0007736588403274156,0.0007736588403274156,0.00030095499847554306,0.00027023851747373255,0.002990737264774791,0.002990737264774791,0.0,-0.005678892602203384,0.003886258978322404,0.003886258978322404,0.0022923320810323985,0.000399367880297937,0.002990737264774791,0.002990737264774791,0.0,-0.005678892602203384,0.003886258978322404,0.003886258978322404,0.0022923320810323985,0.000399367880297937,0.00017109700032354644
mc1,LinearModel,947,0.00014638436646146276,0.0026338506459625682,0.0026338506459625682,0.0004548256232775479,0.0004548256232775479,0.00032313938685828636,0.00032313938685828636,0.0006204255681510943,0.0006204255681510943,0.0004661301927623095,0.0004661301927623095,0.003326435655855691,0.003326435655855691,0.0009795907340446764,0.0009795907340446764,0.0040755782809858455,0.0040755782809858455,0.002793868223628737,0.002793868223628737,0.003326435655855691,0.003326435655855691,0.0009795907340446764,0.0009795907340446764,0.0040755782809858455,0.0040755782809858455,0.002793868223628737,0.002793868223628737,0.00018852799985324964
mc1,NeuralNetFastAI,947,0.0002510707807121435,0.0026250846864085877,0.0026250846864085877,0.000342296774644098,0.000342296774644098,0.0005101755918401626,0.0005101755918401626,0.00034091918547747915,0.00034091918547747915,0.0003977971839872466,0.0003977971839872466,0.0013617334078995362,0.0013617334078995362,0.0027542668539312755,0.0027542668539312755,0.003858122243737529,0.003858122243737529,0.002658040835189447,0.002658040835189447,0.0013617334078995362,0.0013617334078995362,0.0027542668539312755,0.0027542668539312755,0.003858122243737529,0.003858122243737529,0.002658040835189447,0.002658040835189447,0.00017390266657457687
mc1,NeuralNetTorch,947,0.00010110961490308469,0.002626690070216347,0.002626690070216347,0.0005151302640096382,0.0005151302640096382,0.0,-0.0002235675605441919,0.0004057128715540172,0.0004057128715540172,0.0003069477118545518,0.0002324251916731545,0.0037574663879936976,0.0037574663879936976,0.0,-0.0008638079127008626,0.004529789166836467,0.004529789166836467,0.0027624185182767214,0.0024744825473764337,0.0037574663879936976,0.0037574663879936976,0.0,-0.0008638079127008626,0.004529789166836467,0.004529789166836467,0.0027624185182767214,0.0024744825473764337,0.00017462500060598055
mc1,RandomForest,947,5.816639252468534e-05,0.002580967733421892,0.002580967733421892,0.0006539901814674763,0.0006539901814674763,0.00033242635956857,0.00033242635956857,0.00040375282373368316,0.00040375282373368316,0.0004633897882565764,0.0004633897882565764,0.004426785746409271,0.004426785746409271,0.002356412407186769,0.002356412407186769,0.0056305542854640026,0.0056305542854640026,0.004137917479686681,0.004137917479686681,0.004426785746409271,0.004426785746409271,0.002356412407186769,0.002356412407186769,0.0056305542854640026,0.0056305542854640026,0.004137917479686681,0.004137917479686681,0.00017363899920989448
mc1,XGBoost,947,6.719166348136656e-05,0.0017722229712900024,0.0017722229712900024,0.0003795954219997459,0.0003795954219997459,0.00012139401028204107,0.00012139401028204107,0.0012935186180566922,0.0012935186180566922,0.0005981693501128264,0.0005981693501128264,0.0022422131423866956,0.0022422131423866956,0.0,-0.0031320449980733072,0.0054101117696306236,0.0054101117696306236,0.00255077497067244,0.0015067599713146707,0.0022422131423866956,0.0022422131423866956,0.0,-0.0031320449980733072,0.0054101117696306236,0.0054101117696306236,0.00255077497067244,0.0015067599713146707,0.00017213899991475046
mozilla4,CatBoost,1555,0.00010475732649914228,0.004283992180305419,0.004283992180305419,0.0011857758079627328,0.0011857758079627328,0.0025463787674465865,0.0025463787674465865,0.0010827752234917754,0.0010827752234917754,0.001604976599633698,0.001604976599633698,0.015035143017897441,0.015035143017897441,0.015979457948497425,0.015979457948497425,0.017385990385807806,0.017385990385807806,0.016133530450734224,0.016133530450734224,0.015035143017897441,0.015035143017897441,0.015979457948497425,0.015979457948497425,0.017385990385807806,0.017385990385807806,0.016133530450734224,0.016133530450734224,0.0002325696671808449
mozilla4,ExtraTrees,1555,0.0009227105781339121,0.019337496672612108,0.019337496672612108,0.0019323674449947478,0.0019323674449947478,0.002417604504336918,0.002417604504336918,0.00247972779841192,0.00247972779841192,0.0022765665825811954,0.0022765665825811954,0.024287248080913756,0.024287248080913756,0.02369560639724327,0.02369560639724327,0.02579635483425386,0.02579635483425386,0.024593069770803628,0.024593069770803628,0.024287248080913756,0.024287248080913756,0.02369560639724327,0.02369560639724327,0.02579635483425386,0.02579635483425386,0.024593069770803628,0.024593069770803628,0.00023209733262774535
mozilla4,LightGBM,1555,0.000159472009788727,0.00936400598354699,0.00936400598354699,0.0003061249817090695,0.0003061249817090695,0.0019598423894402117,0.0019598423894402117,0.002129803248951673,0.002129803248951673,0.0014652568733669847,0.0014652568733669847,0.010601024857611422,0.010601024857611422,0.01200399002647237,0.01200399002647237,0.012112402822822332,0.012112402822822332,0.011572472568968708,0.011572472568968708,0.010601024857611422,0.010601024857611422,0.01200399002647237,0.01200399002647237,0.012112402822822332,0.012112402822822332,0.011572472568968708,0.011572472568968708,0.00022770833311369643
mozilla4,LinearModel,1555,0.00220445800765884,0.015876230313230686,0.015876230313230686,0.002206856612683603,0.002206856612683603,0.0024282984779789387,0.0024282984779789387,0.003337643598684708,0.003337643598684708,0.00265759956311575,0.00265759956311575,0.01063960184339837,0.01063960184339837,0.017180400371033164,0.017180400371033164,0.018379000311360753,0.018379000311360753,0.015399667508597429,0.015399667508597429,0.01063960184339837,0.01063960184339837,0.017180400371033164,0.017180400371033164,0.018379000311360753,0.018379000311360753,0.015399667508597429,0.015399667508597429,0.00023080566703962782
mozilla4,NeuralNetFastAI,1555,0.0010055261190156874,0.020562476577339065,0.020562476577339065,0.0018439815535708202,0.0018439815535708202,0.004419664755663367,0.004419664755663367,0.00245064727313528,0.00245064727313528,0.002904764527456489,0.002904764527456489,0.02297465171293622,0.02297465171293622,0.03086517211349256,0.03086517211349256,0.02553681266101802,0.02553681266101802,0.026458878829148935,0.026458878829148935,0.02297465171293622,0.02297465171293622,0.03086517211349256,0.03086517211349256,0.02553681266101802,0.02553681266101802,0.026458878829148935,0.026458878829148935,0.000234472000253542
mozilla4,NeuralNetTorch,1555,0.0007979974933060649,0.013448329768381714,0.013448329768381714,0.002807560717217887,0.002807560717217887,0.0017658020636259616,0.0017658020636259616,0.001428497974859853,0.001428497974859853,0.002000620251901234,0.002000620251901234,0.022327337723282343,0.022327337723282343,0.01901605287815025,0.01901605287815025,0.014857042631365067,0.014857042631365067,0.018733477744265887,0.018733477744265887,0.022327337723282343,0.022327337723282343,0.01901605287815025,0.01901605287815025,0.014857042631365067,0.014857042631365067,0.018733477744265887,0.018733477744265887,0.00023165299959752397
mozilla4,RandomForest,1555,0.0006578447157407265,0.014748294860964668,0.014748294860964668,0.0017395090919405923,0.0017395090919405923,0.002336694067507746,0.002336694067507746,0.0035377729480916445,0.0035377729480916445,0.0025379920358466613,0.0025379920358466613,0.021487674456077757,0.021487674456077757,0.014715970601059999,0.014715970601059999,0.03058949538725174,0.03058949538725174,0.02226438014812983,0.02226438014812983,0.021487674456077757,0.021487674456077757,0.014715970601059999,0.014715970601059999,0.03058949538725174,0.03058949538725174,0.02226438014812983,0.02226438014812983,0.00022948600114129172
mozilla4,XGBoost,1555,0.00013384213959910505,0.004527395625543843,0.004527395625543843,0.0011023976558291934,0.0011023976558291934,0.0014128062978346803,0.0014128062978346803,0.0010271188146584258,0.0010271188146584258,0.001180774256107433,0.001180774256107433,0.016470684532889905,0.016470684532889905,0.012286345977047938,0.012286345977047938,0.012691664844403235,0.012691664844403235,0.013816231784780359,0.013816231784780359,0.016470684532889905,0.016470684532889905,0.012286345977047938,0.012286345977047938,0.012691664844403235,0.012691664844403235,0.013816231784780359,0.013816231784780359,0.00023059700106387027
nomao,CatBoost,3447,0.00014470361669024728,0.003625955038653568,0.003625955038653568,0.0009764840242206266,0.0009764840242206266,0.0007014569021142888,0.0007014569021142888,0.0011092026284048595,0.0011092026284048595,0.0009290478515799249,0.0009290478515799249,0.005655624400212997,0.005655624400212997,0.003743893340000176,0.003743893340000176,0.007071799597650079,0.007071799597650079,0.005490439112621083,0.005490439112621083,0.005655624400212997,0.005655624400212997,0.003743893340000176,0.003743893340000176,0.007071799597650079,0.007071799597650079,0.005490439112621083,0.005490439112621083,0.0003853886664728634
nomao,ExtraTrees,3447,0.0017768789407561548,0.022720582999909377,0.022720582999909377,0.002162530319482211,0.002162530319482211,0.002312729371589405,0.002312729371589405,0.0019000021274934373,0.0019000021274934373,0.0021250872728550176,0.0021250872728550176,0.025618055664475177,0.025618055664475177,0.02586561348410834,0.02586561348410834,0.021088512228142058,0.021088512228142058,0.024190727125575195,0.024190727125575195,0.025618055664475177,0.025618055664475177,0.02586561348410834,0.02586561348410834,0.021088512228142058,0.021088512228142058,0.024190727125575195,0.024190727125575195,0.0003967916672991123
nomao,LightGBM,3447,2.7357595544002276e-05,0.002103834546971972,0.002103834546971972,0.000739977769525394,0.000739977769525394,0.00090878569604103,0.00090878569604103,0.000494181661731316,0.000494181661731316,0.0007143150424325801,0.0007143150424325801,0.005143143617843446,0.005143143617843446,0.003268745840751186,0.003268745840751186,0.004080095486155162,0.004080095486155162,0.004163994981583264,0.004163994981583264,0.005143143617843446,0.005143143617843446,0.003268745840751186,0.003268745840751186,0.004080095486155162,0.004080095486155162,0.004163994981583264,0.004163994981583264,0.0003822640004121543
nomao,LinearModel,3447,7.56566533120852e-05,0.004612081453781588,0.004612081453781588,0.0006414601891158206,0.0006414601891158206,0.0007564510602725029,0.0007564510602725029,0.0006672173148562816,0.0006672173148562816,0.0006883761880815351,0.0006883761880815351,0.010914838618548134,0.010914838618548134,0.011005404229887628,0.011005404229887628,0.008841092756846747,0.008841092756846747,0.01025377853509417,0.01025377853509417,0.010914838618548134,0.010914838618548134,0.011005404229887628,0.011005404229887628,0.008841092756846747,0.008841092756846747,0.01025377853509417,0.01025377853509417,0.00039850000030128285
nomao,NeuralNetFastAI,3447,8.557584359431473e-05,0.004501180151485815,0.004501180151485815,0.000810297072724345,0.000810297072724345,8.62431205749038e-05,8.62431205749038e-05,0.0,-3.4306331771550597e-06,0.00029884673109974955,0.00029770318670736454,0.00757432577944804,0.00757432577944804,0.0026390874798209265,0.0026390874798209265,0.001426422521879397,0.001426422521879397,0.003879945260382788,0.003879945260382788,0.00757432577944804,0.00757432577944804,0.0026390874798209265,0.0026390874798209265,0.001426422521879397,0.001426422521879397,0.003879945260382788,0.003879945260382788,0.0004239026663223437
nomao,NeuralNetTorch,3447,9.360997247336185e-05,0.00656317371732796,0.00656317371732796,0.0007775318035694488,0.0007775318035694488,0.000968410597600638,0.000968410597600638,0.0007357968825485377,0.0007357968825485377,0.0008272464279062081,0.0008272464279062081,0.008079259295472057,0.008079259295472057,0.006841415848271191,0.006841415848271191,0.013566662677722325,0.013566662677722325,0.009495779273821857,0.009495779273821857,0.008079259295472057,0.008079259295472057,0.006841415848271191,0.006841415848271191,0.013566662677722325,0.013566662677722325,0.009495779273821857,0.009495779273821857,0.0004235693328761651
nomao,RandomForest,3447,0.00211467999050397,0.025183486880836287,0.025183486880836287,0.003128069254855043,0.003128069254855043,0.0019420511343941251,0.0019420511343941251,0.002083350111349434,0.002083350111349434,0.002384490166866201,0.002384490166866201,0.02826318647663836,0.02826318647663836,0.024222957858157083,0.024222957858157083,0.02298108313566607,0.02298108313566607,0.02515574249015384,0.02515574249015384,0.02826318647663836,0.02826318647663836,0.024222957858157083,0.024222957858157083,0.02298108313566607,0.02298108313566607,0.02515574249015384,0.02515574249015384,0.00042700000024827506
nomao,XGBoost,3447,9.556992200958155e-06,0.0014441128888325516,0.0014441128888325516,0.0009976042781982514,0.0009976042781982514,0.000442314727411843,0.000442314727411843,0.0003300431801259438,0.0003300431801259438,0.000589987395245346,0.000589987395245346,0.0064477565710660475,0.0064477565710660475,0.005330472272274556,0.005330472272274556,0.0036906482110288354,0.0036906482110288354,0.005156292351456479,0.005156292351456479,0.0064477565710660475,0.0064477565710660475,0.005330472272274556,0.005330472272274556,0.0036906482110288354,0.0036906482110288354,0.005156292351456479,0.005156292351456479,0.00040701399969596724
numerai28_6,CatBoost,9632,0.00035483117713662227,0.011971280148927357,0.011971280148927357,0.0,-6.479406148560093e-06,0.0,-0.00027065852541491476,2.5607587876025018e-05,2.5607587876025018e-05,8.535862625341672e-06,-8.384344789581662e-05,0.006736391258002119,0.006736391258002119,0.0016596505969168735,0.0016596505969168735,0.009357337081848188,0.009357337081848188,0.0059177929789223935,0.0059177929789223935,0.006736391258002119,0.006736391258002119,0.0016596505969168735,0.0016596505969168735,0.009357337081848188,0.009357337081848188,0.0059177929789223935,0.0059177929789223935,0.0010287916666129604
numerai28_6,ExtraTrees,9632,0.0001826482708778305,0.01051235737656537,0.01051235737656537,0.0001528546637837131,0.0001528546637837131,0.0,-0.0003898425665177197,0.0,-7.101933262215975e-05,5.095155459457103e-05,-0.00010266907845205546,0.0008479971995583404,0.0008479971995583404,0.001268199679017859,0.001268199679017859,0.00444523961688593,0.00444523961688593,0.0021871454984873765,0.0021871454984873765,0.0008479971995583404,0.0008479971995583404,0.001268199679017859,0.001268199679017859,0.00444523961688593,0.00444523961688593,0.0021871454984873765,0.0021871454984873765,0.0010059863331359036
numerai28_6,LightGBM,9632,0.0002515680942445501,0.011848843371823578,0.011848843371823578,0.0001541705976703939,0.0001541705976703939,0.0,-0.0005776508499491319,0.0,-0.0001264615277245131,5.139019922346464e-05,-0.00018331392666775037,0.007851544913040642,0.007851544913040642,0.0,-0.00971444806647162,0.007098123941731413,0.007098123941731413,0.0049832229515906845,0.0017450735961001447,0.007851544913040642,0.007851544913040642,0.0,-0.00971444806647162,0.007098123941731413,0.007098123941731413,0.0049832229515906845,0.0017450735961001447,0.0010669306660323248
numerai28_6,LinearModel,9632,0.0002761142419707706,0.01254462680633975,0.01254462680633975,0.0,-0.00023437679462391694,0.0,-9.087331826349422e-05,0.0,-6.307492531591233e-05,0.0,-0.00012944167940110782,0.00123748422733375,0.00123748422733375,0.008385729713000332,0.008385729713000332,0.006871148009484392,0.006871148009484392,0.005498120649939491,0.005498120649939491,0.00123748422733375,0.00123748422733375,0.008385729713000332,0.008385729713000332,0.006871148009484392,0.006871148009484392,0.005498120649939491,0.005498120649939491,0.0010745833327140037
numerai28_6,NeuralNetFastAI,9632,0.0002771364253259482,0.013133332572654633,0.013133332572654633,0.0,-0.00010355728939828343,0.0,-0.00029295609715056557,0.0,-4.275614791632955e-05,0.0,-0.00014642317815505952,0.0022975033012983016,0.0022975033012983016,0.0015560779194548676,0.0015560779194548676,0.002067160706014134,0.002067160706014134,0.001973580642255768,0.001973580642255768,0.0022975033012983016,0.0022975033012983016,0.0015560779194548676,0.0015560779194548676,0.002067160706014134,0.002067160706014134,0.001973580642255768,0.001973580642255768,0.0010257083340547979
numerai28_6,NeuralNetTorch,9632,0.0002644595391366567,0.012526102667284567,0.012526102667284567,0.00010438540351726455,0.00010438540351726455,0.0,-3.394902330186124e-05,0.00019424709010267994,0.00019424709010267994,9.954416453998149e-05,8.822782343936108e-05,0.011547600909250718,0.011547600909250718,0.0025215657254637675,0.0025215657254637675,0.015444201144986968,0.015444201144986968,0.009837789259900484,0.009837789259900484,0.011547600909250718,0.011547600909250718,0.0025215657254637675,0.0025215657254637675,0.015444201144986968,0.015444201144986968,0.009837789259900484,0.009837789259900484,0.0010159723339408326
numerai28_6,RandomForest,9632,0.00012645464047984857,0.0071427804631400745,0.0071427804631400745,0.0,-1.8649450242495868e-05,1.378188157521931e-05,1.378188157521931e-05,0.0002760856288325571,0.0002760856288325571,9.662250346925882e-05,9.040602005509352e-05,0.004079928426721761,0.004079928426721761,0.0011002927294551732,0.0011002927294551732,0.012138238421136953,0.012138238421136953,0.005772819859104629,0.005772819859104629,0.004079928426721761,0.004079928426721761,0.0011002927294551732,0.0011002927294551732,0.012138238421136953,0.012138238421136953,0.005772819859104629,0.005772819859104629,0.0010498333334301908
numerai28_6,XGBoost,9632,0.0003256287364334502,0.01252303114377482,0.01252303114377482,0.0,-0.00034881719239425707,0.0,-0.0002638491124748486,1.8709692295244883e-05,1.8709692295244883e-05,6.236564098414961e-06,-0.00019798553752462024,0.002041126384811346,0.002041126384811346,0.0,-0.0009174903706211188,0.00432401064139763,0.00432401064139763,0.0021217123420696586,0.0018158822185292856,0.002041126384811346,0.002041126384811346,0.0,-0.0009174903706211188,0.00432401064139763,0.00432401064139763,0.0021217123420696586,0.0018158822185292856,0.0010253333336246822
