dataset,model,test_size,true_brier,true_l1,true_l2,WS-CatBoost_brier_draw0,WS-CatBoost_brier_draw0_unclipped,WS-CatBoost_brier_draw1,WS-CatBoost_brier_draw1_unclipped,WS-CatBoost_brier_draw2,WS-CatBoost_brier_draw2_unclipped,WS-CatBoost_brier,WS-CatBoost_brier_unclipped,WS-CatBoost_l1_draw0,WS-CatBoost_l1_draw0_unclipped,WS-CatBoost_l1_draw1,WS-CatBoost_l1_draw1_unclipped,WS-CatBoost_l1_draw2,WS-CatBoost_l1_draw2_unclipped,WS-CatBoost_l1,WS-CatBoost_l1_unclipped,WS-CatBoost_l2_draw0,WS-CatBoost_l2_draw0_unclipped,WS-CatBoost_l2_draw1,WS-CatBoost_l2_draw1_unclipped,WS-CatBoost_l2_draw2,WS-CatBoost_l2_draw2_unclipped,WS-CatBoost_l2,WS-CatBoost_l2_unclipped,WS-CatBoost_time
2dplanes,CatBoost,4077,0.0010357467002906422,0.016759806470045092,0.016759806470045092,0.0002711273617231864,0.0002711273617231864,0.00036283194297416065,0.00036283194297416065,0.00018472065371052623,0.00018472065371052623,0.0002728933194692911,0.0002728933194692911,0.014070272140477541,0.014070272140477541,0.008922915709247118,0.008922915709247118,0.011322132016839709,0.011322132016839709,0.011438439955521455,0.011438439955521455,0.014070272140477541,0.014070272140477541,0.008922915709247118,0.008922915709247118,0.011322132016839709,0.011322132016839709,0.011438439955521455,0.011438439955521455,3.401488847333288
2dplanes,ExtraTrees,4077,0.00060943821379165,0.013471089267672749,0.013471089267672749,0.0003394857184832125,0.0003394857184832125,0.0005032283788600149,0.0005032283788600149,0.0,-1.9720062359808297e-05,0.0002809046991144091,0.000274331344994473,0.008507136289006996,0.008507136289006996,0.014350800565269217,0.014350800565269217,0.006257026488182074,0.006257026488182074,0.00970498778081943,0.00970498778081943,0.008507136289006996,0.008507136289006996,0.014350800565269217,0.014350800565269217,0.006257026488182074,0.006257026488182074,0.00970498778081943,0.00970498778081943,3.2019067223336606
2dplanes,LightGBM,4077,0.0006452912859289947,0.014063984582822505,0.014063984582822505,0.0003564505598621626,0.0003564505598621626,0.00018513456746317882,0.00018513456746317882,0.0,-3.9324599594388054e-05,0.00018052837577511383,0.00016742017591031783,0.014473766513807112,0.014473766513807112,0.006500647777223709,0.006500647777223709,0.006071741408300966,0.006071741408300966,0.009015385233110596,0.009015385233110596,0.014473766513807112,0.014473766513807112,0.006500647777223709,0.006500647777223709,0.006071741408300966,0.006071741408300966,0.009015385233110596,0.009015385233110596,3.2001304583342667
2dplanes,LinearModel,4077,0.006020850286611491,0.05546835795935246,0.05546835795935246,0.0010019689390594832,0.0010019689390594832,0.000673765150495546,0.000673765150495546,0.00030733299406339535,0.00030733299406339535,0.0006610223612061415,0.0006610223612061415,0.0242191639226348,0.0242191639226348,0.0080506369501075,0.0080506369501075,0.018061953028685695,0.018061953028685695,0.016777251300475998,0.016777251300475998,0.0242191639226348,0.0242191639226348,0.0080506369501075,0.0080506369501075,0.018061953028685695,0.018061953028685695,0.016777251300475998,0.016777251300475998,3.180956805665725
2dplanes,NeuralNetFastAI,4077,0.0003691270459463433,0.010036207619855754,0.010036207619855754,5.792755072363517e-05,5.792755072363517e-05,6.743792661074785e-05,6.743792661074785e-05,0.0,-0.0002422425839599301,4.178849244479434e-05,-3.895903554184903e-05,0.0024392334533452804,0.0024392334533452804,0.009101511136514178,0.009101511136514178,0.00029850002983170253,0.00029850002983170253,0.003946414873230387,0.003946414873230387,0.0024392334533452804,0.0024392334533452804,0.009101511136514178,0.009101511136514178,0.00029850002983170253,0.00029850002983170253,0.003946414873230387,0.003946414873230387,3.3619963890002205
2dplanes,NeuralNetTorch,4077,0.0003406932270880549,0.009938694772379074,0.009938694772379074,6.06680578151347e-05,6.06680578151347e-05,0.0,-6.273703672028002e-05,0.0,-0.00014844111262311659,2.0222685938378235e-05,-5.0170030509420635e-05,0.0059574583316532705,0.0059574583316532705,0.003743691213275085,0.003743691213275085,0.003223797135220083,0.003223797135220083,0.004308315560049479,0.004308315560049479,0.0059574583316532705,0.0059574583316532705,0.003743691213275085,0.003743691213275085,0.003223797135220083,0.003223797135220083,0.004308315560049479,0.004308315560049479,3.5938931109994883
2dplanes,RandomForest,4077,0.000662710189717478,0.012572317079092885,0.012572317079092885,2.171467492223363e-05,2.171467492223363e-05,0.0001696336168847602,0.0001696336168847602,0.00020183412299333927,0.00020183412299333927,0.00013106080493344437,0.00013106080493344437,0.0015325563467425065,0.0015325563467425065,0.00817513609292489,0.00817513609292489,0.005208770333690235,0.005208770333690235,0.004972154257785877,0.004972154257785877,0.0015325563467425065,0.0015325563467425065,0.00817513609292489,0.00817513609292489,0.005208770333690235,0.005208770333690235,0.004972154257785877,0.004972154257785877,3.2537583196669098
2dplanes,XGBoost,4077,0.0007391555875778144,0.013616694989012785,0.013616694989012785,0.0001686503523420979,0.0001686503523420979,0.00018116113710644653,0.00018116113710644653,6.900244676843178e-05,6.900244676843178e-05,0.00013960464540565873,0.00013960464540565873,0.006292241384180144,0.006292241384180144,0.00801042605130813,0.00801042605130813,0.004807733338269849,0.004807733338269849,0.006370133591252709,0.006370133591252709,0.006292241384180144,0.006292241384180144,0.00801042605130813,0.00801042605130813,0.004807733338269849,0.004807733338269849,0.006370133591252709,0.006370133591252709,3.5800918890005655
APSFailure,CatBoost,7600,0.00023072929039153674,0.0018584471185175446,0.0018584471185175446,0.0002032495886694542,0.0002032495886694542,7.301649895210134e-05,7.301649895210134e-05,0.00029588437172970767,0.00029588437172970767,0.0001907168197837544,0.0001907168197837544,0.0020788225396230894,0.0020788225396230894,0.0011956782221697819,0.0011956782221697819,0.0026801453691314234,0.0026801453691314234,0.0019848820436414315,0.0019848820436414315,0.0020788225396230894,0.0020788225396230894,0.0011956782221697819,0.0011956782221697819,0.0026801453691314234,0.0026801453691314234,0.0019848820436414315,0.0019848820436414315,3.5297973886663385
APSFailure,ExtraTrees,7600,0.0006226824370906533,0.0051914377608753915,0.0051914377608753915,0.0009911187386428843,0.0009911187386428843,0.00040227667198593063,0.00040227667198593063,0.0007620764660263156,0.0007620764660263156,0.0007184906255517102,0.0007184906255517102,0.005868532744737566,0.005868532744737566,0.005485318571742314,0.005485318571742314,0.005814359597882829,0.005814359597882829,0.0057227369714542365,0.0057227369714542365,0.005868532744737566,0.005868532744737566,0.005485318571742314,0.005485318571742314,0.005814359597882829,0.005814359597882829,0.0057227369714542365,0.0057227369714542365,3.306329694332817
APSFailure,LightGBM,7600,0.00045686417862927437,0.0026085678974425864,0.0026085678974425864,9.997420675522803e-05,9.997420675522803e-05,0.00016898827457002206,0.00016898827457002206,0.0004576516145204838,0.0004576516145204838,0.00024220469861524463,0.00024220469861524463,0.001993831045685367,0.001993831045685367,0.0014102329173274004,0.0014102329173274004,0.0032031104219853853,0.0032031104219853853,0.002202391461666051,0.002202391461666051,0.001993831045685367,0.001993831045685367,0.0014102329173274004,0.0014102329173274004,0.0032031104219853853,0.0032031104219853853,0.002202391461666051,0.002202391461666051,3.280456041667397
APSFailure,LinearModel,7600,0.0003803322741956466,0.0034943082985187082,0.0034943082985187082,7.134504203236805e-05,7.134504203236805e-05,0.00030713909825772325,0.00030713909825772325,4.6429589116084215e-05,4.6429589116084215e-05,0.0001416379098020585,0.0001416379098020585,0.0021731389180027166,0.0021731389180027166,0.003220259144000695,0.003220259144000695,0.00240150628784988,0.00240150628784988,0.0025983014499510976,0.0025983014499510976,0.0021731389180027166,0.0021731389180027166,0.003220259144000695,0.003220259144000695,0.00240150628784988,0.00240150628784988,0.0025983014499510976,0.0025983014499510976,3.2514390556655903
APSFailure,NeuralNetFastAI,7600,0.0005370516703016731,0.002903728571302389,0.002903728571302389,0.0002789232992631179,0.0002789232992631179,0.0003489416396707022,0.0003489416396707022,0.00010481687216219702,0.00010481687216219702,0.0002442272703653391,0.0002442272703653391,0.0034019097468777353,0.0034019097468777353,0.003653374685567494,0.003653374685567494,0.001575218580935239,0.001575218580935239,0.0028768343377934893,0.0028768343377934893,0.0034019097468777353,0.0034019097468777353,0.003653374685567494,0.003653374685567494,0.001575218580935239,0.001575218580935239,0.0028768343377934893,0.0028768343377934893,3.2318026526663743
APSFailure,NeuralNetTorch,7600,0.0003528082933513664,0.0026576990019937415,0.0026576990019937415,0.0001205871523963077,0.0001205871523963077,0.00034396609844770346,0.00034396609844770346,0.00013499308087949776,0.00013499308087949776,0.00019984877724116965,0.00019984877724116965,0.001297978181859387,0.001297978181859387,0.004013456353755397,0.004013456353755397,0.002704898996032266,0.002704898996032266,0.002672111177215683,0.002672111177215683,0.001297978181859387,0.001297978181859387,0.004013456353755397,0.004013456353755397,0.002704898996032266,0.002704898996032266,0.002672111177215683,0.002672111177215683,3.260199069334097
APSFailure,RandomForest,7600,0.0007705903281132056,0.0069554844467050935,0.0069554844467050935,0.0008651883054706651,0.0008651883054706651,0.0007072268598500514,0.0007072268598500514,0.0007607454068669675,0.0007607454068669675,0.000777720190729228,0.000777720190729228,0.006440350887132808,0.006440350887132808,0.005710526317860441,0.005710526317860441,0.006540350891269841,0.006540350891269841,0.00623040936542103,0.00623040936542103,0.006440350887132808,0.006440350887132808,0.005710526317860441,0.005710526317860441,0.006540350891269841,0.006540350891269841,0.00623040936542103,0.00623040936542103,3.2525078333334627
APSFailure,XGBoost,7600,0.0004522037960324727,0.00276524990062937,0.00276524990062937,0.00023659036632646925,0.00023659036632646925,9.354771674215012e-05,9.354771674215012e-05,0.00029738028432445984,0.00029738028432445984,0.00020917278913102638,0.00020917278913102638,0.00234290292744462,0.00234290292744462,0.0012928205768452914,0.0012928205768452914,0.0018178736113986815,0.0018178736113986815,0.0018178657052295311,0.0018178657052295311,0.00234290292744462,0.00234290292744462,0.0012928205768452914,0.0012928205768452914,0.0018178736113986815,0.0018178736113986815,0.0018178657052295311,0.0018178657052295311,3.2153915140006575
Amazon_employee_access,CatBoost,3277,6.587767880525423e-05,0.007047274838570309,0.007047274838570309,0.00018821127017215128,0.00018821127017215128,0.00019420399451001565,0.00019420399451001565,0.0,-1.0392404259338585e-05,0.00012747175489405564,0.00012400762014094278,0.010663742982226245,0.010663742982226245,0.010282236878095985,0.010282236878095985,0.00802695652629713,0.00802695652629713,0.009657645462206453,0.009657645462206453,0.010663742982226245,0.010663742982226245,0.010282236878095985,0.010282236878095985,0.00802695652629713,0.00802695652629713,0.009657645462206453,0.009657645462206453,3.2149610553339394
Amazon_employee_access,ExtraTrees,3277,0.0011848128098959204,0.021936008014946693,0.021936008014946693,0.0015602248011139482,0.0015602248011139482,0.001940585240722963,0.001940585240722963,0.0013640576397927868,0.0013640576397927868,0.0016216225605432328,0.0016216225605432328,0.02636837826056709,0.02636837826056709,0.024539419393878468,0.024539419393878468,0.020955571626831128,0.020955571626831128,0.023954456427092225,0.023954456427092225,0.02636837826056709,0.02636837826056709,0.024539419393878468,0.024539419393878468,0.020955571626831128,0.020955571626831128,0.023954456427092225,0.023954456427092225,3.2581097916663566
Amazon_employee_access,LightGBM,3277,0.00011584613744030146,0.006122729817486624,0.006122729817486624,0.00022730971027117895,0.00022730971027117895,0.0,-2.0992217661761372e-06,0.00017346050936353235,0.00017346050936353235,0.00013359007321157043,0.00013289033262284505,0.005609143285497427,0.005609143285497427,0.003537851104130278,0.003537851104130278,0.005698930834774423,0.005698930834774423,0.004948641741467376,0.004948641741467376,0.005609143285497427,0.005609143285497427,0.003537851104130278,0.003537851104130278,0.005698930834774423,0.005698930834774423,0.004948641741467376,0.004948641741467376,3.1823475136661727
Amazon_employee_access,LinearModel,3277,0.000577567983805529,0.015529851627251633,0.015529851627251633,0.001307176478606522,0.001307176478606522,0.001163220294685695,0.001163220294685695,0.0008580725334857876,0.0008580725334857876,0.0011094897689260016,0.0011094897689260016,0.021781610970112258,0.021781610970112258,0.02282981217807846,0.02282981217807846,0.015470961474284626,0.015470961474284626,0.020027461540825114,0.020027461540825114,0.021781610970112258,0.021781610970112258,0.02282981217807846,0.02282981217807846,0.015470961474284626,0.015470961474284626,0.020027461540825114,0.020027461540825114,3.1923712083334976
Amazon_employee_access,NeuralNetFastAI,3277,0.0003750018116364677,0.009594039574861163,0.009594039574861163,0.0,-9.171456188520627e-05,0.0004528737124571079,0.0004528737124571079,0.0005089173843781054,0.0005089173843781054,0.00032059703227840444,0.00029002551165000233,0.00772443167731134,0.00772443167731134,0.013961766405115776,0.013961766405115776,0.0070499897521554165,0.0070499897521554165,0.009578729278194179,0.009578729278194179,0.00772443167731134,0.00772443167731134,0.013961766405115776,0.013961766405115776,0.0070499897521554165,0.0070499897521554165,0.009578729278194179,0.009578729278194179,3.1833348469990597
Amazon_employee_access,NeuralNetTorch,3277,0.001192830126488589,0.0172959970043751,0.0172959970043751,0.0006773003278281853,0.0006773003278281853,0.0004713537469663327,0.0004713537469663327,0.000752179358012827,0.000752179358012827,0.0006336111442691151,0.0006336111442691151,0.009868291276855224,0.009868291276855224,0.010082814632154727,0.010082814632154727,0.014655439004070119,0.014655439004070119,0.011535514971026692,0.011535514971026692,0.009868291276855224,0.009868291276855224,0.010082814632154727,0.010082814632154727,0.014655439004070119,0.014655439004070119,0.011535514971026692,0.011535514971026692,3.151809111333326
Amazon_employee_access,RandomForest,3277,0.0010407990874690906,0.019401031244190358,0.019401031244190358,0.001190817532459108,0.001190817532459108,0.0016087192418684929,0.0016087192418684929,0.0009959501378386797,0.0009959501378386797,0.001265162304055427,0.001265162304055427,0.02111074906371154,0.02111074906371154,0.021861453031053038,0.021861453031053038,0.020105734249241003,0.020105734249241003,0.02102597878133519,0.02102597878133519,0.02111074906371154,0.02111074906371154,0.021861453031053038,0.021861453031053038,0.020105734249241003,0.020105734249241003,0.02102597878133519,0.02102597878133519,3.1817826386662396
Amazon_employee_access,XGBoost,3277,6.127144786686918e-05,0.006959118745905035,0.006959118745905035,3.1011334214792694e-05,3.1011334214792694e-05,0.00011740678551149348,0.00011740678551149348,0.00016338431062791448,0.00016338431062791448,0.00010393414345140021,0.00010393414345140021,0.009575128783794448,0.009575128783794448,0.012491559788816615,0.012491559788816615,0.010388400821713802,0.010388400821713802,0.01081836313144162,0.01081836313144162,0.009575128783794448,0.009575128783794448,0.012491559788816615,0.012491559788816615,0.010388400821713802,0.010388400821713802,0.01081836313144162,0.01081836313144162,3.1726237916664104
Click_prediction_small,CatBoost,3995,0.00038633628898235186,0.01768859708588454,0.01768859708588454,0.00040854354491496497,0.00040854354491496497,0.0001853037544459369,0.0001853037544459369,0.0,-6.000151536988109e-05,0.0001979490997869673,0.0001779485946636736,0.023048456777027052,0.023048456777027052,0.014960343691080957,0.014960343691080957,0.0065832892417655945,0.0065832892417655945,0.0148640299032912,0.0148640299032912,0.023048456777027052,0.023048456777027052,0.014960343691080957,0.014960343691080957,0.0065832892417655945,0.0065832892417655945,0.0148640299032912,0.0148640299032912,3.1837103193332346
Click_prediction_small,ExtraTrees,3995,0.0008215564260373532,0.023610837407146718,0.023610837407146718,0.0006508852296652763,0.0006508852296652763,0.001001699667583776,0.001001699667583776,0.0007183053632105481,0.0007183053632105481,0.0007902967534865335,0.0007902967534865335,0.02188679342594077,0.02188679342594077,0.025342727559577855,0.025342727559577855,0.02365306310888347,0.02365306310888347,0.023627528031467365,0.023627528031467365,0.02188679342594077,0.02188679342594077,0.025342727559577855,0.025342727559577855,0.02365306310888347,0.02365306310888347,0.023627528031467365,0.023627528031467365,3.1654593196666005
Click_prediction_small,LightGBM,3995,0.0004458847215889114,0.01815457796381882,0.01815457796381882,0.0008561981040702766,0.0008561981040702766,0.0006016785549806334,0.0006016785549806334,0.0,-8.989951371348721e-05,0.00048595888635030336,0.00045599238177914097,0.026649075386246134,0.026649075386246134,0.022813649792270792,0.022813649792270792,0.00973215910089721,0.00973215910089721,0.019731628093138043,0.019731628093138043,0.026649075386246134,0.026649075386246134,0.022813649792270792,0.022813649792270792,0.00973215910089721,0.00973215910089721,0.019731628093138043,0.019731628093138043,3.2071628056667882
Click_prediction_small,LinearModel,3995,0.003433357252839177,0.038138102764381475,0.038138102764381475,0.0030544552218635056,0.0030544552218635056,0.002220252283070038,0.002220252283070038,0.0013276300296740237,0.0013276300296740237,0.0022007791782025225,0.0022007791782025225,0.033508866672078905,0.033508866672078905,0.030250515117518632,0.030250515117518632,0.03227189057640666,0.03227189057640666,0.0320104241220014,0.0320104241220014,0.033508866672078905,0.033508866672078905,0.030250515117518632,0.030250515117518632,0.03227189057640666,0.03227189057640666,0.0320104241220014,0.0320104241220014,3.212710458334186
Click_prediction_small,NeuralNetFastAI,3995,0.0006152494557119272,0.02168230629401941,0.02168230629401941,0.0010394232793034515,0.0010394232793034515,0.00034993752620766423,0.00034993752620766423,3.4592115688123744e-05,3.4592115688123744e-05,0.00047465097373307986,0.00047465097373307986,0.030758131594188484,0.030758131594188484,0.017451211343285103,0.017451211343285103,0.01023828853446249,0.01023828853446249,0.019482543823978692,0.019482543823978692,0.030758131594188484,0.030758131594188484,0.017451211343285103,0.017451211343285103,0.01023828853446249,0.01023828853446249,0.019482543823978692,0.019482543823978692,3.471345235999858
Click_prediction_small,NeuralNetTorch,3995,0.000906484864703196,0.025087184047802014,0.025087184047802014,0.0008838897940194386,0.0008838897940194386,0.00028746297977133936,0.00028746297977133936,0.00035466921763915426,0.00035466921763915426,0.0005086739971433108,0.0005086739971433108,0.0284923490886932,0.0284923490886932,0.015056962429374475,0.015056962429374475,0.01652480840248211,0.01652480840248211,0.02002470664018326,0.02002470664018326,0.0284923490886932,0.0284923490886932,0.015056962429374475,0.015056962429374475,0.01652480840248211,0.01652480840248211,0.02002470664018326,0.02002470664018326,3.5787276390001352
Click_prediction_small,RandomForest,3995,0.0011413213978873715,0.02535429986824517,0.02535429986824517,0.0013564909484079539,0.0013564909484079539,0.0017794715113227718,0.0017794715113227718,0.0005273542943796993,0.0005273542943796993,0.001221105584703475,0.001221105584703475,0.034290458528796745,0.034290458528796745,0.02837599624097388,0.02837599624097388,0.02141529246712324,0.02141529246712324,0.028027249078964617,0.028027249078964617,0.034290458528796745,0.034290458528796745,0.02837599624097388,0.02837599624097388,0.02141529246712324,0.02141529246712324,0.028027249078964617,0.028027249078964617,3.5980075696667577
Click_prediction_small,XGBoost,3995,0.00047790328474461684,0.018971117007725632,0.018971117007725632,0.00038432210428690754,0.00038432210428690754,0.00024091676078484615,0.00024091676078484615,0.0,-3.188663329652491e-05,0.00020841295502391788,0.0001977840772584096,0.01937318899233398,0.01937318899233398,0.017482004191776566,0.017482004191776566,0.012771464732489565,0.012771464732489565,0.01654221930553337,0.01654221930553337,0.01937318899233398,0.01937318899233398,0.017482004191776566,0.017482004191776566,0.012771464732489565,0.012771464732489565,0.01654221930553337,0.01654221930553337,3.3097086803330362
PhishingWebsites,CatBoost,1106,0.00011501653449411958,0.003910267557744939,0.003910267557744939,0.0,-0.0012482601348985294,0.0,-0.000470453447340505,0.00023459883571821214,0.00023459883571821214,7.819961190607071e-05,-0.0004947049155069407,0.0,-0.008089668524290487,0.0,-0.006173579233901147,0.0050265249118512665,0.0050265249118512665,0.0016755083039504222,-0.0030789076154467895,0.0,-0.008089668524290487,0.0,-0.006173579233901147,0.0050265249118512665,0.0050265249118512665,0.0016755083039504222,-0.0030789076154467895,3.4132655556665363
PhishingWebsites,ExtraTrees,1106,0.0066681586143801565,0.05625384704162044,0.05625384704162044,0.004772327261674469,0.004772327261674469,0.00553654396148103,0.00553654396148103,0.00666536543730374,0.00666536543730374,0.0056580788868197465,0.0056580788868197465,0.052782262995764176,0.052782262995764176,0.056249744451127334,0.056249744451127334,0.05374020076881855,0.05374020076881855,0.05425740273857002,0.05425740273857002,0.052782262995764176,0.052782262995764176,0.056249744451127334,0.056249744451127334,0.05374020076881855,0.05374020076881855,0.05425740273857002,0.05425740273857002,3.199110583333095
PhishingWebsites,LightGBM,1106,9.452185636811948e-05,0.0038107923112926127,0.0038107923112926127,0.0,-4.249248412907511e-05,0.0,-0.00018321321890323177,0.0003580295448050444,0.0003580295448050444,0.00011934318160168146,4.410794725757917e-05,0.0030685247380184775,0.0030685247380184775,0.0011454580895394082,0.0011454580895394082,0.006050167167552425,0.006050167167552425,0.003421383331703437,0.003421383331703437,0.0030685247380184775,0.0030685247380184775,0.0011454580895394082,0.0011454580895394082,0.006050167167552425,0.006050167167552425,0.003421383331703437,0.003421383331703437,3.15938719466673
PhishingWebsites,LinearModel,1106,0.00021872736660312296,0.00902476140604523,0.00902476140604523,0.0,-0.0005060314858815607,0.0,-0.00039076578996571085,0.0,-0.0003002064791468843,0.0,-0.0003990012516647186,0.0,-0.0024308205786798317,0.0017385697132032733,0.0017385697132032733,0.0025335996278666737,0.0025335996278666737,0.0014240564470233156,0.000613782920796705,0.0,-0.0024308205786798317,0.0017385697132032733,0.0017385697132032733,0.0025335996278666737,0.0025335996278666737,0.0014240564470233156,0.000613782920796705,3.155448069333943
PhishingWebsites,NeuralNetFastAI,1106,4.744237505240245e-05,0.003141969719634052,0.003141969719634052,0.0,-0.0005133644353089455,0.0,-0.0003603883154572078,0.0,-9.185038841577555e-05,0.0,-0.0003218677130606429,0.0009107969764588484,0.0009107969764588484,0.006336868497107732,0.006336868497107732,0.0039032678578064532,0.0039032678578064532,0.0037169777771243443,0.0037169777771243443,0.0009107969764588484,0.0009107969764588484,0.006336868497107732,0.006336868497107732,0.0039032678578064532,0.0039032678578064532,0.0037169777771243443,0.0037169777771243443,3.2734889999992447
PhishingWebsites,NeuralNetTorch,1106,0.00011321565322257829,0.004358799474228134,0.004358799474228134,0.0,-0.00032745251079301243,0.0,-0.00045979640226089614,0.0,-5.291084059642068e-05,0.0,-0.00028005325121677644,0.0,-0.004995998046272272,0.0,-0.0049162141028153685,0.00024034706471513502,0.00024034706471513502,8.011568823837834e-05,-0.003223955028124169,0.0,-0.004995998046272272,0.0,-0.0049162141028153685,0.00024034706471513502,0.00024034706471513502,8.011568823837834e-05,-0.003223955028124169,3.133914513999722
PhishingWebsites,RandomForest,1106,0.005133421861791541,0.04618638428999584,0.04618638428999584,0.0031127783796648847,0.0031127783796648847,0.00441774581236726,0.00441774581236726,0.004757875110349672,0.004757875110349672,0.004096133100793938,0.004096133100793938,0.038854993798022784,0.038854993798022784,0.04664862111359921,0.04664862111359921,0.04413572135565865,0.04413572135565865,0.04321311208909354,0.04321311208909354,0.038854993798022784,0.038854993798022784,0.04664862111359921,0.04664862111359921,0.04413572135565865,0.04413572135565865,0.04321311208909354,0.04321311208909354,3.13072834700021
PhishingWebsites,XGBoost,1106,8.611671452407753e-05,0.0031778621042838112,0.0031778621042838112,0.0,-0.000864197977658503,0.0,-0.00023778285852944968,0.000197240414764292,0.000197240414764292,6.574680492143067e-05,-0.00030158014047455356,0.0,-0.007993569327134608,0.0,-0.002591739976886971,0.007585909071123336,0.007585909071123336,0.002528636357041112,-0.000999800077632748,0.0,-0.007993569327134608,0.0,-0.002591739976886971,0.007585909071123336,0.007585909071123336,0.002528636357041112,-0.000999800077632748,3.2483275556660374
Run_or_walk_information,CatBoost,8859,0.00010483370935025374,0.001972443140557718,0.001972443140557718,9.095464846574243e-06,9.095464846574243e-06,3.4687212997865224e-05,3.4687212997865224e-05,0.0,-2.3253672743598705e-05,1.4594225948146489e-05,6.843001700280255e-06,0.0009034105640460979,0.0009034105640460979,0.0015094735241434664,0.0015094735241434664,0.0014834389064947745,0.0014834389064947745,0.0012987743315614464,0.0012987743315614464,0.0009034105640460979,0.0009034105640460979,0.0015094735241434664,0.0015094735241434664,0.0014834389064947745,0.0014834389064947745,0.0012987743315614464,0.0012987743315614464,3.492619194332898
Run_or_walk_information,ExtraTrees,8859,0.002147695508629922,0.02022570610150847,0.02022570610150847,0.00194427928348955,0.00194427928348955,0.0019100571939968001,0.0019100571939968001,0.002399236648127536,0.002399236648127536,0.0020845243752046286,0.0020845243752046286,0.019289986079785593,0.019289986079785593,0.019689580159963443,0.019689580159963443,0.020545959302875692,0.020545959302875692,0.019841841847541574,0.019841841847541574,0.019289986079785593,0.019289986079785593,0.019689580159963443,0.019689580159963443,0.020545959302875692,0.020545959302875692,0.019841841847541574,0.019841841847541574,3.3893137500005346
Run_or_walk_information,LightGBM,8859,0.00010954628564335039,0.0022700646441504158,0.0022700646441504158,1.9109144089715036e-05,1.9109144089715036e-05,6.063154768471984e-05,6.063154768471984e-05,0.00012917385175434488,0.00012917385175434488,6.963818117625992e-05,6.963818117625992e-05,0.001993649284034443,0.001993649284034443,0.0014226598265230227,0.0014226598265230227,0.002470557424669353,0.002470557424669353,0.0019622888450756062,0.0019622888450756062,0.001993649284034443,0.001993649284034443,0.0014226598265230227,0.0014226598265230227,0.002470557424669353,0.002470557424669353,0.0019622888450756062,0.0019622888450756062,3.4948308056664246
Run_or_walk_information,LinearModel,8859,0.046580505774797464,0.15507859029528043,0.15507859029528043,0.03923576937547306,0.03923576937547306,0.04082979831103019,0.04082979831103019,0.04172928435351474,0.04172928435351474,0.04059828401333933,0.04059828401333933,0.14583936942570766,0.14583936942570766,0.14456943455309806,0.14456943455309806,0.15160714822645868,0.15160714822645868,0.14733865073508814,0.14733865073508814,0.14583936942570766,0.14583936942570766,0.14456943455309806,0.14456943455309806,0.15160714822645868,0.15160714822645868,0.14733865073508814,0.14733865073508814,3.6427195139998125
Run_or_walk_information,NeuralNetFastAI,8859,0.0001224129144028694,0.003099597334877249,0.003099597334877249,1.0995030638136592e-06,1.0995030638136592e-06,4.101579592561269e-05,4.101579592561269e-05,6.536926708680873e-05,6.536926708680873e-05,3.582818869207836e-05,3.582818869207836e-05,0.0019131622546687901,0.0019131622546687901,0.002797586246390039,0.002797586246390039,0.0031853413372098086,0.0031853413372098086,0.002632029946089546,0.002632029946089546,0.0019131622546687901,0.0019131622546687901,0.002797586246390039,0.002797586246390039,0.0031853413372098086,0.0031853413372098086,0.002632029946089546,0.002632029946089546,3.6387213749997804
Run_or_walk_information,NeuralNetTorch,8859,7.932355281150218e-05,0.0019208274511967615,0.0019208274511967615,0.0,-2.0061569627449508e-05,6.337625741111857e-05,6.337625741111857e-05,4.092035053934605e-05,4.092035053934605e-05,3.476553598348821e-05,2.8078346107671705e-05,0.0,-0.00021888450009382583,0.0025928662230731174,0.0025928662230731174,0.00136127105626942,0.00136127105626942,0.0013180457597808456,0.0012450842597495706,0.0,-0.00021888450009382583,0.0025928662230731174,0.0025928662230731174,0.00136127105626942,0.00136127105626942,0.0013180457597808456,0.0012450842597495706,3.427154166666393
Run_or_walk_information,RandomForest,8859,0.0007853873470846317,0.010882730248931247,0.010882730248931247,0.000706891653043662,0.000706891653043662,0.0008821038001280384,0.0008821038001280384,0.000667814381655397,0.000667814381655397,0.0007522699449423659,0.0007522699449423659,0.010494800097309341,0.010494800097309341,0.01096293454677392,0.01096293454677392,0.010724216645916317,0.010724216645916317,0.010727317096666527,0.010727317096666527,0.010494800097309341,0.010494800097309341,0.01096293454677392,0.01096293454677392,0.010724216645916317,0.010724216645916317,0.010727317096666527,0.010727317096666527,3.2363673610003993
Run_or_walk_information,XGBoost,8859,9.801705724564982e-06,0.0010685539641082551,0.0010685539641082551,0.0,-2.790240364685309e-05,4.699991664686578e-06,4.699991664686578e-06,0.0,-2.7726968100745506e-05,1.5666638882288592e-06,-1.697646002763734e-05,0.0,-0.0009675475883918041,0.0012709743594093274,0.0012709743594093274,0.0,-0.0008086610243301663,0.00042365811980310915,-0.00016841141777088097,0.0,-0.0009675475883918041,0.0012709743594093274,0.0012709743594093274,0.0,-0.0008086610243301663,0.00042365811980310915,-0.00016841141777088097,3.389952333332379
adult,CatBoost,4885,0.0006152181577692995,0.01687512706217434,0.01687512706217434,0.00036222500437943506,0.00036222500437943506,0.00035787569491734465,0.00035787569491734465,0.00039235870677659606,0.00039235870677659606,0.0003708198020244586,0.0003708198020244586,0.0173516606328974,0.0173516606328974,0.020414706559823293,0.020414706559823293,0.01867342008899161,0.01867342008899161,0.018813262427237434,0.018813262427237434,0.0173516606328974,0.0173516606328974,0.020414706559823293,0.020414706559823293,0.01867342008899161,0.01867342008899161,0.018813262427237434,0.018813262427237434,3.403736722000758
adult,ExtraTrees,4885,0.0011370991685457355,0.025229521107036034,0.025229521107036034,0.000930545609499465,0.000930545609499465,0.0012176317618744392,0.0012176317618744392,0.0006598882391690544,0.0006598882391690544,0.0009360218701809862,0.0009360218701809862,0.024458368389378916,0.024458368389378916,0.030302739884636762,0.030302739884636762,0.024541580266533667,0.024541580266533667,0.026434229513516445,0.026434229513516445,0.024458368389378916,0.024458368389378916,0.030302739884636762,0.030302739884636762,0.024541580266533667,0.024541580266533667,0.026434229513516445,0.026434229513516445,3.2810572363341635
adult,LightGBM,4885,0.0004237835510739854,0.013610577703054249,0.013610577703054249,0.00027913981457832387,0.00027913981457832387,0.0003322617684798594,0.0003322617684798594,0.0002469244562181056,0.0002469244562181056,0.00028610867975876293,0.00028610867975876293,0.015941783372138994,0.015941783372138994,0.014758250262149351,0.014758250262149351,0.014918229000437292,0.014918229000437292,0.015206087544908547,0.015206087544908547,0.015941783372138994,0.015941783372138994,0.014758250262149351,0.014758250262149351,0.014918229000437292,0.014918229000437292,0.015206087544908547,0.015206087544908547,3.297020972334091
adult,LinearModel,4885,0.00027479023834166164,0.01382074661413434,0.01382074661413434,2.9029744986638296e-05,2.9029744986638296e-05,0.00017414398934492432,0.00017414398934492432,1.9984415025161546e-05,1.9984415025161546e-05,7.438604978557473e-05,7.438604978557473e-05,0.00626841068640244,0.00626841068640244,0.013667442867720758,0.013667442867720758,0.007403932916760819,0.007403932916760819,0.009113262156961338,0.009113262156961338,0.00626841068640244,0.00626841068640244,0.013667442867720758,0.013667442867720758,0.007403932916760819,0.007403932916760819,0.009113262156961338,0.009113262156961338,3.284149041666145
adult,NeuralNetFastAI,4885,0.0007270421928356895,0.019435569401433525,0.019435569401433525,0.000603710836864955,0.000603710836864955,0.000621290097946207,0.000621290097946207,0.0005689922837606057,0.0005689922837606057,0.0005979977395239225,0.0005979977395239225,0.02264296149218406,0.02264296149218406,0.02143139755528151,0.02143139755528151,0.02079097371644263,0.02079097371644263,0.0216217775879694,0.0216217775879694,0.02264296149218406,0.02264296149218406,0.02143139755528151,0.02143139755528151,0.02079097371644263,0.02079097371644263,0.0216217775879694,0.0216217775879694,3.220112874999662
adult,NeuralNetTorch,4885,0.0009504127682872356,0.020245912457373255,0.020245912457373255,0.0006389591435949516,0.0006389591435949516,0.0009604790093359044,0.0009604790093359044,0.0006664654210262508,0.0006664654210262508,0.0007553011913190356,0.0007553011913190356,0.016933115790893932,0.016933115790893932,0.017444863291339662,0.017444863291339662,0.01794949264218504,0.01794949264218504,0.01744249057480621,0.01744249057480621,0.016933115790893932,0.016933115790893932,0.017444863291339662,0.017444863291339662,0.01794949264218504,0.01794949264218504,0.01744249057480621,0.01744249057480621,3.2262483193335356
adult,RandomForest,4885,0.0012868164993794738,0.026970672527330302,0.026970672527330302,0.0009909250247487,0.0009909250247487,0.001899321739854408,0.001899321739854408,0.0008113851791977756,0.0008113851791977756,0.0012338773146002946,0.0012338773146002946,0.0236740357485437,0.0236740357485437,0.03281828272956456,0.03281828272956456,0.024339745765614415,0.024339745765614415,0.026944021414574224,0.026944021414574224,0.0236740357485437,0.0236740357485437,0.03281828272956456,0.03281828272956456,0.024339745765614415,0.024339745765614415,0.026944021414574224,0.026944021414574224,3.2408459026664787
adult,XGBoost,4885,0.0005345494552161558,0.016391190786140295,0.016391190786140295,0.00012191484194798328,0.00012191484194798328,0.0005552957714760696,0.0005552957714760696,0.0002965844156711985,0.0002965844156711985,0.00032459834303175046,0.00032459834303175046,0.011570032926605509,0.011570032926605509,0.021320814641571158,0.021320814641571158,0.014630686779389925,0.014630686779389925,0.015840511449188865,0.015840511449188865,0.011570032926605509,0.011570032926605509,0.021320814641571158,0.021320814641571158,0.014630686779389925,0.014630686779389925,0.015840511449188865,0.015840511449188865,3.2938524860001053
ailerons,CatBoost,1375,0.00027630217784780714,0.011567778694020077,0.011567778694020077,0.0,-0.000600177566082804,0.0,-0.0008564636292565074,0.00040140191424437423,0.00040140191424437423,0.00013380063808145809,-0.0003517464270316457,0.004426390064668588,0.004426390064668588,0.0,-0.0147158236914653,0.012977324097882957,0.012977324097882957,0.005801238054183849,0.0008959634903620816,0.004426390064668588,0.004426390064668588,0.0,-0.0147158236914653,0.012977324097882957,0.012977324097882957,0.005801238054183849,0.0008959634903620816,3.204143152666802
ailerons,ExtraTrees,1375,0.0013176445909882613,0.0290793574283598,0.0290793574283598,0.0007248523299743776,0.0007248523299743776,0.0004056298877504319,0.0004056298877504319,0.0005922259388212393,0.0005922259388212393,0.0005742360521820163,0.0005742360521820163,0.01932507811348081,0.01932507811348081,0.02190922530669592,0.02190922530669592,0.011490116178957661,0.011490116178957661,0.017574806533044798,0.017574806533044798,0.01932507811348081,0.01932507811348081,0.02190922530669592,0.02190922530669592,0.011490116178957661,0.011490116178957661,0.017574806533044798,0.017574806533044798,3.2255339583328655
ailerons,LightGBM,1375,0.00011693810695666074,0.008554613836744631,0.008554613836744631,0.0,-0.0006311014612659928,0.0,-0.0010926231910216844,0.0,-3.8475210193877955e-05,0.0,-0.0005873999541605185,0.0,-0.014677557346834378,0.0,-0.007168556194667789,0.011066339860162274,0.011066339860162274,0.0036887799533874247,-0.003593257893779964,0.0,-0.014677557346834378,0.0,-0.007168556194667789,0.011066339860162274,0.011066339860162274,0.0036887799533874247,-0.003593257893779964,3.340713000000202
ailerons,LinearModel,1375,0.0001836785291027428,0.010391804801025004,0.010391804801025004,0.0,-0.00026670356758308066,0.0,-0.0005821746633615905,1.305361010007515e-05,1.305361010007515e-05,4.351203366691716e-06,-0.00027860820694819866,0.0,-0.01168900713654743,0.006511212256821719,0.006511212256821719,0.00339531201208857,0.00339531201208857,0.0033021747563034298,-0.0005941609558790467,0.0,-0.01168900713654743,0.006511212256821719,0.006511212256821719,0.00339531201208857,0.00339531201208857,0.0033021747563034298,-0.0005941609558790467,3.25436591666706
ailerons,NeuralNetFastAI,1375,0.0001645495308457295,0.009278845729904126,0.009278845729904126,0.0,-0.0006517590965566218,0.0,-9.940923070879417e-05,0.0,-0.00057463952874409,0.0,-0.00044193595200316864,0.0,-0.007843382340385108,0.011441346788614696,0.011441346788614696,0.0,-0.001178598974021952,0.003813782262871565,0.0008064551580692119,0.0,-0.007843382340385108,0.011441346788614696,0.011441346788614696,0.0,-0.001178598974021952,0.003813782262871565,0.0008064551580692119,3.3736913473330787
ailerons,NeuralNetTorch,1375,0.0002283116865340639,0.010233639353312108,0.010233639353312108,0.0,-0.0006132293285866454,0.0,-0.00041621222709036464,0.0,-0.0005164527000239158,0.0,-0.0005152980852336418,0.0,-0.004436335657852892,0.0,-0.003558836527488893,0.0,-0.0005867277765461371,0.0,-0.0028606333206293074,0.0,-0.004436335657852892,0.0,-0.003558836527488893,0.0,-0.0005867277765461371,0.0,-0.0028606333206293074,3.3515121113329465
ailerons,RandomForest,1375,0.0006854447630043796,0.0203316415928791,0.0203316415928791,0.0,-7.67754733070332e-05,0.0003037064932388248,0.0003037064932388248,0.000420513178131324,0.000420513178131324,0.00024140655712338294,0.00021581473268770518,0.010103245616647076,0.010103245616647076,0.01323786571961616,0.01323786571961616,0.025778539690792305,0.025778539690792305,0.016373217009018514,0.016373217009018514,0.010103245616647076,0.010103245616647076,0.01323786571961616,0.01323786571961616,0.025778539690792305,0.025778539690792305,0.016373217009018514,0.016373217009018514,3.1537980416663536
ailerons,XGBoost,1375,7.454605353151486e-05,0.0065705054893200705,0.0065705054893200705,0.0,-0.0008537743820443222,0.0,-0.00021032830194708433,0.0,-0.00019209888582129924,0.0,-0.0004187338566042353,0.0,-0.004206334840696813,0.003036675864618949,0.003036675864618949,0.006068803397197784,0.006068803397197784,0.003035159753938911,0.0016330481403733065,0.0,-0.004206334840696813,0.003036675864618949,0.003036675864618949,0.006068803397197784,0.006068803397197784,0.003035159753938911,0.0016330481403733065,3.4054965276664007
bank-marketing,CatBoost,4522,0.0005132235775827006,0.01307845357417823,0.01307845357417823,2.811912878599685e-06,2.811912878599685e-06,0.0007041395877051983,0.0007041395877051983,0.00031836087986676295,0.00031836087986676295,0.0003417707934835203,0.0003417707934835203,0.0024424675613188636,0.0024424675613188636,0.010111737579563147,0.010111737579563147,0.011011622162643097,0.011011622162643097,0.007855275767841702,0.007855275767841702,0.0024424675613188636,0.0024424675613188636,0.010111737579563147,0.010111737579563147,0.011011622162643097,0.011011622162643097,0.007855275767841702,0.007855275767841702,3.4099599863341914
bank-marketing,ExtraTrees,4522,0.00027389379500799627,0.011776435399688001,0.011776435399688001,0.0,-7.703122188248325e-05,0.0,-8.80321649245889e-05,0.0,-0.00020853981510440944,0.0,-0.00012453440063716053,0.001709358927103264,0.001709358927103264,0.0031430841824337677,0.0031430841824337677,0.0,-0.004689198338182671,0.001617481036512344,5.441492378478683e-05,0.001709358927103264,0.001709358927103264,0.0031430841824337677,0.0031430841824337677,0.0,-0.004689198338182671,0.001617481036512344,5.441492378478683e-05,3.5639781109991113
bank-marketing,LightGBM,4522,0.00020177039456570074,0.008544793628403111,0.008544793628403111,9.050044918673993e-05,9.050044918673993e-05,0.0004608335584774526,0.0004608335584774526,0.0,-0.0002025074198710111,0.00018377800255473084,0.00011627552926439381,0.007845587633287873,0.007845587633287873,0.009193475682428443,0.009193475682428443,0.004487911944282875,0.004487911944282875,0.00717565841999973,0.00717565841999973,0.007845587633287873,0.007845587633287873,0.009193475682428443,0.009193475682428443,0.004487911944282875,0.004487911944282875,0.00717565841999973,0.00717565841999973,3.414134236000488
bank-marketing,LinearModel,4522,0.001231073646633584,0.01771170175477092,0.01771170175477092,0.0005254229513028307,0.0005254229513028307,0.00019200579400641924,0.00019200579400641924,0.0011341182753361932,0.0011341182753361932,0.0006171823402151477,0.0006171823402151477,0.021650229215859875,0.021650229215859875,0.017526110082879357,0.017526110082879357,0.01624172092135939,0.01624172092135939,0.018472686740032874,0.018472686740032874,0.021650229215859875,0.021650229215859875,0.017526110082879357,0.017526110082879357,0.01624172092135939,0.01624172092135939,0.018472686740032874,0.018472686740032874,3.3337697083334206
bank-marketing,NeuralNetFastAI,4522,0.0001663844076763581,0.006980738153360599,0.006980738153360599,0.00011425255266849547,0.00011425255266849547,0.0,-3.758415085125451e-05,0.0,-0.00010536223154928831,3.8084184222831824e-05,-9.564609910682448e-06,0.009920044421997426,0.009920044421997426,0.002966221912143622,0.002966221912143622,0.0016701707503676848,0.0016701707503676848,0.0048521456948362445,0.0048521456948362445,0.009920044421997426,0.009920044421997426,0.002966221912143622,0.002966221912143622,0.0016701707503676848,0.0016701707503676848,0.0048521456948362445,0.0048521456948362445,3.2821247776664677
bank-marketing,NeuralNetTorch,4522,0.0001924682271929433,0.006890143246673141,0.006890143246673141,0.0,-7.401646087675036e-05,6.46034187065046e-05,6.46034187065046e-05,0.0,-0.00014066414632585034,2.15344729021682e-05,-5.00257294986987e-05,0.0,-0.0017852632914129563,0.00503816810605218,0.00503816810605218,0.0,-0.0006546012809925773,0.00167938936868406,0.0008661011778822156,0.0,-0.0017852632914129563,0.00503816810605218,0.00503816810605218,0.0,-0.0006546012809925773,0.00167938936868406,0.0008661011778822156,3.294895902999997
bank-marketing,RandomForest,4522,0.0002454993245856833,0.011252096679536966,0.011252096679536966,0.0,-4.627611564375864e-05,0.0,-0.0001169098734400244,0.0,-0.00016256179329179486,0.0,-0.00010858259412519263,0.006021147997290169,0.006021147997290169,0.0002682926162977415,0.0002682926162977415,0.004994693209414667,0.004994693209414667,0.003761377941000859,0.003761377941000859,0.006021147997290169,0.006021147997290169,0.0002682926162977415,0.0002682926162977415,0.004994693209414667,0.004994693209414667,0.003761377941000859,0.003761377941000859,3.3212914166664027
bank-marketing,XGBoost,4522,0.00047387595942246255,0.011958409853437551,0.011958409853437551,0.0,-4.4899515386825e-05,0.00062749256696854,0.00062749256696854,0.0003092104652774667,0.0003092104652774667,0.00031223434408200225,0.0002972678389530606,0.007569562559743735,0.007569562559743735,0.008016625574966496,0.008016625574966496,0.01644461060397407,0.01644461060397407,0.010676932912894767,0.010676932912894767,0.007569562559743735,0.007569562559743735,0.008016625574966496,0.008016625574966496,0.01644461060397407,0.01644461060397407,0.010676932912894767,0.010676932912894767,3.4104693890003546
delta_elevators,CatBoost,952,0.00020880514056423636,0.012558266367032505,0.012558266367032505,0.00010003611153302663,0.00010003611153302663,0.0,-0.00016003178966643444,0.0008234664594452529,0.0008234664594452529,0.00030783419032609315,0.0002544902604372817,0.019056839189377707,0.019056839189377707,0.01440127873428835,0.01440127873428835,0.021045720590031,0.021045720590031,0.018167946171232352,0.018167946171232352,0.019056839189377707,0.019056839189377707,0.01440127873428835,0.01440127873428835,0.021045720590031,0.021045720590031,0.018167946171232352,0.018167946171232352,3.564824166666464
delta_elevators,ExtraTrees,952,0.0034708040120754553,0.054296452067342404,0.054296452067342404,0.0034220678725136356,0.0034220678725136356,0.0029454869649546303,0.0029454869649546303,0.001672795282519607,0.001672795282519607,0.002680116706662624,0.002680116706662624,0.05753762984722696,0.05753762984722696,0.05403464258464539,0.05403464258464539,0.033033227680071,0.033033227680071,0.04820183337064778,0.04820183337064778,0.05753762984722696,0.05753762984722696,0.05403464258464539,0.05403464258464539,0.033033227680071,0.033033227680071,0.04820183337064778,0.04820183337064778,3.4462632083329177
delta_elevators,LightGBM,952,0.00031472046437343364,0.016041899277503845,0.016041899277503845,0.0007127553487446896,0.0007127553487446896,0.0003462323581039086,0.0003462323581039086,0.0006122990023763765,0.0006122990023763765,0.0005570955697416583,0.0005570955697416583,0.027179543008174777,0.027179543008174777,0.019563145686074028,0.019563145686074028,0.02527149461558042,0.02527149461558042,0.024004727769943075,0.024004727769943075,0.027179543008174777,0.027179543008174777,0.019563145686074028,0.019563145686074028,0.02527149461558042,0.02527149461558042,0.024004727769943075,0.024004727769943075,3.1585664723327986
delta_elevators,LinearModel,952,0.0006587720091662157,0.01935168200737685,0.01935168200737685,0.0,-0.00034089181855610903,0.0005186360751485973,0.0005186360751485973,0.0,-0.00014159897493166691,0.00017287869171619908,1.204842722027377e-05,0.024778295544789566,0.024778295544789566,0.02431103625315723,0.02431103625315723,0.01094484608907775,0.01094484608907775,0.02001139262900818,0.02001139262900818,0.024778295544789566,0.024778295544789566,0.02431103625315723,0.02431103625315723,0.01094484608907775,0.01094484608907775,0.02001139262900818,0.02001139262900818,3.252965930666202
delta_elevators,NeuralNetFastAI,952,0.000379645069313219,0.01539118967758907,0.01539118967758907,0.0005710156014115092,0.0005710156014115092,0.000516672665136248,0.000516672665136248,0.0,-0.0003225320446701505,0.00036256275551591906,0.00025505207395920223,0.023177663986063038,0.023177663986063038,0.018642181586188643,0.018642181586188643,0.0,-0.003479313552831451,0.013939948524083895,0.012780177339806744,0.023177663986063038,0.023177663986063038,0.018642181586188643,0.018642181586188643,0.0,-0.003479313552831451,0.013939948524083895,0.012780177339806744,3.1701173196670425
delta_elevators,NeuralNetTorch,952,0.00040540976264224343,0.016273342592552687,0.016273342592552687,3.488976925170868e-05,3.488976925170868e-05,3.559230746958856e-05,3.559230746958856e-05,1.9305614605353243e-05,1.9305614605353243e-05,2.992923044221683e-05,2.992923044221683e-05,0.007356875080702349,0.007356875080702349,0.013971648567983247,0.013971648567983247,0.013926222636349727,0.013926222636349727,0.011751582095011774,0.011751582095011774,0.007356875080702349,0.007356875080702349,0.013971648567983247,0.013971648567983247,0.013926222636349727,0.013926222636349727,0.011751582095011774,0.011751582095011774,3.2710759166657226
delta_elevators,RandomForest,952,0.0011662909718192576,0.028698917492630326,0.028698917492630326,0.0,-0.0001395845369141097,0.00069149443853764,0.00069149443853764,0.0,-0.0003341840122063169,0.00023049814617921333,7.257529647240444e-05,0.014356236343204529,0.014356236343204529,0.0154965285449279,0.0154965285449279,0.009195399386372942,0.009195399386372942,0.013016054758168458,0.013016054758168458,0.014356236343204529,0.014356236343204529,0.0154965285449279,0.0154965285449279,0.009195399386372942,0.009195399386372942,0.013016054758168458,0.013016054758168458,3.194648180667476
delta_elevators,XGBoost,952,0.00020807751953127272,0.013166452370370747,0.013166452370370747,0.0,-6.156273090249685e-06,0.0,-0.0004354743732774263,0.0,-0.0008542025402431638,0.0,-0.0004319443955369466,0.0157194311494309,0.0157194311494309,0.01981524852551559,0.01981524852551559,0.0,-0.005496841939234668,0.011844893224982162,0.010012612578570607,0.0157194311494309,0.0157194311494309,0.01981524852551559,0.01981524852551559,0.0,-0.005496841939234668,0.011844893224982162,0.010012612578570607,3.3337363333327326
eeg-eye-state,CatBoost,1498,0.0006470860356479212,0.010574178733270599,0.010574178733270599,0.0004645407230378687,0.0004645407230378687,0.0007529482651773108,0.0007529482651773108,0.0,-0.00030669320578858786,0.00040582966273839316,0.0003035985941421972,0.011577321880358898,0.011577321880358898,0.014256037123384026,0.014256037123384026,0.003340768914062026,0.003340768914062026,0.009724709305934982,0.009724709305934982,0.011577321880358898,0.011577321880358898,0.014256037123384026,0.014256037123384026,0.003340768914062026,0.003340768914062026,0.009724709305934982,0.009724709305934982,3.220794736333725
eeg-eye-state,ExtraTrees,1498,0.025988050043628134,0.1408774455347409,0.1408774455347409,0.025658733550357964,0.025658733550357964,0.025507875156977004,0.025507875156977004,0.024765944158309586,0.024765944158309586,0.02531085095521485,0.02531085095521485,0.14163773951465103,0.14163773951465103,0.13684468209999645,0.13684468209999645,0.13793947518764632,0.13793947518764632,0.13880729893409793,0.13880729893409793,0.14163773951465103,0.14163773951465103,0.13684468209999645,0.13684468209999645,0.13793947518764632,0.13793947518764632,0.13880729893409793,0.13880729893409793,3.4228396390002067
eeg-eye-state,LightGBM,1498,0.0003252814603870711,0.007621748294114375,0.007621748294114375,0.000586340577275957,0.000586340577275957,0.00022343876138395077,0.00022343876138395077,0.00018395083505231484,0.00018395083505231484,0.0003312433912374075,0.0003312433912374075,0.002037532181198088,0.002037532181198088,0.002867357721599567,0.002867357721599567,0.006655654753095849,0.006655654753095849,0.003853514885297835,0.003853514885297835,0.002037532181198088,0.002037532181198088,0.002867357721599567,0.002867357721599567,0.006655654753095849,0.006655654753095849,0.003853514885297835,0.003853514885297835,3.433734680666627
eeg-eye-state,LinearModel,1498,0.001906843841220247,0.034798441667082375,0.034798441667082375,0.0004840352617477822,0.0004840352617477822,0.00047552812091333486,0.00047552812091333486,0.0,-7.404041886105354e-05,0.00031985446088703904,0.00029517432126668783,0.007659892607554892,0.007659892607554892,0.017718890425718038,0.017718890425718038,0.004361460982599309,0.004361460982599309,0.009913414671957414,0.009913414671957414,0.007659892607554892,0.007659892607554892,0.017718890425718038,0.017718890425718038,0.004361460982599309,0.004361460982599309,0.009913414671957414,0.009913414671957414,3.3413179029994353
eeg-eye-state,NeuralNetFastAI,1498,0.00014542071119450184,0.008729747439853074,0.008729747439853074,0.0,-1.803343894250699e-05,0.0,-0.00034195197884443157,0.0,-0.0001119082859634238,0.0,-0.0001572979012501208,0.01805750733628143,0.01805750733628143,0.0033774356054980183,0.0033774356054980183,0.01802660375230452,0.01802660375230452,0.01315384889802799,0.01315384889802799,0.01805750733628143,0.01805750733628143,0.0033774356054980183,0.0033774356054980183,0.01802660375230452,0.01802660375230452,0.01315384889802799,0.01315384889802799,3.542483847000161
eeg-eye-state,NeuralNetTorch,1498,0.00032580937256434893,0.00407839503036282,0.00407839503036282,0.0,-0.00010290996301900874,0.0,-0.0002421200558444595,0.0,-3.660276242444959e-05,0.0,-0.0001272109270959726,0.0,-0.00045144530133237195,0.0,-0.003933707541764498,0.0005830977678320096,0.0005830977678320096,0.00019436592261066988,-0.0012673516917549533,0.0,-0.00045144530133237195,0.0,-0.003933707541764498,0.0005830977678320096,0.0005830977678320096,0.00019436592261066988,-0.0012673516917549533,3.7073935416665336
eeg-eye-state,RandomForest,1498,0.02405895088331239,0.1358734397884756,0.1358734397884756,0.02689969773382368,0.02689969773382368,0.02430732205710361,0.02430732205710361,0.023135650863189815,0.023135650863189815,0.024780890218039035,0.024780890218039035,0.1426902541524553,0.1426902541524553,0.13443035205971643,0.13443035205971643,0.13409212331451695,0.13409212331451695,0.13707090984222955,0.13707090984222955,0.1426902541524553,0.1426902541524553,0.13443035205971643,0.13443035205971643,0.13409212331451695,0.13409212331451695,0.13707090984222955,0.13707090984222955,3.262795027666774
eeg-eye-state,XGBoost,1498,0.0003079101549047496,0.00688104010978535,0.00688104010978535,0.0,-7.941025713949656e-05,0.0002510648243573236,0.0002510648243573236,0.0005237979970093313,0.0005237979970093313,0.0002582876071222183,0.00023181752140905278,0.0,-0.0013041220759331467,0.0031736924249354172,0.0031736924249354172,0.007860000015262783,0.007860000015262783,0.0036778974800660666,0.0032431901214216847,0.0,-0.0013041220759331467,0.0031736924249354172,0.0031736924249354172,0.007860000015262783,0.007860000015262783,0.0036778974800660666,0.0032431901214216847,3.337585611333149
electricity,CatBoost,4532,0.00010843761911822794,0.004937411736887804,0.004937411736887804,2.843626404494144e-05,2.843626404494144e-05,0.0,-4.957744056822396e-05,0.0,-8.050077392138274e-05,9.478754681647146e-06,-3.388065014822176e-05,0.006874667384988004,0.006874667384988004,0.004401218719710128,0.004401218719710128,0.00105978359048327,0.00105978359048327,0.0041118898983938,0.0041118898983938,0.006874667384988004,0.006874667384988004,0.004401218719710128,0.004401218719710128,0.00105978359048327,0.00105978359048327,0.0041118898983938,0.0041118898983938,3.652995235999697
electricity,ExtraTrees,4532,0.007086258880093106,0.06942670523509689,0.06942670523509689,0.007799796654399897,0.007799796654399897,0.007690957796642393,0.007690957796642393,0.006345572239957039,0.006345572239957039,0.007278775563666444,0.007278775563666444,0.07717858132401141,0.07717858132401141,0.07480876661793125,0.07480876661793125,0.06352456543474998,0.06352456543474998,0.07183730445889754,0.07183730445889754,0.07717858132401141,0.07717858132401141,0.07480876661793125,0.07480876661793125,0.06352456543474998,0.06352456543474998,0.07183730445889754,0.07183730445889754,3.436141444333771
electricity,LightGBM,4532,0.00012710323371788613,0.005676105174072797,0.005676105174072797,0.0,-2.917181356459363e-05,0.0,-0.00020514334057248124,0.0,-5.641030736569361e-05,0.0,-9.69084871675895e-05,0.0007619280745607091,0.0007619280745607091,0.0,-0.007417384576176406,0.0,-0.003490902637435919,0.0002539760248535697,-0.003382119713017205,0.0007619280745607091,0.0007619280745607091,0.0,-0.007417384576176406,0.0,-0.003490902637435919,0.0002539760248535697,-0.003382119713017205,3.3791048750002424
electricity,LinearModel,4532,0.0004035558214285251,0.017008395915046364,0.017008395915046364,0.0006087887482152136,0.0006087887482152136,0.0003526592921965585,0.0003526592921965585,0.0,-6.223827948022746e-06,0.0003204826801372574,0.0003184080708212498,0.019728343057045357,0.019728343057045357,0.014215478666474742,0.014215478666474742,0.002920179455511791,0.002920179455511791,0.01228800039301063,0.01228800039301063,0.019728343057045357,0.019728343057045357,0.014215478666474742,0.014215478666474742,0.002920179455511791,0.002920179455511791,0.01228800039301063,0.01228800039301063,3.337587291665841
electricity,NeuralNetFastAI,4532,0.00033354277197180797,0.012777430792358987,0.012777430792358987,0.00024563791900004365,0.00024563791900004365,7.527822913149938e-05,7.527822913149938e-05,0.0,-0.0001166722950488204,0.000106972049377181,6.808128436090754e-05,0.010126317802981143,0.010126317802981143,0.009226014975733351,0.009226014975733351,0.009142658163603925,0.009142658163603925,0.009498330314106141,0.009498330314106141,0.010126317802981143,0.010126317802981143,0.009226014975733351,0.009226014975733351,0.009142658163603925,0.009142658163603925,0.009498330314106141,0.009498330314106141,3.4372729443336234
electricity,NeuralNetTorch,4532,0.0002008343004878142,0.012690960519868476,0.012690960519868476,0.0,-5.367815597266677e-05,0.00016813905672321527,0.00016813905672321527,0.0,-3.560542210328015e-05,5.604635224107176e-05,2.628515954908945e-05,0.008376161288536067,0.008376161288536067,0.013671747547051005,0.013671747547051005,0.011169443618151366,0.011169443618151366,0.011072450817912811,0.011072450817912811,0.008376161288536067,0.008376161288536067,0.013671747547051005,0.013671747547051005,0.011169443618151366,0.011169443618151366,0.011072450817912811,0.011072450817912811,3.455548361333058
electricity,RandomForest,4532,0.004441776453166886,0.0496580173616181,0.0496580173616181,0.003765978073283889,0.003765978073283889,0.004124885450262988,0.004124885450262988,0.0035386424163670795,0.0035386424163670795,0.0038098353133046523,0.0038098353133046523,0.04543100826457449,0.04543100826457449,0.04524271756368266,0.04524271756368266,0.04395410339198004,0.04395410339198004,0.044875943073412396,0.044875943073412396,0.04543100826457449,0.04543100826457449,0.04524271756368266,0.04524271756368266,0.04395410339198004,0.04395410339198004,0.044875943073412396,0.044875943073412396,3.7461784443330544
electricity,XGBoost,4532,4.8861021365858896e-05,0.0031008525334646356,0.0031008525334646356,0.0,-0.000128362690622481,0.0,-1.2908340873554239e-05,6.282686436594672e-05,6.282686436594672e-05,2.094228812198224e-05,-2.6148055710029506e-05,0.0021991888910535273,0.0021991888910535273,0.006475761530010808,0.006475761530010808,0.008069436400214295,0.008069436400214295,0.0055814622737595425,0.0055814622737595425,0.0021991888910535273,0.0021991888910535273,0.006475761530010808,0.006475761530010808,0.008069436400214295,0.008069436400214295,0.0055814622737595425,0.0055814622737595425,3.417204389000593
fried,CatBoost,4077,0.001154454166467346,0.022346031385042747,0.022346031385042747,0.0011096683247723538,0.0011096683247723538,0.0011806654730176242,0.0011806654730176242,0.0012839834074229086,0.0012839834074229086,0.0011914390684042955,0.0011914390684042955,0.024319540808252042,0.024319540808252042,0.02271527237427045,0.02271527237427045,0.02341404472300789,0.02341404472300789,0.02348295263517679,0.02348295263517679,0.024319540808252042,0.024319540808252042,0.02271527237427045,0.02271527237427045,0.02341404472300789,0.02341404472300789,0.02348295263517679,0.02348295263517679,3.1919349166661655
fried,ExtraTrees,4077,0.006903059541016786,0.06332892553083012,0.06332892553083012,0.007347065489860892,0.007347065489860892,0.005969876869809863,0.005969876869809863,0.006882590910635105,0.006882590910635105,0.00673317775676862,0.00673317775676862,0.06794701894651116,0.06794701894651116,0.06115117225864971,0.06115117225864971,0.06556127777689534,0.06556127777689534,0.0648864896606854,0.0648864896606854,0.06794701894651116,0.06794701894651116,0.06115117225864971,0.06115117225864971,0.06556127777689534,0.06556127777689534,0.0648864896606854,0.0648864896606854,3.537183833333984
fried,LightGBM,4077,0.00026798282706437396,0.010261553242490265,0.010261553242490265,0.00018947942095678952,0.00018947942095678952,2.352419593027699e-05,2.352419593027699e-05,0.0001205654349430108,0.0001205654349430108,0.00011118968394335911,0.00011118968394335911,0.012427695174651886,0.012427695174651886,0.00759328519203778,0.00759328519203778,0.010986422189913074,0.010986422189913074,0.010335800852200913,0.010335800852200913,0.012427695174651886,0.012427695174651886,0.00759328519203778,0.00759328519203778,0.010986422189913074,0.010986422189913074,0.010335800852200913,0.010335800852200913,3.344046652666293
fried,LinearModel,4077,0.001254826499521398,0.029152005908696158,0.029152005908696158,0.0007167161993204958,0.0007167161993204958,0.0006618403363556646,0.0006618403363556646,0.001109389961714263,0.001109389961714263,0.0008293154991301411,0.0008293154991301411,0.027562142491972197,0.027562142491972197,0.012115470387618305,0.012115470387618305,0.030993119093130277,0.030993119093130277,0.023556910657573593,0.023556910657573593,0.027562142491972197,0.027562142491972197,0.012115470387618305,0.012115470387618305,0.030993119093130277,0.030993119093130277,0.023556910657573593,0.023556910657573593,3.274514166666146
fried,NeuralNetFastAI,4077,0.00012129928235200947,0.007206099160809135,0.007206099160809135,6.454349638283141e-05,6.454349638283141e-05,0.0,-0.0002034068032801163,0.0,-3.471410933418133e-05,2.1514498794277137e-05,-5.785913874382208e-05,0.011542153268456383,0.011542153268456383,0.0009085338174101138,0.0009085338174101138,0.005793406101258833,0.005793406101258833,0.006081364395708443,0.006081364395708443,0.011542153268456383,0.011542153268456383,0.0009085338174101138,0.0009085338174101138,0.005793406101258833,0.005793406101258833,0.006081364395708443,0.006081364395708443,3.1846201943323345
fried,NeuralNetTorch,4077,0.0007219724496050008,0.01778407569967757,0.01778407569967757,0.0010758105476494485,0.0010758105476494485,0.0006345281039777607,0.0006345281039777607,0.0008714056411258918,0.0008714056411258918,0.0008605814309177003,0.0008605814309177003,0.021741470872215646,0.021741470872215646,0.01627363864154401,0.01627363864154401,0.01801501979498679,0.01801501979498679,0.018676709769582148,0.018676709769582148,0.021741470872215646,0.021741470872215646,0.01627363864154401,0.01627363864154401,0.01801501979498679,0.01801501979498679,0.018676709769582148,0.018676709769582148,3.3590651389992368
fried,RandomForest,4077,0.0036032137281073865,0.04565656378096693,0.04565656378096693,0.0030794779525122593,0.0030794779525122593,0.0032667509122288004,0.0032667509122288004,0.0034741357234244455,0.0034741357234244455,0.0032734548627218352,0.0032734548627218352,0.04301163624579742,0.04301163624579742,0.04482513060378531,0.04482513060378531,0.046193759620993695,0.046193759620993695,0.044676842156858805,0.044676842156858805,0.04301163624579742,0.04301163624579742,0.04482513060378531,0.04482513060378531,0.046193759620993695,0.046193759620993695,0.044676842156858805,0.044676842156858805,3.4230561389995273
fried,XGBoost,4077,0.0002778545380507471,0.010808944365157695,0.010808944365157695,0.00016055672716073016,0.00016055672716073016,0.00033864636792065294,0.00033864636792065294,0.0002875019308179008,0.0002875019308179008,0.00026223500863309466,0.00026223500863309466,0.012984731801206897,0.012984731801206897,0.014549746161007284,0.014549746161007284,0.014627922313914365,0.014627922313914365,0.014054133425376182,0.014054133425376182,0.012984731801206897,0.012984731801206897,0.014549746161007284,0.014549746161007284,0.014627922313914365,0.014627922313914365,0.014054133425376182,0.014054133425376182,3.3058755140009453
houses,CatBoost,2064,1.4204701228638996e-05,0.001192008610834639,0.001192008610834639,6.212979434391526e-05,6.212979434391526e-05,0.0,-5.378500169002022e-05,0.0,-3.905912549405448e-05,2.0709931447971753e-05,-1.0238110946719814e-05,0.000870487585275406,0.000870487585275406,0.0,-2.4579242520747696e-05,0.0,-0.0005969974217382408,0.00029016252842513536,8.29703070054725e-05,0.000870487585275406,0.000870487585275406,0.0,-2.4579242520747696e-05,0.0,-0.0005969974217382408,0.00029016252842513536,8.29703070054725e-05,3.339642402666262
houses,ExtraTrees,2064,0.00037951987919955944,0.007923446218264624,0.007923446218264624,0.0,-8.278862785853511e-05,0.0,-0.00014268019917615404,0.0,-8.317604506790394e-06,0.0,-7.792881051382651e-05,0.0021996127631941217,0.0021996127631941217,0.0018475459488794612,0.0018475459488794612,0.007138243227088896,0.007138243227088896,0.0037284673130541595,0.0037284673130541595,0.0021996127631941217,0.0021996127631941217,0.0018475459488794612,0.0018475459488794612,0.007138243227088896,0.007138243227088896,0.0037284673130541595,0.0037284673130541595,3.239409916666773
houses,LightGBM,2064,1.3250593926179e-05,0.000957850827254587,0.000957850827254587,0.0,-0.0001488645967775832,0.0,-0.000279823903040531,7.715932214353336e-05,7.715932214353336e-05,2.5719774047844456e-05,-0.00011717639255819361,0.0,-0.001197348794212585,0.0,-0.006676077330719763,0.0045456564078435345,0.0045456564078435345,0.0015152188026145116,-0.001109256572362938,0.0,-0.001197348794212585,0.0,-0.006676077330719763,0.0045456564078435345,0.0045456564078435345,0.0015152188026145116,-0.001109256572362938,3.400816763999804
houses,LinearModel,2064,0.001905403901629658,0.018221830937356798,0.018221830937356798,0.001252411268054864,0.001252411268054864,0.0,-5.029031715079593e-07,0.0002728907928805177,0.0002728907928805177,0.0005084340203117939,0.0005082663859212913,0.018874987637333078,0.018874987637333078,0.004447360208885147,0.004447360208885147,0.01254163773091227,0.01254163773091227,0.0119546618590435,0.0119546618590435,0.018874987637333078,0.018874987637333078,0.004447360208885147,0.004447360208885147,0.01254163773091227,0.01254163773091227,0.0119546618590435,0.0119546618590435,3.325670555665662
houses,NeuralNetFastAI,2064,5.755704362879802e-05,0.0019120419770464242,0.0019120419770464242,0.0,-3.2032985981933504e-05,0.0,-0.00018466755179945217,0.0,-3.140264151185243e-05,0.0,-8.270105976441269e-05,0.0036370666736516544,0.0036370666736516544,0.0,-0.003206276659428749,0.002926910765602282,0.002926910765602282,0.002187992479751312,0.0011192335932750624,0.0036370666736516544,0.0036370666736516544,0.0,-0.003206276659428749,0.002926910765602282,0.002926910765602282,0.002187992479751312,0.0011192335932750624,3.4293705276674395
houses,NeuralNetTorch,2064,0.000413800447970954,0.006170077965516859,0.006170077965516859,0.0001328127050116374,0.0001328127050116374,5.875115670613604e-05,5.875115670613604e-05,0.0004739716423183184,0.0004739716423183184,0.0002218451680120306,0.0002218451680120306,0.005941382735448265,0.005941382735448265,0.002046192068175705,0.002046192068175705,0.0074577922637522965,0.0074577922637522965,0.005148455689125422,0.005148455689125422,0.005941382735448265,0.005941382735448265,0.002046192068175705,0.002046192068175705,0.0074577922637522965,0.0074577922637522965,0.005148455689125422,0.005148455689125422,3.2929113750008887
houses,RandomForest,2064,0.0002291509747290798,0.005750992408290283,0.005750992408290283,0.0005070400603180992,0.0005070400603180992,3.7295964821118494e-05,3.7295964821118494e-05,8.8041742412404e-05,8.8041742412404e-05,0.0002107925891838739,0.0002107925891838739,0.00782529172402276,0.00782529172402276,0.0024169542543118995,0.0024169542543118995,0.004537433906897809,0.004537433906897809,0.004926559961744156,0.004926559961744156,0.00782529172402276,0.00782529172402276,0.0024169542543118995,0.0024169542543118995,0.004537433906897809,0.004537433906897809,0.004926559961744156,0.004926559961744156,3.2138252363341357
houses,XGBoost,2064,1.4119616642225715e-05,0.001111732412486931,0.001111732412486931,0.0,-6.412358787747792e-05,0.0,-0.000268595477254588,0.0,-0.00014053639022891396,0.0,-0.00015775181845366,0.0,-0.003116173635850666,0.0,-0.006778595838977356,0.003387391174075582,0.003387391174075582,0.0011291303913585273,-0.0021691261002508132,0.0,-0.003116173635850666,0.0,-0.006778595838977356,0.003387391174075582,0.003387391174075582,0.0011291303913585273,-0.0021691261002508132,3.2874511943324856
jm1,CatBoost,1089,0.0004593651716264114,0.016492085288474602,0.016492085288474602,0.0003163876404183438,0.0003163876404183438,0.0,-0.0010539384184854988,0.0,-0.00045223714201387676,0.0001054625468061146,-0.0003965959733603439,0.0,-0.010611271193204833,0.0,-0.006354572331828738,0.006152927287135023,0.006152927287135023,0.002050975762378341,-0.003604305412632849,0.0,-0.010611271193204833,0.0,-0.006354572331828738,0.006152927287135023,0.006152927287135023,0.002050975762378341,-0.003604305412632849,3.4585396666661836
jm1,ExtraTrees,1089,0.0010491897673640903,0.02842682492911783,0.02842682492911783,0.0006051405809235807,0.0006051405809235807,0.00017549769436706503,0.00017549769436706503,0.0,-5.1717172386996204e-05,0.00026021275843021523,0.00024297370096788316,0.018864491560247953,0.018864491560247953,0.019583759809037305,0.019583759809037305,0.017301226519931216,0.017301226519931216,0.01858315929640549,0.01858315929640549,0.018864491560247953,0.018864491560247953,0.019583759809037305,0.019583759809037305,0.017301226519931216,0.017301226519931216,0.01858315929640549,0.01858315929640549,3.4619728613336824
jm1,LightGBM,1089,0.0002128138158242075,0.013651963000085728,0.013651963000085728,0.00020210372964568526,0.00020210372964568526,0.0,-2.1969593141152265e-05,0.0,-0.0006789029030493122,6.736790988189508e-05,-0.0001662562555149264,0.0,-0.0053995621926856766,0.0177486542992027,0.0177486542992027,0.0,-0.006154789330217136,0.005916218099734233,0.0020647675920999627,0.0,-0.0053995621926856766,0.0177486542992027,0.0177486542992027,0.0,-0.006154789330217136,0.005916218099734233,0.0020647675920999627,3.304826236332398
jm1,LinearModel,1089,0.0004755464473911734,0.01843881275491144,0.01843881275491144,0.0005808061072909047,0.0005808061072909047,0.0005581719903727863,0.0005581719903727863,0.0,-0.0003274634337315206,0.00037965936588789704,0.00027050488797739016,0.014568133205278024,0.014568133205278024,0.02977336151311576,0.02977336151311576,0.0,-0.0041391599890874325,0.014780498239464595,0.013400778243102117,0.014568133205278024,0.014568133205278024,0.02977336151311576,0.02977336151311576,0.0,-0.0041391599890874325,0.014780498239464595,0.013400778243102117,3.296569180666362
jm1,NeuralNetFastAI,1089,0.0008481313064926765,0.019026765100404797,0.019026765100404797,0.0004900036521507635,0.0004900036521507635,0.0,-6.572922586630447e-05,0.0,-0.0002934551105208064,0.00016333455071692118,4.3606438587884234e-05,0.00663164011532008,0.00663164011532008,0.009501240016931893,0.009501240016931893,0.0,-0.0009914382666185212,0.005377626710750657,0.0050471472885444835,0.00663164011532008,0.00663164011532008,0.009501240016931893,0.009501240016931893,0.0,-0.0009914382666185212,0.005377626710750657,0.0050471472885444835,3.4467670833328157
jm1,NeuralNetTorch,1089,0.0005744025831623151,0.021173878675078694,0.021173878675078694,0.0005233283414836128,0.0005233283414836128,0.000616365668662616,0.000616365668662616,1.3208734948232936e-05,1.3208734948232936e-05,0.0003843009150314872,0.0003843009150314872,0.02170454051313089,0.02170454051313089,0.030219614805518567,0.030219614805518567,0.013082926566528688,0.013082926566528688,0.021669027295059384,0.021669027295059384,0.02170454051313089,0.02170454051313089,0.030219614805518567,0.030219614805518567,0.013082926566528688,0.013082926566528688,0.021669027295059384,0.021669027295059384,3.35692847233319
jm1,RandomForest,1089,0.0009024565193582983,0.02430348862947116,0.02430348862947116,0.0014242844453229105,0.0014242844453229105,0.0,-0.0006102250314778206,0.0,-0.0010590690160722325,0.00047476148177430353,-8.166986740904751e-05,0.014456132853446876,0.014456132853446876,0.0,-0.011764643343686767,0.0,-0.014902409088647778,0.0048187109511489586,-0.00407030652629589,0.014456132853446876,0.014456132853446876,0.0,-0.011764643343686767,0.0,-0.014902409088647778,0.0048187109511489586,-0.00407030652629589,3.272730541666533
jm1,XGBoost,1089,0.00032598756892539385,0.015437645146655752,0.015437645146655752,2.6382002139337612e-05,2.6382002139337612e-05,0.00010642207983787277,0.00010642207983787277,0.0,-0.0009105209611399915,4.426802732573679e-05,-0.00025923895972092704,0.0,-0.0037295083653034696,0.025812907640448506,0.025812907640448506,0.0,-0.00827128133463739,0.008604302546816168,0.0046040393135025484,0.0,-0.0037295083653034696,0.025812907640448506,0.025812907640448506,0.0,-0.00827128133463739,0.008604302546816168,0.0046040393135025484,3.239327694334255
kdd_internet_usage,CatBoost,1011,0.00011989314943202964,0.008030440630033128,0.008030440630033128,0.0,-0.0004815685724524205,0.0008858547345531655,0.0008858547345531655,0.00039035721340129845,0.00039035721340129845,0.000425403982651488,0.0002648811251673478,0.0,-0.006963753789174163,0.021803658899278162,0.021803658899278162,0.017526465258653194,0.017526465258653194,0.01311004138597712,0.010788790122919065,0.0,-0.006963753789174163,0.021803658899278162,0.021803658899278162,0.017526465258653194,0.017526465258653194,0.01311004138597712,0.010788790122919065,3.1671813749999274
kdd_internet_usage,ExtraTrees,1011,0.002305234841809879,0.034895905272840685,0.034895905272840685,0.0005703369223720503,0.0005703369223720503,0.0027066091057030067,0.0027066091057030067,0.0045835989318063495,0.0045835989318063495,0.0026201816532938024,0.0026201816532938024,0.027336799088170827,0.027336799088170827,0.03280887589543797,0.03280887589543797,0.05022450902393149,0.05022450902393149,0.03679006133584676,0.03679006133584676,0.027336799088170827,0.027336799088170827,0.03280887589543797,0.03280887589543797,0.05022450902393149,0.05022450902393149,0.03679006133584676,0.03679006133584676,3.429382958333008
kdd_internet_usage,LightGBM,1011,0.00019709012292062653,0.011555293486926854,0.011555293486926854,0.0,-0.0005371849014212635,0.0,-0.00037669179270279004,0.0,-0.0005789755735648962,0.0,-0.0004976174225629833,0.00021278727421966315,0.00021278727421966315,0.018257487175155258,0.018257487175155258,0.012214238088003164,0.012214238088003164,0.010228170845792695,0.010228170845792695,0.00021278727421966315,0.00021278727421966315,0.018257487175155258,0.018257487175155258,0.012214238088003164,0.012214238088003164,0.010228170845792695,0.010228170845792695,3.5120272500001497
kdd_internet_usage,LinearModel,1011,0.0005205022132861698,0.013718643449135908,0.013718643449135908,0.0,-0.0009081987603284736,0.000571387083834338,0.000571387083834338,0.0,-1.2454690482510925e-05,0.00019046236127811267,-0.00011642212232554882,0.0,-0.013599693534958851,0.017041193271390698,0.017041193271390698,0.0023950256593290795,0.0023950256593290795,0.006478739643573259,0.0019455084652536421,0.0,-0.013599693534958851,0.017041193271390698,0.017041193271390698,0.0023950256593290795,0.0023950256593290795,0.006478739643573259,0.0019455084652536421,3.2583404446656155
kdd_internet_usage,NeuralNetFastAI,1011,0.0006063670016805417,0.013139750460642008,0.013139750460642008,0.0,-0.0005531012737952554,3.362029596781164e-05,3.362029596781164e-05,0.00014237919555785947,0.00014237919555785947,5.86664971752237e-05,-0.00012570059408986145,0.0,-0.006085540115940141,0.007839635659942383,0.007839635659942383,0.01644503165432091,0.01644503165432091,0.00809488910475443,0.006066375732774384,0.0,-0.006085540115940141,0.007839635659942383,0.007839635659942383,0.01644503165432091,0.01644503165432091,0.00809488910475443,0.006066375732774384,3.210325110999596
kdd_internet_usage,NeuralNetTorch,1011,0.0004818589126725466,0.01775397100298975,0.01775397100298975,0.0,-0.0009122746168526711,0.000304429271187102,0.000304429271187102,0.0,-0.0005524084541127637,0.000101476423729034,-0.0003867512665927776,0.0,-0.004673215923794019,0.01633114197925212,0.01633114197925212,0.0036963001084739655,0.0036963001084739655,0.0066758140292420285,0.005118075387977356,0.0,-0.004673215923794019,0.01633114197925212,0.01633114197925212,0.0036963001084739655,0.0036963001084739655,0.0066758140292420285,0.005118075387977356,3.2446419166662963
kdd_internet_usage,RandomForest,1011,0.0014103647049324539,0.026669656403356303,0.026669656403356303,0.0006714913816420931,0.0006714913816420931,0.00039495229913090967,0.00039495229913090967,0.0021663228116830815,0.0021663228116830815,0.0010775888308186949,0.0010775888308186949,0.028542623039345145,0.028542623039345145,0.02155053053322063,0.02155053053322063,0.03436813564428969,0.03436813564428969,0.02815376307228516,0.02815376307228516,0.028542623039345145,0.028542623039345145,0.02155053053322063,0.02155053053322063,0.03436813564428969,0.03436813564428969,0.02815376307228516,0.02815376307228516,3.4920135276661313
kdd_internet_usage,XGBoost,1011,0.0002602774634580257,0.011638285660769415,0.011638285660769415,0.0,-0.000447419076803053,0.0,-9.990931531434825e-05,0.0009289934180444025,0.0009289934180444025,0.0003096644726814675,0.0001272216753090004,0.00608118166826927,0.00608118166826927,0.0,-0.0007595052887592557,0.024899894331902466,0.024899894331902466,0.010327025333390579,0.01007385690380416,0.00608118166826927,0.00608118166826927,0.0,-0.0007595052887592557,0.024899894331902466,0.024899894331902466,0.010327025333390579,0.01007385690380416,3.1869662916663706
kick,CatBoost,7299,0.0003284324724235084,0.01568537063988908,0.01568537063988908,0.00011937722810661665,0.00011937722810661665,0.00022164857748611133,0.00022164857748611133,0.0,-1.660791770063234e-05,0.00011367526853090931,0.00010813929596403186,0.011358851573194842,0.011358851573194842,0.01731583239200725,0.01731583239200725,0.008852644076576993,0.008852644076576993,0.012509109347259696,0.012509109347259696,0.011358851573194842,0.011358851573194842,0.01731583239200725,0.01731583239200725,0.008852644076576993,0.008852644076576993,0.012509109347259696,0.012509109347259696,3.256866069333531
kick,ExtraTrees,7299,0.0007693803283363651,0.022206391086151307,0.022206391086151307,0.0005464177726210627,0.0005464177726210627,0.0008586255749623845,0.0008586255749623845,0.000349753677509587,0.000349753677509587,0.0005849323416976781,0.0005849323416976781,0.02267458929314582,0.02267458929314582,0.024009675724007584,0.024009675724007584,0.018849987750962128,0.018849987750962128,0.021844750922705176,0.021844750922705176,0.02267458929314582,0.02267458929314582,0.024009675724007584,0.024009675724007584,0.018849987750962128,0.018849987750962128,0.021844750922705176,0.021844750922705176,3.351872305665893
kick,LightGBM,7299,0.000758403691047608,0.0190159195066514,0.0190159195066514,0.0006104442763343921,0.0006104442763343921,0.0006725202074169548,0.0006725202074169548,0.0005181213036757023,0.0005181213036757023,0.0006003619291423497,0.0006003619291423497,0.016354408759954496,0.016354408759954496,0.02156162803243896,0.02156162803243896,0.019333632026380127,0.019333632026380127,0.019083222939591193,0.019083222939591193,0.016354408759954496,0.016354408759954496,0.02156162803243896,0.02156162803243896,0.019333632026380127,0.019333632026380127,0.019083222939591193,0.019083222939591193,3.2631827500008512
kick,LinearModel,7299,0.0005939979673438714,0.01760061161563192,0.01760061161563192,0.0002749677429935662,0.0002749677429935662,0.0005808343422962454,0.0005808343422962454,0.00034891786460897894,0.00034891786460897894,0.00040157331663293023,0.00040157331663293023,0.015492563164264197,0.015492563164264197,0.019291317881885515,0.019291317881885515,0.014282890299871918,0.014282890299871918,0.016355590448673876,0.016355590448673876,0.015492563164264197,0.015492563164264197,0.019291317881885515,0.019291317881885515,0.014282890299871918,0.014282890299871918,0.016355590448673876,0.016355590448673876,3.3858325696674
kick,NeuralNetFastAI,7299,0.0005771733416787403,0.017684241476468614,0.017684241476468614,0.0004058751066749544,0.0004058751066749544,0.0002566545254861667,0.0002566545254861667,0.000439266059497154,0.000439266059497154,0.0003672652305527584,0.0003672652305527584,0.017966252795988007,0.017966252795988007,0.018761953478889593,0.018761953478889593,0.017942803948803775,0.017942803948803775,0.018223670074560456,0.018223670074560456,0.017966252795988007,0.017966252795988007,0.018761953478889593,0.018761953478889593,0.017942803948803775,0.017942803948803775,0.018223670074560456,0.018223670074560456,3.290066569332945
kick,NeuralNetTorch,7299,0.00023458592068901205,0.013487245802634747,0.013487245802634747,0.0002215352023688329,0.0002215352023688329,0.00018899591757537589,0.00018899591757537589,0.00015902851939958806,0.00015902851939958806,0.00018985321311459894,0.00018985321311459894,0.015913023720860967,0.015913023720860967,0.011501835704538554,0.011501835704538554,0.01255378922776632,0.01255378922776632,0.013322882884388614,0.013322882884388614,0.015913023720860967,0.015913023720860967,0.011501835704538554,0.011501835704538554,0.01255378922776632,0.01255378922776632,0.013322882884388614,0.013322882884388614,3.431971388999955
kick,RandomForest,7299,0.002828115379297646,0.03225391854775516,0.03225391854775516,0.0022803544371371542,0.0022803544371371542,0.0029646854718230068,0.0029646854718230068,0.0023835231717537855,0.0023835231717537855,0.002542854360237982,0.002542854360237982,0.031593257359756384,0.031593257359756384,0.03555182509784843,0.03555182509784843,0.029115928785126706,0.029115928785126706,0.03208700374757717,0.03208700374757717,0.031593257359756384,0.031593257359756384,0.03555182509784843,0.03555182509784843,0.029115928785126706,0.029115928785126706,0.03208700374757717,0.03208700374757717,3.7970929999998284
kick,XGBoost,7299,0.00046227426086040705,0.018060586153021627,0.018060586153021627,0.0003287993552255811,0.0003287993552255811,0.00033525963744228073,0.00033525963744228073,0.0001847064483564383,0.0001847064483564383,0.0002829218136747667,0.0002829218136747667,0.016942024430644638,0.016942024430644638,0.01968481415570224,0.01968481415570224,0.015131169384883101,0.015131169384883101,0.017252669323743326,0.017252669323743326,0.016942024430644638,0.016942024430644638,0.01968481415570224,0.01968481415570224,0.015131169384883101,0.015131169384883101,0.017252669323743326,0.017252669323743326,3.311073860999992
mammography,CatBoost,1119,0.0003067871709737866,0.002987250300573251,0.002987250300573251,0.0,-0.0004809415678206793,0.0,-0.00045375675010555567,0.00036690940731627994,0.00036690940731627994,0.00012230313577209331,-0.0001892629702033183,0.0,-0.0036798907120058656,0.0,-0.007513568303690068,0.004453290237472598,0.004453290237472598,0.0014844300791575329,-0.002246722926074445,0.0,-0.0036798907120058656,0.0,-0.007513568303690068,0.004453290237472598,0.004453290237472598,0.0014844300791575329,-0.002246722926074445,3.1981251946660145
mammography,ExtraTrees,1119,0.0009083719555935277,0.00982183899564482,0.00982183899564482,0.0,-0.0005820243715849822,0.0,-0.0003084970597113566,0.0001728109378864446,0.0001728109378864446,5.76036459621482e-05,-0.00023923683113663137,0.0015574206379018046,0.0015574206379018046,0.005020844660304502,0.005020844660304502,0.006721577346610757,0.006721577346610757,0.004433280881605688,0.004433280881605688,0.0015574206379018046,0.0015574206379018046,0.005020844660304502,0.005020844660304502,0.006721577346610757,0.006721577346610757,0.004433280881605688,0.004433280881605688,3.25166026366666
mammography,LightGBM,1119,0.00031100477806888605,0.004549416189807716,0.004549416189807716,0.0,-0.00043041153309686815,0.0,-0.0007142951932256487,0.0,-0.00033669937944695843,0.0,-0.0004938020352564917,0.0,-0.00010365820856027512,0.0,-0.004783277794131152,0.0,-0.006817373946800968,0.0,-0.0039014366498307984,0.0,-0.00010365820856027512,0.0,-0.004783277794131152,0.0,-0.006817373946800968,0.0,-0.0039014366498307984,3.2056750833338206
mammography,LinearModel,1119,0.00047097862035540007,0.0075422727862264815,0.0075422727862264815,0.0,-0.0002520671209727622,8.378010264640268e-05,8.378010264640268e-05,0.0,-9.076484828088271e-05,2.7926700882134224e-05,-8.635062220241407e-05,0.0031123021740910393,0.0031123021740910393,0.006953503085947552,0.006953503085947552,0.0,-0.003614804695051668,0.003355268420012864,0.002150333521662308,0.0031123021740910393,0.0031123021740910393,0.006953503085947552,0.006953503085947552,0.0,-0.003614804695051668,0.003355268420012864,0.002150333521662308,3.2268237360003695
mammography,NeuralNetFastAI,1119,0.00021599745896071988,0.0038140064351425873,0.0038140064351425873,0.0,-0.0003892254893167753,0.00010454713811053759,0.00010454713811053759,0.0,-0.00014036787071025806,3.484904603684586e-05,-0.00014168207397216527,0.0,-0.00044004573547485216,0.0019448489317392484,0.0019448489317392484,0.0,-0.0062185387410241795,0.0006482829772464161,-0.0015712451815865945,0.0,-0.00044004573547485216,0.0019448489317392484,0.0019448489317392484,0.0,-0.0062185387410241795,0.0006482829772464161,-0.0015712451815865945,3.2114614863336706
mammography,NeuralNetTorch,1119,0.0002914973659975757,0.004787277400137917,0.004787277400137917,0.0,-9.10741355017887e-05,0.0,-0.0002806529089686439,0.0,-0.00011088733720524605,0.0,-0.00016087146055855956,0.0013132658637382741,0.0013132658637382741,0.003916154357495021,0.003916154357495021,0.0,-0.005981037665772222,0.001743140073744432,-0.00025053914817964204,0.0013132658637382741,0.0013132658637382741,0.003916154357495021,0.003916154357495021,0.0,-0.005981037665772222,0.001743140073744432,-0.00025053914817964204,3.1524508750007953
mammography,RandomForest,1119,0.0009077515840056415,0.010416327105699756,0.010416327105699756,0.0,-0.00038717927911519415,0.00016382363967600648,0.00016382363967600648,0.0006082721237780993,0.0006082721237780993,0.00025736525448470193,0.0001283054947796372,0.004385308827278308,0.004385308827278308,0.0023066851024848996,0.0023066851024848996,0.0074674171148600916,0.0074674171148600916,0.0047198036815410994,0.0047198036815410994,0.004385308827278308,0.004385308827278308,0.0023066851024848996,0.0023066851024848996,0.0074674171148600916,0.0074674171148600916,0.0047198036815410994,0.0047198036815410994,3.214166555666452
mammography,XGBoost,1119,0.00038680258371852957,0.004986199969852342,0.004986199969852342,0.0,-0.0007019083951292161,0.0,-0.00023206667855554876,0.00019407922493613612,0.00019407922493613612,6.469307497871204e-05,-0.00024663194958287623,0.0,-0.004206579623165872,0.0,-0.008283173062988841,0.0,-0.003935166421191146,0.0,-0.005474973035781952,0.0,-0.004206579623165872,0.0,-0.008283173062988841,0.0,-0.003935166421191146,0.0,-0.005474973035781952,3.3237131530004262
mc1,CatBoost,947,8.474567040156436e-05,0.001448690264707574,0.001448690264707574,0.0,-0.00011862527874064043,0.0002772855005742534,0.0002772855005742534,0.0,-8.226964410145279e-05,9.242850019141779e-05,2.5463525910720053e-05,0.0,-0.0028231657393694163,0.006440285970760537,0.006440285970760537,0.0,-0.0042223042887671175,0.002146761990253512,-0.00020172801912533237,0.0,-0.0028231657393694163,0.006440285970760537,0.006440285970760537,0.0,-0.0042223042887671175,0.002146761990253512,-0.00020172801912533237,3.346824208333904
mc1,ExtraTrees,947,0.00010842411057971378,0.00240776792749526,0.00240776792749526,0.00011821139809973922,0.00011821139809973922,0.0,-7.347478641973472e-05,0.0,-0.00021485699151138217,3.940379936657974e-05,-5.670679327712589e-05,0.0035423005785575603,0.0035423005785575603,0.00019894815908889744,0.00019894815908889744,0.0005372460096948013,0.0005372460096948013,0.0014261649157804198,0.0014261649157804198,0.0035423005785575603,0.0035423005785575603,0.00019894815908889744,0.00019894815908889744,0.0005372460096948013,0.0005372460096948013,0.0014261649157804198,0.0014261649157804198,3.336676986000384
mc1,LightGBM,947,9.440718488325625e-05,0.002233540501656573,0.002233540501656573,0.0,-0.0008946938285895696,0.0,-3.7597135731771755e-05,0.0,-0.00016026106895154643,0.0,-0.0003641840110909626,0.002420992389311001,0.002420992389311001,0.005784635678479013,0.005784635678479013,0.0,-0.0008391896911224089,0.002735209355930005,0.002455479458889202,0.002420992389311001,0.002420992389311001,0.005784635678479013,0.005784635678479013,0.0,-0.0008391896911224089,0.002735209355930005,0.002455479458889202,3.4798778193326143
mc1,LinearModel,947,0.00014638436646146276,0.0026338506459625682,0.0026338506459625682,0.0,-6.79638620105806e-05,0.0,-4.950565585062455e-05,0.0,-0.00021547336528028574,0.0,-0.00011098096104716363,0.0001902917146221094,0.0001902917146221094,0.001775858529770279,0.001775858529770279,0.0,-0.0051906386180526655,0.0006553834147974628,-0.001074829457886759,0.0001902917146221094,0.0001902917146221094,0.001775858529770279,0.001775858529770279,0.0,-0.0051906386180526655,0.0006553834147974628,-0.001074829457886759,3.5573405973324648
mc1,NeuralNetFastAI,947,0.0002510707807121435,0.0026250846864085877,0.0026250846864085877,8.087576021265666e-05,8.087576021265666e-05,2.231477684360908e-05,2.231477684360908e-05,0.0,-4.883550912726092e-05,3.439684568542191e-05,1.8118342643001606e-05,1.3575066961028744e-05,1.3575066961028744e-05,0.0007345034659732925,0.0007345034659732925,0.0031545344797624356,0.0031545344797624356,0.0013008710042322522,0.0013008710042322522,1.3575066961028744e-05,1.3575066961028744e-05,0.0007345034659732925,0.0007345034659732925,0.0031545344797624356,0.0031545344797624356,0.0013008710042322522,0.0013008710042322522,3.240391041666347
mc1,NeuralNetTorch,947,0.00010110961490308469,0.002626690070216347,0.002626690070216347,5.900062510754257e-05,5.900062510754257e-05,8.306614300441333e-05,8.306614300441333e-05,0.0,-0.0001353967559433609,4.735558937065196e-05,2.223337389531668e-06,0.003910134729197047,0.003910134729197047,0.005113896929041054,0.005113896929041054,0.004258929244760992,0.004258929244760992,0.004427653634333031,0.004427653634333031,0.003910134729197047,0.003910134729197047,0.005113896929041054,0.005113896929041054,0.004258929244760992,0.004258929244760992,0.004427653634333031,0.004427653634333031,3.1627520276657983
mc1,RandomForest,947,5.816639252468534e-05,0.002580967733421892,0.002580967733421892,6.870403446294474e-05,6.870403446294474e-05,0.0,-3.4579710978299755e-05,0.0,-0.001410748623714612,2.2901344820981582e-05,-0.0004588747667433223,0.004051644934991676,0.004051644934991676,0.0,-0.000736134003890187,0.0034467780664494954,0.0034467780664494954,0.002499474333813724,0.002254096332516995,0.004051644934991676,0.004051644934991676,0.0,-0.000736134003890187,0.0034467780664494954,0.0034467780664494954,0.002499474333813724,0.002254096332516995,3.167934694666959
mc1,XGBoost,947,6.719166348136656e-05,0.0017722229712900024,0.0017722229712900024,2.356533017418475e-05,2.356533017418475e-05,0.0,-0.0001598098946736837,0.0,-0.0002127541218607397,7.855110058061584e-06,-0.00011633289545341289,0.0007095482891746093,0.0007095482891746093,0.004808722117496802,0.004808722117496802,0.00010299413177797447,0.00010299413177797447,0.0018737548461497952,0.0018737548461497952,0.0007095482891746093,0.0007095482891746093,0.004808722117496802,0.004808722117496802,0.00010299413177797447,0.00010299413177797447,0.0018737548461497952,0.0018737548461497952,3.1711174583324464
mozilla4,CatBoost,1555,0.00010475732649914228,0.004283992180305419,0.004283992180305419,0.0,-7.436994374782854e-05,0.0,-0.00019136134684191725,0.0,-0.00014517267690130733,0.0,-0.00013696798916368436,0.0,-0.002535956869850952,0.0,-0.00639592344434973,0.0,-0.001218399429506468,0.0,-0.0033834265812357164,0.0,-0.002535956869850952,0.0,-0.00639592344434973,0.0,-0.001218399429506468,0.0,-0.0033834265812357164,3.135658027666068
mozilla4,ExtraTrees,1555,0.0009227105781339121,0.019337496672612108,0.019337496672612108,4.80804728447133e-05,4.80804728447133e-05,0.0009921133601079812,0.0009921133601079812,0.000456666748989311,0.000456666748989311,0.0004989535273140018,0.0004989535273140018,0.007597001401521864,0.007597001401521864,0.01714898123768221,0.01714898123768221,0.013290459379086636,0.013290459379086636,0.012678814006096904,0.012678814006096904,0.007597001401521864,0.007597001401521864,0.01714898123768221,0.01714898123768221,0.013290459379086636,0.013290459379086636,0.012678814006096904,0.012678814006096904,3.2776981530005287
mozilla4,LightGBM,1555,0.000159472009788727,0.00936400598354699,0.00936400598354699,0.0,-0.00019310788609078775,0.0,-0.00014108785696254896,0.0,-0.0002578944825173168,0.0,-0.00019736340852355116,0.002479701891685222,0.002479701891685222,0.0053975173284170905,0.0053975173284170905,0.0,-0.001587241230730171,0.002625739740034104,0.002096659329790714,0.002479701891685222,0.002479701891685222,0.0053975173284170905,0.0053975173284170905,0.0,-0.001587241230730171,0.002625739740034104,0.002096659329790714,3.128577971999524
mozilla4,LinearModel,1555,0.00220445800765884,0.015876230313230686,0.015876230313230686,0.0009588037205885588,0.0009588037205885588,0.0005014960466799918,0.0005014960466799918,0.0016820200006709663,0.0016820200006709663,0.0010474399226465057,0.0010474399226465057,0.015284258781410017,0.015284258781410017,0.015733418812128093,0.015733418812128093,0.023344721944303714,0.023344721944303714,0.018120799845947274,0.018120799845947274,0.015284258781410017,0.015284258781410017,0.015733418812128093,0.015733418812128093,0.023344721944303714,0.023344721944303714,0.018120799845947274,0.018120799845947274,3.182422514000791
mozilla4,NeuralNetFastAI,1555,0.0010055261190156874,0.020562476577339065,0.020562476577339065,0.000895825538931354,0.000895825538931354,0.0019774032002651035,0.0019774032002651035,0.0007572999504187334,0.0007572999504187334,0.0012101762298717305,0.0012101762298717305,0.02063022956276055,0.02063022956276055,0.025785026106372524,0.025785026106372524,0.021438524087477727,0.021438524087477727,0.022617926585536935,0.022617926585536935,0.02063022956276055,0.02063022956276055,0.025785026106372524,0.025785026106372524,0.021438524087477727,0.021438524087477727,0.022617926585536935,0.022617926585536935,3.262035666666634
mozilla4,NeuralNetTorch,1555,0.0007979974933060649,0.013448329768381714,0.013448329768381714,0.00072768191513767,0.00072768191513767,0.00030744456744424744,0.00030744456744424744,3.4984420058196616e-05,3.4984420058196616e-05,0.00035670363421337137,0.00035670363421337137,0.013500832754103347,0.013500832754103347,0.012721352724570966,0.012721352724570966,0.006124596882075387,0.006124596882075387,0.010782260786916567,0.010782260786916567,0.013500832754103347,0.013500832754103347,0.012721352724570966,0.012721352724570966,0.006124596882075387,0.006124596882075387,0.010782260786916567,0.010782260786916567,3.27374830533275
mozilla4,RandomForest,1555,0.0006578447157407265,0.014748294860964668,0.014748294860964668,0.0002649183193557189,0.0002649183193557189,0.0006911227260860495,0.0006911227260860495,0.000350510770798377,0.000350510770798377,0.00043551727208004844,0.00043551727208004844,0.008893889843986348,0.008893889843986348,0.012889603176827982,0.012889603176827982,0.012152196477703343,0.012152196477703343,0.011311896499505892,0.011311896499505892,0.008893889843986348,0.008893889843986348,0.012889603176827982,0.012889603176827982,0.012152196477703343,0.012152196477703343,0.011311896499505892,0.011311896499505892,3.373667583332766
mozilla4,XGBoost,1555,0.00013384213959910505,0.004527395625543843,0.004527395625543843,0.0,-0.00018490120939684785,0.0,-0.0002315409279576544,0.0,-9.947633664275943e-05,0.0,-0.0001719728246657539,0.007943534582626475,0.007943534582626475,0.0,-0.011730684834690405,0.0,-0.001201379055945634,0.002647844860875492,-0.0016628431026698548,0.007943534582626475,0.007943534582626475,0.0,-0.011730684834690405,0.0,-0.001201379055945634,0.002647844860875492,-0.0016628431026698548,3.251760444666919
nomao,CatBoost,3447,0.00014470361669024728,0.003625955038653568,0.003625955038653568,0.00021561144145237137,0.00021561144145237137,0.00034320190044078,0.00034320190044078,0.0,-7.446746420225947e-05,0.0001862711139643838,0.00016144862589696397,0.0012791215640050506,0.0012791215640050506,0.0038350458381610055,0.0038350458381610055,0.0028735446305044243,0.0028735446305044243,0.0026625706775568266,0.0026625706775568266,0.0012791215640050506,0.0012791215640050506,0.0038350458381610055,0.0038350458381610055,0.0028735446305044243,0.0028735446305044243,0.0026625706775568266,0.0026625706775568266,3.2124936666671906
nomao,ExtraTrees,3447,0.0017768789407561548,0.022720582999909377,0.022720582999909377,0.001994697349725991,0.001994697349725991,0.001578213482788195,0.001578213482788195,0.0014560311529450433,0.0014560311529450433,0.0016763139951530765,0.0016763139951530765,0.024408032163228673,0.024408032163228673,0.023165681606500666,0.023165681606500666,0.020247201266808505,0.020247201266808505,0.022606971678845945,0.022606971678845945,0.024408032163228673,0.024408032163228673,0.023165681606500666,0.023165681606500666,0.020247201266808505,0.020247201266808505,0.022606971678845945,0.022606971678845945,3.2148963749993222
nomao,LightGBM,3447,2.7357595544002276e-05,0.002103834546971972,0.002103834546971972,0.0003554714864716772,0.0003554714864716772,0.00030219546010006726,0.00030219546010006726,0.0,-7.418271741258889e-05,0.00021922231552391484,0.00019449474305305187,0.00631953866260223,0.00631953866260223,0.007913126569669342,0.007913126569669342,0.0027200239868341047,0.0027200239868341047,0.005650896406368559,0.005650896406368559,0.00631953866260223,0.00631953866260223,0.007913126569669342,0.007913126569669342,0.0027200239868341047,0.0027200239868341047,0.005650896406368559,0.005650896406368559,3.2877010556670334
nomao,LinearModel,3447,7.56566533120852e-05,0.004612081453781588,0.004612081453781588,0.0,-1.211670021081915e-05,0.00011980624302886468,0.00011980624302886468,2.5631624639194826e-05,2.5631624639194826e-05,4.84792892226865e-05,4.444038915241345e-05,0.0009753120485376262,0.0009753120485376262,0.004365576373783407,0.004365576373783407,0.002620290713621817,0.002620290713621817,0.0026537263786476166,0.0026537263786476166,0.0009753120485376262,0.0009753120485376262,0.004365576373783407,0.004365576373783407,0.002620290713621817,0.002620290713621817,0.0026537263786476166,0.0026537263786476166,3.264253749999625
nomao,NeuralNetFastAI,3447,8.557584359431473e-05,0.004501180151485815,0.004501180151485815,0.0001608822225979892,0.0001608822225979892,0.0,-5.971537166300649e-06,0.0,-9.402158711394652e-05,5.3627407532663066e-05,2.0296366105914004e-05,0.00891105649131693,0.00891105649131693,0.00588833120730381,0.00588833120730381,0.004295811904642378,0.004295811904642378,0.006365066534421039,0.006365066534421039,0.00891105649131693,0.00891105649131693,0.00588833120730381,0.00588833120730381,0.004295811904642378,0.004295811904642378,0.006365066534421039,0.006365066534421039,3.2911167640001318
nomao,NeuralNetTorch,3447,9.360997247336185e-05,0.00656317371732796,0.00656317371732796,0.0,-3.9518380038255975e-05,0.0,-1.5620027609698822e-05,0.0,-0.00012033572354027421,0.0,-5.849137706274301e-05,0.00605218558345819,0.00605218558345819,0.002261049141658863,0.002261049141658863,0.004666599992369249,0.004666599992369249,0.004326611572495434,0.004326611572495434,0.00605218558345819,0.00605218558345819,0.002261049141658863,0.002261049141658863,0.004666599992369249,0.004666599992369249,0.004326611572495434,0.004326611572495434,3.1840004303327682
nomao,RandomForest,3447,0.00211467999050397,0.025183486880836287,0.025183486880836287,0.0022219693723722345,0.0022219693723722345,0.00136599228383984,0.00136599228383984,0.0014642091966963475,0.0014642091966963475,0.001684056950969474,0.001684056950969474,0.028195494863177368,0.028195494863177368,0.022602224843006464,0.022602224843006464,0.01848076660999845,0.01848076660999845,0.02309282877206076,0.02309282877206076,0.028195494863177368,0.028195494863177368,0.022602224843006464,0.022602224843006464,0.01848076660999845,0.01848076660999845,0.02309282877206076,0.02309282877206076,3.1598067083335386
nomao,XGBoost,3447,9.556992200958155e-06,0.0014441128888325516,0.0014441128888325516,3.154136140702444e-05,3.154136140702444e-05,0.0,-1.548258294772803e-05,0.0,-6.741186494723061e-05,1.0513787135674814e-05,-1.711769549597807e-05,0.0013471412203686444,0.0013471412203686444,0.0037992258219715076,0.0037992258219715076,0.0,-0.003482147685588007,0.0017154556807800507,0.0005547397855840483,0.0013471412203686444,0.0013471412203686444,0.0037992258219715076,0.0037992258219715076,0.0,-0.003482147685588007,0.0017154556807800507,0.0005547397855840483,3.150504680666927
numerai28_6,CatBoost,9632,0.00035483117713662227,0.011971280148927357,0.011971280148927357,0.0,-4.2098751243507014e-05,0.00018368925391350433,0.00018368925391350433,1.6753083380943558e-05,1.6753083380943558e-05,6.681411243148262e-05,5.2781195350313625e-05,0.0,-0.004070535500184246,0.014360553043526273,0.014360553043526273,0.0018818951908041077,0.0018818951908041077,0.00541414941144346,0.0040573042447153785,0.0,-0.004070535500184246,0.014360553043526273,0.014360553043526273,0.0018818951908041077,0.0018818951908041077,0.00541414941144346,0.0040573042447153785,3.2043431249997716
numerai28_6,ExtraTrees,9632,0.0001826482708778305,0.01051235737656537,0.01051235737656537,4.225738256800721e-05,4.225738256800721e-05,0.0,-5.8420168605014824e-05,0.00014842621622666733,0.00014842621622666733,6.356119959822485e-05,4.4087810063219906e-05,0.01104982126739334,0.01104982126739334,0.009753476908783185,0.009753476908783185,0.0,-0.007671319121538207,0.006934432725392174,0.0043773263515461056,0.01104982126739334,0.01104982126739334,0.009753476908783185,0.009753476908783185,0.0,-0.007671319121538207,0.006934432725392174,0.0043773263515461056,3.268955208333258
numerai28_6,LightGBM,9632,0.0002515680942445501,0.011848843371823578,0.011848843371823578,6.676469223721174e-06,6.676469223721174e-06,0.0002865055742393859,0.0002865055742393859,0.0,-0.00012760332960383617,9.77273478210357e-05,5.5192904619756974e-05,0.009732732069725017,0.009732732069725017,0.006474409459709527,0.006474409459709527,0.012150329543877876,0.012150329543877876,0.009452490357770807,0.009452490357770807,0.009732732069725017,0.009732732069725017,0.006474409459709527,0.006474409459709527,0.012150329543877876,0.012150329543877876,0.009452490357770807,0.009452490357770807,3.317346333333262
numerai28_6,LinearModel,9632,0.0002761142419707706,0.01254462680633975,0.01254462680633975,0.0,-0.00010062985735424306,2.438341258158126e-05,2.438341258158126e-05,0.0,-0.0001709504436918111,8.12780419386042e-06,-8.239896282149097e-05,0.0,-0.0006338939120207118,0.003589770753567797,0.003589770753567797,0.0,-0.01152551143841688,0.0011965902511892658,-0.002856544865623265,0.0,-0.0006338939120207118,0.003589770753567797,0.003589770753567797,0.0,-0.01152551143841688,0.0011965902511892658,-0.002856544865623265,3.351841666666587
numerai28_6,NeuralNetFastAI,9632,0.0002771364253259482,0.013133332572654633,0.013133332572654633,0.0,-0.00016061349948558125,7.667032807019926e-05,7.667032807019926e-05,0.00011837027099626444,0.00011837027099626444,6.501353302215457e-05,1.147569986029415e-05,0.0,-0.005459271343517739,0.0069858934451822825,0.0069858934451822825,0.009981975080043176,0.009981975080043176,0.0056559561750751525,0.0038361990605692395,0.0,-0.005459271343517739,0.0069858934451822825,0.0069858934451822825,0.009981975080043176,0.009981975080043176,0.0056559561750751525,0.0038361990605692395,3.347340930333303
numerai28_6,NeuralNetTorch,9632,0.0002644595391366567,0.012526102667284567,0.012526102667284567,0.0,-2.3911100943230133e-06,2.1516427570664088e-05,2.1516427570664088e-05,0.00015619940395020506,0.00015619940395020506,5.923861050695638e-05,5.8441573808848715e-05,0.005034044505626062,0.005034044505626062,0.007909118569149725,0.007909118569149725,0.02199467757648705,0.02199467757648705,0.011645946883754277,0.011645946883754277,0.005034044505626062,0.005034044505626062,0.007909118569149725,0.007909118569149725,0.02199467757648705,0.02199467757648705,0.011645946883754277,0.011645946883754277,3.3034845556661216
numerai28_6,RandomForest,9632,0.00012645464047984857,0.0071427804631400745,0.0071427804631400745,0.0,-7.695689046740939e-05,5.0696919737726216e-05,5.0696919737726216e-05,7.322175963804096e-05,7.322175963804096e-05,4.130622645858906e-05,1.5653929636119262e-05,0.0019767692473491166,0.0019767692473491166,0.0,-0.007688827314522377,0.005020941842805309,0.005020941842805309,0.0023325703633848087,-0.0002303720747893172,0.0019767692473491166,0.0019767692473491166,0.0,-0.007688827314522377,0.005020941842805309,0.005020941842805309,0.0023325703633848087,-0.0002303720747893172,3.313031611000042
numerai28_6,XGBoost,9632,0.0003256287364334502,0.01252303114377482,0.01252303114377482,0.0,-3.455937570534131e-05,0.00033421916726155375,0.00033421916726155375,0.0,-8.514812795887472e-05,0.00011140638908718459,7.150388786577923e-05,0.0035383452218879894,0.0035383452218879894,0.02216728802993151,0.02216728802993151,0.0,-0.0025412153137037126,0.008568544417273167,0.007721472646038595,0.0035383452218879894,0.0035383452218879894,0.02216728802993151,0.02216728802993151,0.0,-0.0025412153137037126,0.008568544417273167,0.007721472646038595,3.243716527666644
